2024-12-22 02:28:23,685 INFO {
    "attn_type": "kep_svgp",
    "backbone": null,
    "batch_size": 128,
    "beta1": 0.9,
    "beta2": 0.999,
    "concate": true,
    "corruption_dir": "./data",
    "dataset": "cifar10",
    "depth": 7,
    "eta_kl": 1.0,
    "eta_ksvd": 10.0,
    "gpu": "1",
    "hdim": 384,
    "ksvd_layers": 7,
    "low_rank": 10,
    "lr": 0.001,
    "min_lr": 1e-05,
    "model": "vit_cifar",
    "nb_cls": 10,
    "nb_epochs": 300,
    "nb_run": 1,
    "nb_worker": 4,
    "num_heads": 12,
    "pretrained_dir": null,
    "rank_multi": 10,
    "save_dir": "../experiments/CIFAR10_out/vit_out_cat",
    "seed": 0,
    "subcommand": "Cifar10",
    "test_dir": "../data/CIFAR10/test",
    "train_dir": "../data/CIFAR10/train",
    "val_dir": "../data/CIFAR10/val",
    "wandb_key": "6cf7b84d1bd52c9eb1e5eade43f583a8059231f2",
    "warmup_epoch": 5,
    "weight_decay": 5e-05
}
2024-12-22 02:28:23,835 INFO ####################################################################################################
1 / 1 Running
2024-12-22 02:28:26,552 INFO Using vit_cifar ...
2024-12-22 02:28:26,554 INFO ####### --- Training Epoch 0 --- #######
2024-12-22 02:29:54,732 INFO {
    "attn_type": "kep_svgp",
    "backbone": null,
    "batch_size": 128,
    "beta1": 0.9,
    "beta2": 0.999,
    "concate": true,
    "corruption_dir": "./data",
    "dataset": "cifar10",
    "depth": 7,
    "eta_kl": 1.0,
    "eta_ksvd": 10.0,
    "gpu": "1",
    "hdim": 384,
    "ksvd_layers": 7,
    "low_rank": 10,
    "lr": 0.001,
    "min_lr": 1e-05,
    "model": "vit_cifar",
    "nb_cls": 10,
    "nb_epochs": 300,
    "nb_run": 1,
    "nb_worker": 4,
    "num_heads": 12,
    "pretrained_dir": null,
    "rank_multi": 10,
    "save_dir": "../experiments/CIFAR10_out/vit_out_cat",
    "seed": 0,
    "subcommand": "Cifar10",
    "test_dir": "../data/CIFAR10/test",
    "train_dir": "../data/CIFAR10/train",
    "val_dir": "../data/CIFAR10/val",
    "wandb_key": "6cf7b84d1bd52c9eb1e5eade43f583a8059231f2",
    "warmup_epoch": 5,
    "weight_decay": 5e-05
}
2024-12-22 02:29:54,884 INFO ####################################################################################################
1 / 1 Running
2024-12-22 02:29:57,652 INFO Using vit_cifar ...
2024-12-22 02:29:57,655 INFO ####### --- Training Epoch 0 --- #######
2024-12-22 02:30:30,556 INFO {
    "attn_type": "kep_svgp",
    "backbone": null,
    "batch_size": 128,
    "beta1": 0.9,
    "beta2": 0.999,
    "concate": true,
    "corruption_dir": "./data",
    "dataset": "cifar10",
    "depth": 7,
    "eta_kl": 1.0,
    "eta_ksvd": 10.0,
    "gpu": "1",
    "hdim": 384,
    "ksvd_layers": 7,
    "low_rank": 10,
    "lr": 0.001,
    "min_lr": 1e-05,
    "model": "vit_cifar",
    "nb_cls": 10,
    "nb_epochs": 300,
    "nb_run": 1,
    "nb_worker": 4,
    "num_heads": 12,
    "pretrained_dir": null,
    "rank_multi": 10,
    "save_dir": "../experiments/CIFAR10_out/vit_out_cat",
    "seed": 0,
    "subcommand": "Cifar10",
    "test_dir": "../data/CIFAR10/test",
    "train_dir": "../data/CIFAR10/train",
    "val_dir": "../data/CIFAR10/val",
    "wandb_key": "6cf7b84d1bd52c9eb1e5eade43f583a8059231f2",
    "warmup_epoch": 5,
    "weight_decay": 5e-05
}
2024-12-22 02:30:30,709 INFO ####################################################################################################
1 / 1 Running
2024-12-22 02:30:33,462 INFO Using vit_cifar ...
2024-12-22 02:30:33,465 INFO ####### --- Training Epoch 0 --- #######
2024-12-22 02:31:07,255 INFO {
    "attn_type": "kep_svgp",
    "backbone": null,
    "batch_size": 128,
    "beta1": 0.9,
    "beta2": 0.999,
    "concate": true,
    "corruption_dir": "./data",
    "dataset": "cifar10",
    "depth": 7,
    "eta_kl": 1.0,
    "eta_ksvd": 10.0,
    "gpu": "1",
    "hdim": 384,
    "ksvd_layers": 7,
    "low_rank": 10,
    "lr": 0.001,
    "min_lr": 1e-05,
    "model": "vit_cifar",
    "nb_cls": 10,
    "nb_epochs": 300,
    "nb_run": 1,
    "nb_worker": 4,
    "num_heads": 12,
    "pretrained_dir": null,
    "rank_multi": 10,
    "save_dir": "../experiments/CIFAR10_out/vit_out_cat",
    "seed": 0,
    "subcommand": "Cifar10",
    "test_dir": "../data/CIFAR10/test",
    "train_dir": "../data/CIFAR10/train",
    "val_dir": "../data/CIFAR10/val",
    "wandb_key": "6cf7b84d1bd52c9eb1e5eade43f583a8059231f2",
    "warmup_epoch": 5,
    "weight_decay": 5e-05
}
2024-12-22 02:31:07,411 INFO ####################################################################################################
1 / 1 Running
2024-12-22 02:31:10,149 INFO Using vit_cifar ...
2024-12-22 02:31:10,152 INFO ####### --- Training Epoch 0 --- #######
2024-12-22 02:31:22,172 INFO Epoch 0 	 Batch 99	LR : 0.00000	Top1 Acc.: 9.13	CE Loss: 2.46	KSVD Loss: 69.15	KL Loss: 664874.94	Tot. Loss: 665568.94
2024-12-22 02:31:33,969 INFO Epoch 0 	 Batch 199	LR : 0.00000	Top1 Acc.: 9.75	CE Loss: 2.46	KSVD Loss: 69.12	KL Loss: 664874.94	Tot. Loss: 665568.64
2024-12-22 02:31:45,816 INFO Epoch 0 	 Batch 299	LR : 0.00000	Top1 Acc.: 9.35	CE Loss: 2.47	KSVD Loss: 69.12	KL Loss: 664874.94	Tot. Loss: 665568.57
2024-12-22 02:32:06,270 INFO ################## 
 ---> Validation Epoch 0	Acc.: 8.520	FPR: 97.027	AUROC: 43.955	AUPR: 90.113	AURC: 929.238	EAURC: 224.265	AUPR Succ.: 7.258	ECE: 5.559	NLL: 23.476	Brier: 90.921
2024-12-22 02:32:06,271 INFO Accuracy improved from 0.00 to 8.52!!!
2024-12-22 02:32:06,298 INFO AUROC improved from 0.00 to 43.95!!!
2024-12-22 02:32:06,323 INFO AURC decreased from 1000000.00 to 929.24!!!
2024-12-22 02:32:06,350 INFO ####### --- Training Epoch 1 --- #######
2024-12-22 02:32:18,699 INFO Epoch 1 	 Batch 99	LR : 0.00020	Top1 Acc.: 12.64	CE Loss: 2.34	KSVD Loss: 12.59	KL Loss: 628438.11	Tot. Loss: 628566.40
2024-12-22 02:32:30,760 INFO Epoch 1 	 Batch 199	LR : 0.00020	Top1 Acc.: 15.73	CE Loss: 2.25	KSVD Loss: 0.89	KL Loss: 563745.58	Tot. Loss: 563756.73
2024-12-22 02:32:42,909 INFO Epoch 1 	 Batch 299	LR : 0.00020	Top1 Acc.: 16.73	CE Loss: 2.23	KSVD Loss: 0.31	KL Loss: 509595.75	Tot. Loss: 509601.05
2024-12-22 02:33:04,292 INFO ################## 
 ---> Validation Epoch 1	Acc.: 17.460	FPR: 90.114	AUROC: 60.277	AUPR: 86.989	AURC: 762.258	EAURC: 241.580	AUPR Succ.: 26.396	ECE: 1.136	NLL: 22.148	Brier: 88.043
2024-12-22 02:33:04,293 INFO Accuracy improved from 8.52 to 17.46!!!
2024-12-22 02:33:04,358 INFO AUROC improved from 43.95 to 60.28!!!
2024-12-22 02:33:04,403 INFO AURC decreased from 929.24 to 762.26!!!
2024-12-22 02:33:04,588 INFO ####### --- Training Epoch 2 --- #######
2024-12-22 02:33:17,276 INFO Epoch 2 	 Batch 99	LR : 0.00040	Top1 Acc.: 17.63	CE Loss: 2.21	KSVD Loss: 0.08	KL Loss: 423844.20	Tot. Loss: 423847.17
2024-12-22 02:33:29,440 INFO Epoch 2 	 Batch 199	LR : 0.00040	Top1 Acc.: 18.62	CE Loss: 2.18	KSVD Loss: 0.02	KL Loss: 359129.88	Tot. Loss: 359132.28
2024-12-22 02:33:41,500 INFO Epoch 2 	 Batch 299	LR : 0.00040	Top1 Acc.: 19.54	CE Loss: 2.14	KSVD Loss: 0.01	KL Loss: 309221.17	Tot. Loss: 309223.39
2024-12-22 02:34:02,530 INFO ################## 
 ---> Validation Epoch 2	Acc.: 16.960	FPR: 92.486	AUROC: 63.054	AUPR: 87.263	AURC: 751.500	EAURC: 222.024	AUPR Succ.: 28.806	ECE: 7.073	NLL: 22.242	Brier: 88.250
2024-12-22 02:34:02,531 INFO AUROC improved from 60.28 to 63.05!!!
2024-12-22 02:34:02,568 INFO AURC decreased from 762.26 to 751.50!!!
2024-12-22 02:34:02,647 INFO ####### --- Training Epoch 3 --- #######
2024-12-22 02:34:15,293 INFO Epoch 3 	 Batch 99	LR : 0.00060	Top1 Acc.: 19.38	CE Loss: 2.14	KSVD Loss: 0.00	KL Loss: 244831.97	Tot. Loss: 244834.12
2024-12-22 02:34:27,659 INFO Epoch 3 	 Batch 199	LR : 0.00060	Top1 Acc.: 20.66	CE Loss: 2.12	KSVD Loss: 0.00	KL Loss: 205126.37	Tot. Loss: 205128.51
2024-12-22 02:34:40,087 INFO Epoch 3 	 Batch 299	LR : 0.00060	Top1 Acc.: 21.06	CE Loss: 2.11	KSVD Loss: 0.00	KL Loss: 174871.51	Tot. Loss: 174873.64
2024-12-22 02:35:01,395 INFO ################## 
 ---> Validation Epoch 3	Acc.: 21.960	FPR: 92.055	AUROC: 61.493	AUPR: 83.164	AURC: 697.312	EAURC: 249.815	AUPR Succ.: 33.695	ECE: 2.830	NLL: 20.967	Brier: 85.483
2024-12-22 02:35:01,396 INFO Accuracy improved from 17.46 to 21.96!!!
2024-12-22 02:35:01,427 INFO AURC decreased from 751.50 to 697.31!!!
2024-12-22 02:35:01,514 INFO ####### --- Training Epoch 4 --- #######
2024-12-22 02:35:14,342 INFO Epoch 4 	 Batch 99	LR : 0.00080	Top1 Acc.: 21.95	CE Loss: 2.09	KSVD Loss: 0.00	KL Loss: 137879.33	Tot. Loss: 137881.43
2024-12-22 02:35:26,859 INFO Epoch 4 	 Batch 199	LR : 0.00080	Top1 Acc.: 22.82	CE Loss: 2.06	KSVD Loss: 0.00	KL Loss: 116448.42	Tot. Loss: 116450.48
2024-12-22 02:35:39,190 INFO Epoch 4 	 Batch 299	LR : 0.00080	Top1 Acc.: 23.16	CE Loss: 2.05	KSVD Loss: 0.00	KL Loss: 99841.26	Tot. Loss: 99843.31
2024-12-22 02:36:00,537 INFO ################## 
 ---> Validation Epoch 4	Acc.: 27.160	FPR: 93.767	AUROC: 59.184	AUPR: 77.409	AURC: 656.809	EAURC: 282.419	AUPR Succ.: 36.148	ECE: 3.531	NLL: 19.873	Brier: 83.123
2024-12-22 02:36:00,538 INFO Accuracy improved from 21.96 to 27.16!!!
2024-12-22 02:36:00,569 INFO AURC decreased from 697.31 to 656.81!!!
2024-12-22 02:36:00,599 INFO ####### --- Training Epoch 5 --- #######
2024-12-22 02:36:13,394 INFO Epoch 5 	 Batch 99	LR : 0.00100	Top1 Acc.: 24.59	CE Loss: 2.02	KSVD Loss: 0.00	KL Loss: 79630.10	Tot. Loss: 79632.13
2024-12-22 02:36:25,819 INFO Epoch 5 	 Batch 199	LR : 0.00100	Top1 Acc.: 26.25	CE Loss: 1.98	KSVD Loss: 0.00	KL Loss: 68093.91	Tot. Loss: 68095.90
2024-12-22 02:36:38,220 INFO Epoch 5 	 Batch 299	LR : 0.00100	Top1 Acc.: 27.94	CE Loss: 1.94	KSVD Loss: 0.00	KL Loss: 58940.88	Tot. Loss: 58942.83
2024-12-22 02:36:59,489 INFO ################## 
 ---> Validation Epoch 5	Acc.: 32.720	FPR: 91.260	AUROC: 63.985	AUPR: 75.985	AURC: 565.015	EAURC: 257.757	AUPR Succ.: 46.416	ECE: 3.497	NLL: 18.386	Brier: 79.125
2024-12-22 02:36:59,490 INFO Accuracy improved from 27.16 to 32.72!!!
2024-12-22 02:36:59,521 INFO AUROC improved from 63.05 to 63.99!!!
2024-12-22 02:36:59,609 INFO AURC decreased from 656.81 to 565.01!!!
2024-12-22 02:36:59,653 INFO ####### --- Training Epoch 6 --- #######
2024-12-22 02:37:12,370 INFO Epoch 6 	 Batch 99	LR : 0.00100	Top1 Acc.: 30.41	CE Loss: 1.87	KSVD Loss: 0.00	KL Loss: 48256.17	Tot. Loss: 48258.04
2024-12-22 02:37:24,803 INFO Epoch 6 	 Batch 199	LR : 0.00100	Top1 Acc.: 32.73	CE Loss: 1.83	KSVD Loss: 0.00	KL Loss: 42672.97	Tot. Loss: 42674.81
2024-12-22 02:37:37,227 INFO Epoch 6 	 Batch 299	LR : 0.00100	Top1 Acc.: 33.09	CE Loss: 1.80	KSVD Loss: 0.00	KL Loss: 37969.04	Tot. Loss: 37970.85
2024-12-22 02:37:58,500 INFO ################## 
 ---> Validation Epoch 6	Acc.: 38.820	FPR: 85.551	AUROC: 66.152	AUPR: 73.614	AURC: 479.185	EAURC: 234.714	AUPR Succ.: 55.696	ECE: 4.963	NLL: 16.787	Brier: 74.527
2024-12-22 02:37:58,501 INFO Accuracy improved from 32.72 to 38.82!!!
2024-12-22 02:37:58,561 INFO AUROC improved from 63.99 to 66.15!!!
2024-12-22 02:37:58,687 INFO AURC decreased from 565.01 to 479.19!!!
2024-12-22 02:37:58,733 INFO ####### --- Training Epoch 7 --- #######
2024-12-22 02:38:11,257 INFO Epoch 7 	 Batch 99	LR : 0.00100	Top1 Acc.: 35.15	CE Loss: 1.76	KSVD Loss: 0.00	KL Loss: 32140.82	Tot. Loss: 32142.58
2024-12-22 02:38:23,465 INFO Epoch 7 	 Batch 199	LR : 0.00100	Top1 Acc.: 37.16	CE Loss: 1.72	KSVD Loss: 0.00	KL Loss: 28938.84	Tot. Loss: 28940.57
2024-12-22 02:38:35,664 INFO Epoch 7 	 Batch 299	LR : 0.00100	Top1 Acc.: 37.55	CE Loss: 1.70	KSVD Loss: 0.00	KL Loss: 26151.69	Tot. Loss: 26153.39
2024-12-22 02:38:56,891 INFO ################## 
 ---> Validation Epoch 7	Acc.: 42.340	FPR: 85.571	AUROC: 67.307	AUPR: 71.458	AURC: 424.183	EAURC: 211.469	AUPR Succ.: 62.177	ECE: 2.078	NLL: 15.678	Brier: 70.751
2024-12-22 02:38:56,892 INFO Accuracy improved from 38.82 to 42.34!!!
2024-12-22 02:38:56,923 INFO AUROC improved from 66.15 to 67.31!!!
2024-12-22 02:38:57,028 INFO AURC decreased from 479.19 to 424.18!!!
2024-12-22 02:38:57,075 INFO ####### --- Training Epoch 8 --- #######
2024-12-22 02:39:09,753 INFO Epoch 8 	 Batch 99	LR : 0.00100	Top1 Acc.: 39.52	CE Loss: 1.65	KSVD Loss: 0.00	KL Loss: 22578.32	Tot. Loss: 22579.97
2024-12-22 02:39:22,058 INFO Epoch 8 	 Batch 199	LR : 0.00100	Top1 Acc.: 41.17	CE Loss: 1.62	KSVD Loss: 0.00	KL Loss: 20555.63	Tot. Loss: 20557.26
2024-12-22 02:39:34,419 INFO Epoch 8 	 Batch 299	LR : 0.00100	Top1 Acc.: 42.01	CE Loss: 1.58	KSVD Loss: 0.00	KL Loss: 18758.94	Tot. Loss: 18760.53
2024-12-22 02:39:55,669 INFO ################## 
 ---> Validation Epoch 8	Acc.: 45.300	FPR: 84.168	AUROC: 69.943	AUPR: 71.056	AURC: 373.896	EAURC: 185.610	AUPR Succ.: 67.930	ECE: 3.457	NLL: 14.880	Brier: 67.842
2024-12-22 02:39:55,670 INFO Accuracy improved from 42.34 to 45.30!!!
2024-12-22 02:39:55,702 INFO AUROC improved from 67.31 to 69.94!!!
2024-12-22 02:39:55,732 INFO AURC decreased from 424.18 to 373.90!!!
2024-12-22 02:39:55,763 INFO ####### --- Training Epoch 9 --- #######
2024-12-22 02:40:08,419 INFO Epoch 9 	 Batch 99	LR : 0.00100	Top1 Acc.: 43.32	CE Loss: 1.54	KSVD Loss: 0.00	KL Loss: 16404.32	Tot. Loss: 16405.87
2024-12-22 02:40:20,742 INFO Epoch 9 	 Batch 199	LR : 0.00100	Top1 Acc.: 42.85	CE Loss: 1.56	KSVD Loss: 0.00	KL Loss: 15045.07	Tot. Loss: 15046.63
2024-12-22 02:40:33,030 INFO Epoch 9 	 Batch 299	LR : 0.00100	Top1 Acc.: 44.10	CE Loss: 1.53	KSVD Loss: 0.00	KL Loss: 13821.04	Tot. Loss: 13822.57
2024-12-22 02:40:54,312 INFO ################## 
 ---> Validation Epoch 9	Acc.: 46.600	FPR: 86.404	AUROC: 68.805	AUPR: 68.369	AURC: 369.175	EAURC: 190.999	AUPR Succ.: 67.797	ECE: 2.671	NLL: 14.489	Brier: 66.774
2024-12-22 02:40:54,312 INFO Accuracy improved from 45.30 to 46.60!!!
2024-12-22 02:40:54,343 INFO AURC decreased from 373.90 to 369.18!!!
2024-12-22 02:40:54,374 INFO ####### --- Training Epoch 10 --- #######
2024-12-22 02:41:07,068 INFO Epoch 10 	 Batch 99	LR : 0.00100	Top1 Acc.: 45.30	CE Loss: 1.50	KSVD Loss: 0.00	KL Loss: 12192.40	Tot. Loss: 12193.91
2024-12-22 02:41:19,406 INFO Epoch 10 	 Batch 199	LR : 0.00100	Top1 Acc.: 44.59	CE Loss: 1.50	KSVD Loss: 0.00	KL Loss: 11239.19	Tot. Loss: 11240.70
2024-12-22 02:41:31,840 INFO Epoch 10 	 Batch 299	LR : 0.00100	Top1 Acc.: 45.93	CE Loss: 1.48	KSVD Loss: 0.00	KL Loss: 10372.36	Tot. Loss: 10373.84
2024-12-22 02:41:53,074 INFO ################## 
 ---> Validation Epoch 10	Acc.: 49.180	FPR: 85.281	AUROC: 70.897	AUPR: 68.074	AURC: 330.357	EAURC: 171.179	AUPR Succ.: 71.919	ECE: 2.795	NLL: 13.938	Brier: 64.032
2024-12-22 02:41:53,074 INFO Accuracy improved from 46.60 to 49.18!!!
2024-12-22 02:41:53,105 INFO AUROC improved from 69.94 to 70.90!!!
2024-12-22 02:41:53,135 INFO AURC decreased from 369.18 to 330.36!!!
2024-12-22 02:41:53,215 INFO ####### --- Training Epoch 11 --- #######
2024-12-22 02:42:05,858 INFO Epoch 11 	 Batch 99	LR : 0.00100	Top1 Acc.: 46.20	CE Loss: 1.48	KSVD Loss: 0.00	KL Loss: 9206.24	Tot. Loss: 9207.72
2024-12-22 02:42:18,221 INFO Epoch 11 	 Batch 199	LR : 0.00100	Top1 Acc.: 46.88	CE Loss: 1.45	KSVD Loss: 0.00	KL Loss: 8516.82	Tot. Loss: 8518.27
2024-12-22 02:42:30,566 INFO Epoch 11 	 Batch 299	LR : 0.00100	Top1 Acc.: 47.90	CE Loss: 1.44	KSVD Loss: 0.00	KL Loss: 7885.30	Tot. Loss: 7886.74
2024-12-22 02:42:51,840 INFO ################## 
 ---> Validation Epoch 11	Acc.: 50.040	FPR: 83.147	AUROC: 72.571	AUPR: 69.013	AURC: 309.498	EAURC: 156.349	AUPR Succ.: 74.529	ECE: 2.881	NLL: 13.427	Brier: 62.451
2024-12-22 02:42:51,841 INFO Accuracy improved from 49.18 to 50.04!!!
2024-12-22 02:42:51,872 INFO AUROC improved from 70.90 to 72.57!!!
2024-12-22 02:42:51,902 INFO AURC decreased from 330.36 to 309.50!!!
2024-12-22 02:42:51,933 INFO ####### --- Training Epoch 12 --- #######
2024-12-22 02:43:04,665 INFO Epoch 12 	 Batch 99	LR : 0.00100	Top1 Acc.: 47.70	CE Loss: 1.44	KSVD Loss: 0.00	KL Loss: 7028.74	Tot. Loss: 7030.18
2024-12-22 02:43:17,082 INFO Epoch 12 	 Batch 199	LR : 0.00100	Top1 Acc.: 48.41	CE Loss: 1.41	KSVD Loss: 0.00	KL Loss: 6518.47	Tot. Loss: 6519.88
2024-12-22 02:43:29,399 INFO Epoch 12 	 Batch 299	LR : 0.00100	Top1 Acc.: 48.30	CE Loss: 1.43	KSVD Loss: 0.00	KL Loss: 6048.49	Tot. Loss: 6049.93
2024-12-22 02:43:50,650 INFO ################## 
 ---> Validation Epoch 12	Acc.: 51.260	FPR: 84.284	AUROC: 70.581	AUPR: 66.205	AURC: 313.385	EAURC: 168.535	AUPR Succ.: 73.178	ECE: 2.851	NLL: 13.248	Brier: 62.268
2024-12-22 02:43:50,650 INFO Accuracy improved from 50.04 to 51.26!!!
2024-12-22 02:43:50,682 INFO ####### --- Training Epoch 13 --- #######
2024-12-22 02:44:03,392 INFO Epoch 13 	 Batch 99	LR : 0.00100	Top1 Acc.: 49.09	CE Loss: 1.39	KSVD Loss: 0.00	KL Loss: 5407.04	Tot. Loss: 5408.43
2024-12-22 02:44:15,804 INFO Epoch 13 	 Batch 199	LR : 0.00100	Top1 Acc.: 49.70	CE Loss: 1.39	KSVD Loss: 0.00	KL Loss: 5022.73	Tot. Loss: 5024.11
2024-12-22 02:44:28,216 INFO Epoch 13 	 Batch 299	LR : 0.00100	Top1 Acc.: 50.25	CE Loss: 1.37	KSVD Loss: 0.00	KL Loss: 4667.27	Tot. Loss: 4668.64
2024-12-22 02:44:49,497 INFO ################## 
 ---> Validation Epoch 13	Acc.: 53.700	FPR: 81.685	AUROC: 73.987	AUPR: 67.442	AURC: 267.626	EAURC: 138.509	AUPR Succ.: 78.454	ECE: 2.686	NLL: 12.676	Brier: 59.109
2024-12-22 02:44:49,498 INFO Accuracy improved from 51.26 to 53.70!!!
2024-12-22 02:44:49,529 INFO AUROC improved from 72.57 to 73.99!!!
2024-12-22 02:44:49,559 INFO AURC decreased from 309.50 to 267.63!!!
2024-12-22 02:44:49,589 INFO ####### --- Training Epoch 14 --- #######
2024-12-22 02:45:02,242 INFO Epoch 14 	 Batch 99	LR : 0.00100	Top1 Acc.: 51.20	CE Loss: 1.35	KSVD Loss: 0.00	KL Loss: 4179.84	Tot. Loss: 4181.19
2024-12-22 02:45:14,623 INFO Epoch 14 	 Batch 199	LR : 0.00100	Top1 Acc.: 50.81	CE Loss: 1.36	KSVD Loss: 0.00	KL Loss: 3886.54	Tot. Loss: 3887.90
2024-12-22 02:45:27,008 INFO Epoch 14 	 Batch 299	LR : 0.00100	Top1 Acc.: 50.87	CE Loss: 1.35	KSVD Loss: 0.00	KL Loss: 3614.43	Tot. Loss: 3615.78
2024-12-22 02:45:48,149 INFO ################## 
 ---> Validation Epoch 14	Acc.: 55.960	FPR: 84.877	AUROC: 73.202	AUPR: 63.791	AURC: 251.684	EAURC: 136.150	AUPR Succ.: 79.531	ECE: 1.984	NLL: 12.200	Brier: 57.408
2024-12-22 02:45:48,150 INFO Accuracy improved from 53.70 to 55.96!!!
2024-12-22 02:45:48,181 INFO AURC decreased from 267.63 to 251.68!!!
2024-12-22 02:45:48,211 INFO ####### --- Training Epoch 15 --- #######
2024-12-22 02:46:00,949 INFO Epoch 15 	 Batch 99	LR : 0.00100	Top1 Acc.: 51.62	CE Loss: 1.35	KSVD Loss: 0.00	KL Loss: 3240.00	Tot. Loss: 3241.34
2024-12-22 02:46:13,399 INFO Epoch 15 	 Batch 199	LR : 0.00100	Top1 Acc.: 52.29	CE Loss: 1.32	KSVD Loss: 0.00	KL Loss: 3013.99	Tot. Loss: 3015.31
2024-12-22 02:46:25,838 INFO Epoch 15 	 Batch 299	LR : 0.00100	Top1 Acc.: 53.28	CE Loss: 1.30	KSVD Loss: 0.00	KL Loss: 2803.84	Tot. Loss: 2805.14
2024-12-22 02:46:47,106 INFO ################## 
 ---> Validation Epoch 15	Acc.: 57.900	FPR: 81.045	AUROC: 74.713	AUPR: 64.681	AURC: 228.535	EAURC: 123.932	AUPR Succ.: 81.712	ECE: 1.733	NLL: 11.703	Brier: 55.242
2024-12-22 02:46:47,107 INFO Accuracy improved from 55.96 to 57.90!!!
2024-12-22 02:46:47,138 INFO AUROC improved from 73.99 to 74.71!!!
2024-12-22 02:46:47,168 INFO AURC decreased from 251.68 to 228.54!!!
2024-12-22 02:46:47,199 INFO ####### --- Training Epoch 16 --- #######
2024-12-22 02:46:59,942 INFO Epoch 16 	 Batch 99	LR : 0.00100	Top1 Acc.: 53.27	CE Loss: 1.29	KSVD Loss: 0.00	KL Loss: 2513.97	Tot. Loss: 2515.26
2024-12-22 02:47:12,386 INFO Epoch 16 	 Batch 199	LR : 0.00100	Top1 Acc.: 53.29	CE Loss: 1.29	KSVD Loss: 0.00	KL Loss: 2338.63	Tot. Loss: 2339.93
2024-12-22 02:47:24,799 INFO Epoch 16 	 Batch 299	LR : 0.00100	Top1 Acc.: 53.79	CE Loss: 1.27	KSVD Loss: 0.00	KL Loss: 2175.36	Tot. Loss: 2176.63
2024-12-22 02:47:46,055 INFO ################## 
 ---> Validation Epoch 16	Acc.: 57.260	FPR: 82.686	AUROC: 74.214	AUPR: 64.460	AURC: 236.324	EAURC: 128.187	AUPR Succ.: 80.959	ECE: 2.673	NLL: 11.965	Brier: 55.830
2024-12-22 02:47:46,056 INFO ####### --- Training Epoch 17 --- #######
2024-12-22 02:47:58,808 INFO Epoch 17 	 Batch 99	LR : 0.00100	Top1 Acc.: 54.17	CE Loss: 1.27	KSVD Loss: 0.00	KL Loss: 1949.82	Tot. Loss: 1951.08
2024-12-22 02:48:11,257 INFO Epoch 17 	 Batch 199	LR : 0.00100	Top1 Acc.: 54.80	CE Loss: 1.26	KSVD Loss: 0.00	KL Loss: 1813.22	Tot. Loss: 1814.48
2024-12-22 02:48:23,705 INFO Epoch 17 	 Batch 299	LR : 0.00100	Top1 Acc.: 55.43	CE Loss: 1.23	KSVD Loss: 0.00	KL Loss: 1685.93	Tot. Loss: 1687.16
2024-12-22 02:48:44,970 INFO ################## 
 ---> Validation Epoch 17	Acc.: 58.900	FPR: 81.509	AUROC: 76.197	AUPR: 64.829	AURC: 213.491	EAURC: 114.266	AUPR Succ.: 83.245	ECE: 2.343	NLL: 11.219	Brier: 53.089
2024-12-22 02:48:44,970 INFO Accuracy improved from 57.90 to 58.90!!!
2024-12-22 02:48:45,001 INFO AUROC improved from 74.71 to 76.20!!!
2024-12-22 02:48:45,031 INFO AURC decreased from 228.54 to 213.49!!!
2024-12-22 02:48:45,061 INFO ####### --- Training Epoch 18 --- #######
2024-12-22 02:48:57,797 INFO Epoch 18 	 Batch 99	LR : 0.00100	Top1 Acc.: 55.60	CE Loss: 1.24	KSVD Loss: 0.00	KL Loss: 1509.96	Tot. Loss: 1511.19
2024-12-22 02:49:10,223 INFO Epoch 18 	 Batch 199	LR : 0.00100	Top1 Acc.: 55.27	CE Loss: 1.24	KSVD Loss: 0.00	KL Loss: 1403.34	Tot. Loss: 1404.57
2024-12-22 02:49:22,640 INFO Epoch 18 	 Batch 299	LR : 0.00100	Top1 Acc.: 56.18	CE Loss: 1.22	KSVD Loss: 0.00	KL Loss: 1303.96	Tot. Loss: 1305.18
2024-12-22 02:49:43,873 INFO ################## 
 ---> Validation Epoch 18	Acc.: 61.020	FPR: 80.759	AUROC: 75.738	AUPR: 62.655	AURC: 202.014	EAURC: 113.633	AUPR Succ.: 83.748	ECE: 1.372	NLL: 10.967	Brier: 51.825
2024-12-22 02:49:43,873 INFO Accuracy improved from 58.90 to 61.02!!!
2024-12-22 02:49:43,904 INFO AURC decreased from 213.49 to 202.01!!!
2024-12-22 02:49:43,935 INFO ####### --- Training Epoch 19 --- #######
2024-12-22 02:49:56,691 INFO Epoch 19 	 Batch 99	LR : 0.00100	Top1 Acc.: 56.09	CE Loss: 1.23	KSVD Loss: 0.00	KL Loss: 1166.57	Tot. Loss: 1167.80
2024-12-22 02:50:09,145 INFO Epoch 19 	 Batch 199	LR : 0.00100	Top1 Acc.: 56.09	CE Loss: 1.21	KSVD Loss: 0.00	KL Loss: 1083.35	Tot. Loss: 1084.56
2024-12-22 02:50:21,585 INFO Epoch 19 	 Batch 299	LR : 0.00100	Top1 Acc.: 57.27	CE Loss: 1.21	KSVD Loss: 0.00	KL Loss: 1005.79	Tot. Loss: 1007.00
2024-12-22 02:50:42,864 INFO ################## 
 ---> Validation Epoch 19	Acc.: 61.380	FPR: 80.943	AUROC: 76.444	AUPR: 62.437	AURC: 193.065	EAURC: 106.453	AUPR Succ.: 84.865	ECE: 2.630	NLL: 10.673	Brier: 50.808
2024-12-22 02:50:42,865 INFO Accuracy improved from 61.02 to 61.38!!!
2024-12-22 02:50:42,895 INFO AUROC improved from 76.20 to 76.44!!!
2024-12-22 02:50:42,925 INFO AURC decreased from 202.01 to 193.07!!!
2024-12-22 02:50:43,037 INFO ####### --- Training Epoch 20 --- #######
2024-12-22 02:50:55,794 INFO Epoch 20 	 Batch 99	LR : 0.00099	Top1 Acc.: 57.34	CE Loss: 1.18	KSVD Loss: 0.00	KL Loss: 898.64	Tot. Loss: 899.83
2024-12-22 02:51:08,220 INFO Epoch 20 	 Batch 199	LR : 0.00099	Top1 Acc.: 57.88	CE Loss: 1.19	KSVD Loss: 0.00	KL Loss: 833.78	Tot. Loss: 834.97
2024-12-22 02:51:20,648 INFO Epoch 20 	 Batch 299	LR : 0.00099	Top1 Acc.: 56.62	CE Loss: 1.21	KSVD Loss: 0.00	KL Loss: 773.38	Tot. Loss: 774.60
2024-12-22 02:51:41,926 INFO ################## 
 ---> Validation Epoch 20	Acc.: 62.560	FPR: 80.876	AUROC: 77.205	AUPR: 62.428	AURC: 180.908	EAURC: 99.942	AUPR Succ.: 85.955	ECE: 2.049	NLL: 10.495	Brier: 49.711
2024-12-22 02:51:41,927 INFO Accuracy improved from 61.38 to 62.56!!!
2024-12-22 02:51:41,958 INFO AUROC improved from 76.44 to 77.21!!!
2024-12-22 02:51:41,988 INFO AURC decreased from 193.07 to 180.91!!!
2024-12-22 02:51:42,018 INFO ####### --- Training Epoch 21 --- #######
2024-12-22 02:51:54,659 INFO Epoch 21 	 Batch 99	LR : 0.00099	Top1 Acc.: 58.09	CE Loss: 1.17	KSVD Loss: 0.00	KL Loss: 690.02	Tot. Loss: 691.18
2024-12-22 02:52:06,949 INFO Epoch 21 	 Batch 199	LR : 0.00099	Top1 Acc.: 58.08	CE Loss: 1.16	KSVD Loss: 0.00	KL Loss: 639.61	Tot. Loss: 640.77
2024-12-22 02:52:19,272 INFO Epoch 21 	 Batch 299	LR : 0.00099	Top1 Acc.: 58.63	CE Loss: 1.15	KSVD Loss: 0.00	KL Loss: 592.72	Tot. Loss: 593.87
2024-12-22 02:52:40,470 INFO ################## 
 ---> Validation Epoch 21	Acc.: 62.080	FPR: 81.224	AUROC: 76.883	AUPR: 63.022	AURC: 186.455	EAURC: 103.219	AUPR Succ.: 85.413	ECE: 2.045	NLL: 10.370	Brier: 49.791
2024-12-22 02:52:40,471 INFO ####### --- Training Epoch 22 --- #######
2024-12-22 02:52:53,230 INFO Epoch 22 	 Batch 99	LR : 0.00099	Top1 Acc.: 58.75	CE Loss: 1.15	KSVD Loss: 0.00	KL Loss: 528.08	Tot. Loss: 529.23
2024-12-22 02:53:05,650 INFO Epoch 22 	 Batch 199	LR : 0.00099	Top1 Acc.: 58.66	CE Loss: 1.16	KSVD Loss: 0.00	KL Loss: 489.05	Tot. Loss: 490.20
2024-12-22 02:53:18,052 INFO Epoch 22 	 Batch 299	LR : 0.00099	Top1 Acc.: 58.94	CE Loss: 1.15	KSVD Loss: 0.00	KL Loss: 452.78	Tot. Loss: 453.93
2024-12-22 02:53:39,306 INFO ################## 
 ---> Validation Epoch 22	Acc.: 64.380	FPR: 80.348	AUROC: 78.153	AUPR: 61.508	AURC: 162.246	EAURC: 89.554	AUPR Succ.: 87.688	ECE: 2.533	NLL: 9.994	Brier: 47.432
2024-12-22 02:53:39,307 INFO Accuracy improved from 62.56 to 64.38!!!
2024-12-22 02:53:39,338 INFO AUROC improved from 77.21 to 78.15!!!
2024-12-22 02:53:39,405 INFO AURC decreased from 180.91 to 162.25!!!
2024-12-22 02:53:39,451 INFO ####### --- Training Epoch 23 --- #######
2024-12-22 02:53:52,176 INFO Epoch 23 	 Batch 99	LR : 0.00099	Top1 Acc.: 60.12	CE Loss: 1.12	KSVD Loss: 0.00	KL Loss: 402.86	Tot. Loss: 403.99
2024-12-22 02:54:04,520 INFO Epoch 23 	 Batch 199	LR : 0.00099	Top1 Acc.: 59.39	CE Loss: 1.14	KSVD Loss: 0.00	KL Loss: 372.77	Tot. Loss: 373.91
2024-12-22 02:54:16,876 INFO Epoch 23 	 Batch 299	LR : 0.00099	Top1 Acc.: 59.82	CE Loss: 1.13	KSVD Loss: 0.00	KL Loss: 344.84	Tot. Loss: 345.97
2024-12-22 02:54:38,127 INFO ################## 
 ---> Validation Epoch 23	Acc.: 64.220	FPR: 78.591	AUROC: 77.480	AUPR: 61.749	AURC: 169.114	EAURC: 95.715	AUPR Succ.: 86.779	ECE: 2.711	NLL: 10.111	Brier: 47.890
2024-12-22 02:54:38,128 INFO ####### --- Training Epoch 24 --- #######
2024-12-22 02:54:50,806 INFO Epoch 24 	 Batch 99	LR : 0.00099	Top1 Acc.: 59.92	CE Loss: 1.12	KSVD Loss: 0.00	KL Loss: 306.45	Tot. Loss: 307.58
2024-12-22 02:55:03,164 INFO Epoch 24 	 Batch 199	LR : 0.00099	Top1 Acc.: 59.34	CE Loss: 1.13	KSVD Loss: 0.00	KL Loss: 283.35	Tot. Loss: 284.48
2024-12-22 02:55:15,592 INFO Epoch 24 	 Batch 299	LR : 0.00099	Top1 Acc.: 59.89	CE Loss: 1.13	KSVD Loss: 0.00	KL Loss: 261.93	Tot. Loss: 263.07
2024-12-22 02:55:36,853 INFO ################## 
 ---> Validation Epoch 24	Acc.: 64.160	FPR: 79.353	AUROC: 78.141	AUPR: 62.483	AURC: 166.108	EAURC: 92.443	AUPR Succ.: 87.204	ECE: 1.204	NLL: 9.963	Brier: 47.551
2024-12-22 02:55:36,854 INFO ####### --- Training Epoch 25 --- #######
2024-12-22 02:55:49,606 INFO Epoch 25 	 Batch 99	LR : 0.00099	Top1 Acc.: 60.52	CE Loss: 1.11	KSVD Loss: 0.00	KL Loss: 232.54	Tot. Loss: 233.65
2024-12-22 02:56:02,048 INFO Epoch 25 	 Batch 199	LR : 0.00099	Top1 Acc.: 60.78	CE Loss: 1.11	KSVD Loss: 0.00	KL Loss: 214.87	Tot. Loss: 215.98
2024-12-22 02:56:14,493 INFO Epoch 25 	 Batch 299	LR : 0.00099	Top1 Acc.: 59.86	CE Loss: 1.12	KSVD Loss: 0.00	KL Loss: 198.51	Tot. Loss: 199.63
2024-12-22 02:56:35,742 INFO ################## 
 ---> Validation Epoch 25	Acc.: 66.240	FPR: 77.014	AUROC: 78.343	AUPR: 61.116	AURC: 151.584	EAURC: 86.817	AUPR Succ.: 88.257	ECE: 1.720	NLL: 9.720	Brier: 45.929
2024-12-22 02:56:35,742 INFO Accuracy improved from 64.38 to 66.24!!!
2024-12-22 02:56:35,774 INFO AUROC improved from 78.15 to 78.34!!!
2024-12-22 02:56:35,804 INFO AURC decreased from 162.25 to 151.58!!!
2024-12-22 02:56:35,834 INFO ####### --- Training Epoch 26 --- #######
2024-12-22 02:56:48,517 INFO Epoch 26 	 Batch 99	LR : 0.00099	Top1 Acc.: 60.50	CE Loss: 1.11	KSVD Loss: 0.00	KL Loss: 176.08	Tot. Loss: 177.19
2024-12-22 02:57:00,885 INFO Epoch 26 	 Batch 199	LR : 0.00099	Top1 Acc.: 61.35	CE Loss: 1.09	KSVD Loss: 0.00	KL Loss: 162.61	Tot. Loss: 163.70
2024-12-22 02:57:13,184 INFO Epoch 26 	 Batch 299	LR : 0.00099	Top1 Acc.: 60.65	CE Loss: 1.10	KSVD Loss: 0.00	KL Loss: 150.15	Tot. Loss: 151.25
2024-12-22 02:57:34,395 INFO ################## 
 ---> Validation Epoch 26	Acc.: 66.000	FPR: 78.765	AUROC: 77.222	AUPR: 59.982	AURC: 156.737	EAURC: 90.978	AUPR Succ.: 87.727	ECE: 2.152	NLL: 9.590	Brier: 46.163
2024-12-22 02:57:34,396 INFO ####### --- Training Epoch 27 --- #######
2024-12-22 02:57:47,079 INFO Epoch 27 	 Batch 99	LR : 0.00099	Top1 Acc.: 61.68	CE Loss: 1.09	KSVD Loss: 0.00	KL Loss: 133.08	Tot. Loss: 134.17
2024-12-22 02:57:59,489 INFO Epoch 27 	 Batch 199	LR : 0.00099	Top1 Acc.: 61.23	CE Loss: 1.09	KSVD Loss: 0.00	KL Loss: 122.84	Tot. Loss: 123.93
2024-12-22 02:58:11,904 INFO Epoch 27 	 Batch 299	LR : 0.00099	Top1 Acc.: 61.05	CE Loss: 1.09	KSVD Loss: 0.00	KL Loss: 113.37	Tot. Loss: 114.47
2024-12-22 02:58:33,133 INFO ################## 
 ---> Validation Epoch 27	Acc.: 67.880	FPR: 76.588	AUROC: 78.659	AUPR: 59.929	AURC: 138.697	EAURC: 80.484	AUPR Succ.: 89.327	ECE: 2.010	NLL: 9.260	Brier: 44.135
2024-12-22 02:58:33,134 INFO Accuracy improved from 66.24 to 67.88!!!
2024-12-22 02:58:33,165 INFO AUROC improved from 78.34 to 78.66!!!
2024-12-22 02:58:33,195 INFO AURC decreased from 151.58 to 138.70!!!
2024-12-22 02:58:33,225 INFO ####### --- Training Epoch 28 --- #######
2024-12-22 02:58:45,813 INFO Epoch 28 	 Batch 99	LR : 0.00099	Top1 Acc.: 61.47	CE Loss: 1.06	KSVD Loss: 0.00	KL Loss: 100.41	Tot. Loss: 101.48
2024-12-22 02:58:58,094 INFO Epoch 28 	 Batch 199	LR : 0.00099	Top1 Acc.: 61.48	CE Loss: 1.09	KSVD Loss: 0.00	KL Loss: 92.64	Tot. Loss: 93.73
2024-12-22 02:59:10,336 INFO Epoch 28 	 Batch 299	LR : 0.00099	Top1 Acc.: 62.27	CE Loss: 1.06	KSVD Loss: 0.00	KL Loss: 85.46	Tot. Loss: 86.52
2024-12-22 02:59:31,522 INFO ################## 
 ---> Validation Epoch 28	Acc.: 66.380	FPR: 76.205	AUROC: 79.645	AUPR: 62.487	AURC: 143.562	EAURC: 79.370	AUPR Succ.: 89.274	ECE: 2.067	NLL: 9.369	Brier: 44.714
2024-12-22 02:59:31,523 INFO AUROC improved from 78.66 to 79.64!!!
2024-12-22 02:59:31,554 INFO ####### --- Training Epoch 29 --- #######
2024-12-22 02:59:44,134 INFO Epoch 29 	 Batch 99	LR : 0.00099	Top1 Acc.: 62.42	CE Loss: 1.05	KSVD Loss: 0.00	KL Loss: 75.63	Tot. Loss: 76.69
2024-12-22 02:59:56,416 INFO Epoch 29 	 Batch 199	LR : 0.00099	Top1 Acc.: 62.37	CE Loss: 1.05	KSVD Loss: 0.00	KL Loss: 69.74	Tot. Loss: 70.80
2024-12-22 03:00:08,724 INFO Epoch 29 	 Batch 299	LR : 0.00099	Top1 Acc.: 62.91	CE Loss: 1.05	KSVD Loss: 0.00	KL Loss: 64.30	Tot. Loss: 65.35
2024-12-22 03:00:29,920 INFO ################## 
 ---> Validation Epoch 29	Acc.: 65.980	FPR: 78.072	AUROC: 78.689	AUPR: 60.843	AURC: 150.487	EAURC: 84.644	AUPR Succ.: 88.537	ECE: 2.013	NLL: 9.456	Brier: 45.309
2024-12-22 03:00:29,921 INFO ####### --- Training Epoch 30 --- #######
2024-12-22 03:00:42,577 INFO Epoch 30 	 Batch 99	LR : 0.00098	Top1 Acc.: 62.49	CE Loss: 1.04	KSVD Loss: 0.00	KL Loss: 56.85	Tot. Loss: 57.90
2024-12-22 03:00:54,915 INFO Epoch 30 	 Batch 199	LR : 0.00098	Top1 Acc.: 63.88	CE Loss: 1.02	KSVD Loss: 0.00	KL Loss: 52.39	Tot. Loss: 53.42
2024-12-22 03:01:07,273 INFO Epoch 30 	 Batch 299	LR : 0.00098	Top1 Acc.: 63.45	CE Loss: 1.04	KSVD Loss: 0.00	KL Loss: 48.27	Tot. Loss: 49.30
2024-12-22 03:01:28,463 INFO ################## 
 ---> Validation Epoch 30	Acc.: 68.180	FPR: 78.441	AUROC: 79.526	AUPR: 60.291	AURC: 133.660	EAURC: 76.602	AUPR Succ.: 89.844	ECE: 1.978	NLL: 8.993	Brier: 43.123
2024-12-22 03:01:28,463 INFO Accuracy improved from 67.88 to 68.18!!!
2024-12-22 03:01:28,494 INFO AURC decreased from 138.70 to 133.66!!!
2024-12-22 03:01:28,525 INFO ####### --- Training Epoch 31 --- #######
2024-12-22 03:01:41,163 INFO Epoch 31 	 Batch 99	LR : 0.00098	Top1 Acc.: 64.55	CE Loss: 1.01	KSVD Loss: 0.00	KL Loss: 42.63	Tot. Loss: 43.64
2024-12-22 03:01:53,488 INFO Epoch 31 	 Batch 199	LR : 0.00098	Top1 Acc.: 64.09	CE Loss: 1.03	KSVD Loss: 0.00	KL Loss: 39.25	Tot. Loss: 40.28
2024-12-22 03:02:05,783 INFO Epoch 31 	 Batch 299	LR : 0.00098	Top1 Acc.: 64.49	CE Loss: 1.00	KSVD Loss: 0.00	KL Loss: 36.12	Tot. Loss: 37.12
2024-12-22 03:02:27,023 INFO ################## 
 ---> Validation Epoch 31	Acc.: 68.640	FPR: 76.339	AUROC: 80.323	AUPR: 60.943	AURC: 126.702	EAURC: 71.391	AUPR Succ.: 90.587	ECE: 1.335	NLL: 8.788	Brier: 42.167
2024-12-22 03:02:27,024 INFO Accuracy improved from 68.18 to 68.64!!!
2024-12-22 03:02:27,055 INFO AUROC improved from 79.64 to 80.32!!!
2024-12-22 03:02:27,086 INFO AURC decreased from 133.66 to 126.70!!!
2024-12-22 03:02:27,117 INFO ####### --- Training Epoch 32 --- #######
2024-12-22 03:02:39,872 INFO Epoch 32 	 Batch 99	LR : 0.00098	Top1 Acc.: 64.80	CE Loss: 0.99	KSVD Loss: 0.00	KL Loss: 31.85	Tot. Loss: 32.84
2024-12-22 03:02:52,325 INFO Epoch 32 	 Batch 199	LR : 0.00098	Top1 Acc.: 65.50	CE Loss: 0.98	KSVD Loss: 0.00	KL Loss: 29.29	Tot. Loss: 30.27
2024-12-22 03:03:04,768 INFO Epoch 32 	 Batch 299	LR : 0.00098	Top1 Acc.: 64.44	CE Loss: 1.00	KSVD Loss: 0.00	KL Loss: 26.93	Tot. Loss: 27.93
2024-12-22 03:03:26,109 INFO ################## 
 ---> Validation Epoch 32	Acc.: 70.040	FPR: 79.039	AUROC: 79.915	AUPR: 58.137	AURC: 120.418	EAURC: 70.233	AUPR Succ.: 90.883	ECE: 2.891	NLL: 8.586	Brier: 41.176
2024-12-22 03:03:26,110 INFO Accuracy improved from 68.64 to 70.04!!!
2024-12-22 03:03:26,142 INFO AURC decreased from 126.70 to 120.42!!!
2024-12-22 03:03:26,173 INFO ####### --- Training Epoch 33 --- #######
2024-12-22 03:03:38,928 INFO Epoch 33 	 Batch 99	LR : 0.00098	Top1 Acc.: 65.54	CE Loss: 0.98	KSVD Loss: 0.00	KL Loss: 23.70	Tot. Loss: 24.68
2024-12-22 03:03:51,335 INFO Epoch 33 	 Batch 199	LR : 0.00098	Top1 Acc.: 64.41	CE Loss: 1.00	KSVD Loss: 0.00	KL Loss: 21.76	Tot. Loss: 22.76
2024-12-22 03:04:03,761 INFO Epoch 33 	 Batch 299	LR : 0.00098	Top1 Acc.: 65.91	CE Loss: 0.98	KSVD Loss: 0.00	KL Loss: 19.98	Tot. Loss: 20.95
2024-12-22 03:04:25,033 INFO ################## 
 ---> Validation Epoch 33	Acc.: 70.960	FPR: 76.309	AUROC: 80.836	AUPR: 58.059	AURC: 110.433	EAURC: 63.464	AUPR Succ.: 91.853	ECE: 2.718	NLL: 8.326	Brier: 39.928
2024-12-22 03:04:25,034 INFO Accuracy improved from 70.04 to 70.96!!!
2024-12-22 03:04:25,066 INFO AUROC improved from 80.32 to 80.84!!!
2024-12-22 03:04:25,097 INFO AURC decreased from 120.42 to 110.43!!!
2024-12-22 03:04:25,127 INFO ####### --- Training Epoch 34 --- #######
2024-12-22 03:04:37,890 INFO Epoch 34 	 Batch 99	LR : 0.00098	Top1 Acc.: 64.53	CE Loss: 0.99	KSVD Loss: 0.00	KL Loss: 17.53	Tot. Loss: 18.53
2024-12-22 03:04:50,348 INFO Epoch 34 	 Batch 199	LR : 0.00098	Top1 Acc.: 66.17	CE Loss: 0.96	KSVD Loss: 0.00	KL Loss: 16.07	Tot. Loss: 17.04
2024-12-22 03:05:02,790 INFO Epoch 34 	 Batch 299	LR : 0.00098	Top1 Acc.: 66.19	CE Loss: 0.97	KSVD Loss: 0.00	KL Loss: 14.73	Tot. Loss: 15.69
2024-12-22 03:05:24,071 INFO ################## 
 ---> Validation Epoch 34	Acc.: 71.140	FPR: 77.062	AUROC: 80.705	AUPR: 58.161	AURC: 111.118	EAURC: 64.764	AUPR Succ.: 91.679	ECE: 1.839	NLL: 8.228	Brier: 39.565
2024-12-22 03:05:24,072 INFO Accuracy improved from 70.96 to 71.14!!!
2024-12-22 03:05:24,104 INFO ####### --- Training Epoch 35 --- #######
2024-12-22 03:05:36,897 INFO Epoch 35 	 Batch 99	LR : 0.00098	Top1 Acc.: 66.53	CE Loss: 0.95	KSVD Loss: 0.00	KL Loss: 12.89	Tot. Loss: 13.84
2024-12-22 03:05:49,365 INFO Epoch 35 	 Batch 199	LR : 0.00098	Top1 Acc.: 65.97	CE Loss: 0.96	KSVD Loss: 0.00	KL Loss: 11.79	Tot. Loss: 12.75
2024-12-22 03:06:01,844 INFO Epoch 35 	 Batch 299	LR : 0.00098	Top1 Acc.: 66.15	CE Loss: 0.96	KSVD Loss: 0.00	KL Loss: 10.77	Tot. Loss: 11.73
2024-12-22 03:06:23,160 INFO ################## 
 ---> Validation Epoch 35	Acc.: 69.800	FPR: 76.887	AUROC: 80.039	AUPR: 58.946	AURC: 121.324	EAURC: 70.280	AUPR Succ.: 90.850	ECE: 1.246	NLL: 8.551	Brier: 41.156
2024-12-22 03:06:23,162 INFO ####### --- Training Epoch 36 --- #######
2024-12-22 03:06:35,723 INFO Epoch 36 	 Batch 99	LR : 0.00098	Top1 Acc.: 66.09	CE Loss: 0.95	KSVD Loss: 0.00	KL Loss: 9.39	Tot. Loss: 10.35
2024-12-22 03:06:48,081 INFO Epoch 36 	 Batch 199	LR : 0.00098	Top1 Acc.: 67.05	CE Loss: 0.92	KSVD Loss: 0.00	KL Loss: 8.57	Tot. Loss: 9.50
2024-12-22 03:07:00,559 INFO Epoch 36 	 Batch 299	LR : 0.00098	Top1 Acc.: 65.99	CE Loss: 0.95	KSVD Loss: 0.00	KL Loss: 7.81	Tot. Loss: 8.77
2024-12-22 03:07:21,854 INFO ################## 
 ---> Validation Epoch 36	Acc.: 70.660	FPR: 73.960	AUROC: 81.666	AUPR: 60.875	AURC: 109.915	EAURC: 61.910	AUPR Succ.: 91.995	ECE: 1.637	NLL: 8.250	Brier: 39.479
2024-12-22 03:07:21,855 INFO AUROC improved from 80.84 to 81.67!!!
2024-12-22 03:07:21,887 INFO AURC decreased from 110.43 to 109.91!!!
2024-12-22 03:07:21,918 INFO ####### --- Training Epoch 37 --- #######
2024-12-22 03:07:34,696 INFO Epoch 37 	 Batch 99	LR : 0.00097	Top1 Acc.: 67.84	CE Loss: 0.92	KSVD Loss: 0.00	KL Loss: 6.78	Tot. Loss: 7.70
2024-12-22 03:07:47,042 INFO Epoch 37 	 Batch 199	LR : 0.00097	Top1 Acc.: 67.04	CE Loss: 0.93	KSVD Loss: 0.00	KL Loss: 6.16	Tot. Loss: 7.10
2024-12-22 03:07:59,400 INFO Epoch 37 	 Batch 299	LR : 0.00097	Top1 Acc.: 66.97	CE Loss: 0.94	KSVD Loss: 0.00	KL Loss: 5.60	Tot. Loss: 6.54
2024-12-22 03:08:20,667 INFO ################## 
 ---> Validation Epoch 37	Acc.: 71.700	FPR: 74.276	AUROC: 80.862	AUPR: 58.501	AURC: 107.976	EAURC: 63.507	AUPR Succ.: 91.876	ECE: 1.519	NLL: 8.115	Brier: 39.132
2024-12-22 03:08:20,668 INFO Accuracy improved from 71.14 to 71.70!!!
2024-12-22 03:08:20,700 INFO AURC decreased from 109.91 to 107.98!!!
2024-12-22 03:08:20,731 INFO ####### --- Training Epoch 38 --- #######
2024-12-22 03:08:33,435 INFO Epoch 38 	 Batch 99	LR : 0.00097	Top1 Acc.: 66.55	CE Loss: 0.93	KSVD Loss: 0.00	KL Loss: 4.83	Tot. Loss: 5.77
2024-12-22 03:08:45,818 INFO Epoch 38 	 Batch 199	LR : 0.00097	Top1 Acc.: 68.41	CE Loss: 0.90	KSVD Loss: 0.00	KL Loss: 4.38	Tot. Loss: 5.28
2024-12-22 03:08:58,180 INFO Epoch 38 	 Batch 299	LR : 0.00097	Top1 Acc.: 67.87	CE Loss: 0.91	KSVD Loss: 0.00	KL Loss: 3.96	Tot. Loss: 4.87
2024-12-22 03:09:19,404 INFO ################## 
 ---> Validation Epoch 38	Acc.: 70.620	FPR: 73.451	AUROC: 81.171	AUPR: 59.792	AURC: 113.762	EAURC: 65.619	AUPR Succ.: 91.486	ECE: 1.907	NLL: 8.381	Brier: 39.949
2024-12-22 03:09:19,405 INFO ####### --- Training Epoch 39 --- #######
2024-12-22 03:09:32,167 INFO Epoch 39 	 Batch 99	LR : 0.00097	Top1 Acc.: 68.26	CE Loss: 0.90	KSVD Loss: 0.00	KL Loss: 3.40	Tot. Loss: 4.29
2024-12-22 03:09:44,566 INFO Epoch 39 	 Batch 199	LR : 0.00097	Top1 Acc.: 67.51	CE Loss: 0.91	KSVD Loss: 0.00	KL Loss: 3.06	Tot. Loss: 3.98
2024-12-22 03:09:56,955 INFO Epoch 39 	 Batch 299	LR : 0.00097	Top1 Acc.: 67.80	CE Loss: 0.91	KSVD Loss: 0.00	KL Loss: 2.76	Tot. Loss: 3.67
2024-12-22 03:10:18,223 INFO ################## 
 ---> Validation Epoch 39	Acc.: 70.820	FPR: 73.612	AUROC: 82.168	AUPR: 61.700	AURC: 107.059	EAURC: 59.608	AUPR Succ.: 92.299	ECE: 2.378	NLL: 8.213	Brier: 39.414
2024-12-22 03:10:18,223 INFO AUROC improved from 81.67 to 82.17!!!
2024-12-22 03:10:18,256 INFO AURC decreased from 107.98 to 107.06!!!
2024-12-22 03:10:18,287 INFO ####### --- Training Epoch 40 --- #######
2024-12-22 03:10:30,980 INFO Epoch 40 	 Batch 99	LR : 0.00097	Top1 Acc.: 68.52	CE Loss: 0.89	KSVD Loss: 0.00	KL Loss: 2.34	Tot. Loss: 3.23
2024-12-22 03:10:43,353 INFO Epoch 40 	 Batch 199	LR : 0.00097	Top1 Acc.: 68.56	CE Loss: 0.89	KSVD Loss: 0.00	KL Loss: 2.10	Tot. Loss: 3.00
2024-12-22 03:10:55,753 INFO Epoch 40 	 Batch 299	LR : 0.00097	Top1 Acc.: 68.32	CE Loss: 0.90	KSVD Loss: 0.00	KL Loss: 1.88	Tot. Loss: 2.78
2024-12-22 03:11:17,044 INFO ################## 
 ---> Validation Epoch 40	Acc.: 72.120	FPR: 73.171	AUROC: 82.262	AUPR: 60.107	AURC: 100.478	EAURC: 57.394	AUPR Succ.: 92.675	ECE: 2.033	NLL: 7.884	Brier: 37.970
2024-12-22 03:11:17,045 INFO Accuracy improved from 71.70 to 72.12!!!
2024-12-22 03:11:17,077 INFO AUROC improved from 82.17 to 82.26!!!
2024-12-22 03:11:17,107 INFO AURC decreased from 107.06 to 100.48!!!
2024-12-22 03:11:17,138 INFO ####### --- Training Epoch 41 --- #######
2024-12-22 03:11:29,898 INFO Epoch 41 	 Batch 99	LR : 0.00097	Top1 Acc.: 68.90	CE Loss: 0.89	KSVD Loss: 0.00	KL Loss: 1.58	Tot. Loss: 2.47
2024-12-22 03:11:42,337 INFO Epoch 41 	 Batch 199	LR : 0.00097	Top1 Acc.: 68.63	CE Loss: 0.89	KSVD Loss: 0.00	KL Loss: 1.41	Tot. Loss: 2.31
2024-12-22 03:11:54,785 INFO Epoch 41 	 Batch 299	LR : 0.00097	Top1 Acc.: 68.87	CE Loss: 0.88	KSVD Loss: 0.00	KL Loss: 1.25	Tot. Loss: 2.14
2024-12-22 03:12:16,057 INFO ################## 
 ---> Validation Epoch 41	Acc.: 72.520	FPR: 78.020	AUROC: 80.348	AUPR: 55.844	AURC: 105.293	EAURC: 63.505	AUPR Succ.: 91.959	ECE: 1.333	NLL: 7.865	Brier: 38.236
2024-12-22 03:12:16,058 INFO Accuracy improved from 72.12 to 72.52!!!
2024-12-22 03:12:16,090 INFO ####### --- Training Epoch 42 --- #######
2024-12-22 03:12:28,853 INFO Epoch 42 	 Batch 99	LR : 0.00097	Top1 Acc.: 68.99	CE Loss: 0.87	KSVD Loss: 0.00	KL Loss: 1.04	Tot. Loss: 1.92
2024-12-22 03:12:41,303 INFO Epoch 42 	 Batch 199	LR : 0.00097	Top1 Acc.: 68.95	CE Loss: 0.88	KSVD Loss: 0.00	KL Loss: 0.92	Tot. Loss: 1.80
2024-12-22 03:12:53,752 INFO Epoch 42 	 Batch 299	LR : 0.00097	Top1 Acc.: 68.81	CE Loss: 0.89	KSVD Loss: 0.00	KL Loss: 0.81	Tot. Loss: 1.70
2024-12-22 03:13:15,025 INFO ################## 
 ---> Validation Epoch 42	Acc.: 72.000	FPR: 73.571	AUROC: 81.774	AUPR: 59.980	AURC: 103.521	EAURC: 60.044	AUPR Succ.: 92.323	ECE: 1.928	NLL: 7.805	Brier: 37.948
2024-12-22 03:13:15,026 INFO ####### --- Training Epoch 43 --- #######
2024-12-22 03:13:27,768 INFO Epoch 43 	 Batch 99	LR : 0.00096	Top1 Acc.: 70.06	CE Loss: 0.85	KSVD Loss: 0.00	KL Loss: 0.67	Tot. Loss: 1.52
2024-12-22 03:13:40,144 INFO Epoch 43 	 Batch 199	LR : 0.00096	Top1 Acc.: 69.20	CE Loss: 0.87	KSVD Loss: 0.00	KL Loss: 0.59	Tot. Loss: 1.45
2024-12-22 03:13:52,527 INFO Epoch 43 	 Batch 299	LR : 0.00096	Top1 Acc.: 69.77	CE Loss: 0.86	KSVD Loss: 0.00	KL Loss: 0.51	Tot. Loss: 1.37
2024-12-22 03:14:13,758 INFO ################## 
 ---> Validation Epoch 43	Acc.: 73.120	FPR: 73.214	AUROC: 81.911	AUPR: 57.660	AURC: 97.310	EAURC: 57.425	AUPR Succ.: 92.741	ECE: 1.718	NLL: 7.559	Brier: 36.794
2024-12-22 03:14:13,759 INFO Accuracy improved from 72.52 to 73.12!!!
2024-12-22 03:14:13,790 INFO AURC decreased from 100.48 to 97.31!!!
2024-12-22 03:14:13,821 INFO ####### --- Training Epoch 44 --- #######
2024-12-22 03:14:26,527 INFO Epoch 44 	 Batch 99	LR : 0.00096	Top1 Acc.: 69.37	CE Loss: 0.87	KSVD Loss: 0.00	KL Loss: 0.41	Tot. Loss: 1.28
2024-12-22 03:14:38,975 INFO Epoch 44 	 Batch 199	LR : 0.00096	Top1 Acc.: 69.51	CE Loss: 0.86	KSVD Loss: 0.00	KL Loss: 0.36	Tot. Loss: 1.22
2024-12-22 03:14:51,411 INFO Epoch 44 	 Batch 299	LR : 0.00096	Top1 Acc.: 70.39	CE Loss: 0.85	KSVD Loss: 0.00	KL Loss: 0.31	Tot. Loss: 1.16
2024-12-22 03:15:12,741 INFO ################## 
 ---> Validation Epoch 44	Acc.: 72.600	FPR: 70.584	AUROC: 82.227	AUPR: 60.061	AURC: 98.353	EAURC: 56.822	AUPR Succ.: 92.779	ECE: 2.168	NLL: 7.574	Brier: 37.010
2024-12-22 03:15:12,742 INFO ####### --- Training Epoch 45 --- #######
2024-12-22 03:15:25,540 INFO Epoch 45 	 Batch 99	LR : 0.00096	Top1 Acc.: 70.03	CE Loss: 0.84	KSVD Loss: 0.00	KL Loss: 0.25	Tot. Loss: 1.09
2024-12-22 03:15:37,998 INFO Epoch 45 	 Batch 199	LR : 0.00096	Top1 Acc.: 69.55	CE Loss: 0.86	KSVD Loss: 0.00	KL Loss: 0.21	Tot. Loss: 1.08
2024-12-22 03:15:50,380 INFO Epoch 45 	 Batch 299	LR : 0.00096	Top1 Acc.: 69.70	CE Loss: 0.85	KSVD Loss: 0.00	KL Loss: 0.18	Tot. Loss: 1.03
2024-12-22 03:16:11,632 INFO ################## 
 ---> Validation Epoch 45	Acc.: 73.840	FPR: 75.688	AUROC: 81.870	AUPR: 57.117	AURC: 93.296	EAURC: 55.631	AUPR Succ.: 93.031	ECE: 1.323	NLL: 7.535	Brier: 36.245
2024-12-22 03:16:11,632 INFO Accuracy improved from 73.12 to 73.84!!!
2024-12-22 03:16:11,664 INFO AURC decreased from 97.31 to 93.30!!!
2024-12-22 03:16:11,694 INFO ####### --- Training Epoch 46 --- #######
2024-12-22 03:16:24,442 INFO Epoch 46 	 Batch 99	LR : 0.00096	Top1 Acc.: 70.52	CE Loss: 0.83	KSVD Loss: 0.00	KL Loss: 0.14	Tot. Loss: 0.97
2024-12-22 03:16:36,859 INFO Epoch 46 	 Batch 199	LR : 0.00096	Top1 Acc.: 69.94	CE Loss: 0.84	KSVD Loss: 0.00	KL Loss: 0.12	Tot. Loss: 0.96
2024-12-22 03:16:49,277 INFO Epoch 46 	 Batch 299	LR : 0.00096	Top1 Acc.: 70.58	CE Loss: 0.85	KSVD Loss: 0.00	KL Loss: 0.10	Tot. Loss: 0.95
2024-12-22 03:17:10,635 INFO ################## 
 ---> Validation Epoch 46	Acc.: 73.240	FPR: 74.888	AUROC: 81.844	AUPR: 57.001	AURC: 96.361	EAURC: 56.852	AUPR Succ.: 92.831	ECE: 1.335	NLL: 7.590	Brier: 36.807
2024-12-22 03:17:10,635 INFO ####### --- Training Epoch 47 --- #######
2024-12-22 03:17:23,322 INFO Epoch 47 	 Batch 99	LR : 0.00096	Top1 Acc.: 70.52	CE Loss: 0.84	KSVD Loss: 0.00	KL Loss: 0.07	Tot. Loss: 0.92
2024-12-22 03:17:35,674 INFO Epoch 47 	 Batch 199	LR : 0.00096	Top1 Acc.: 70.30	CE Loss: 0.84	KSVD Loss: 0.00	KL Loss: 0.06	Tot. Loss: 0.90
2024-12-22 03:17:48,131 INFO Epoch 47 	 Batch 299	LR : 0.00096	Top1 Acc.: 71.21	CE Loss: 0.83	KSVD Loss: 0.00	KL Loss: 0.05	Tot. Loss: 0.88
2024-12-22 03:18:09,417 INFO ################## 
 ---> Validation Epoch 47	Acc.: 73.500	FPR: 70.566	AUROC: 83.038	AUPR: 60.576	AURC: 91.157	EAURC: 52.452	AUPR Succ.: 93.385	ECE: 1.501	NLL: 7.439	Brier: 36.076
2024-12-22 03:18:09,417 INFO AUROC improved from 82.26 to 83.04!!!
2024-12-22 03:18:09,448 INFO AURC decreased from 93.30 to 91.16!!!
2024-12-22 03:18:09,479 INFO ####### --- Training Epoch 48 --- #######
2024-12-22 03:18:22,139 INFO Epoch 48 	 Batch 99	LR : 0.00095	Top1 Acc.: 71.20	CE Loss: 0.82	KSVD Loss: 0.00	KL Loss: 0.04	Tot. Loss: 0.86
2024-12-22 03:18:34,476 INFO Epoch 48 	 Batch 199	LR : 0.00095	Top1 Acc.: 71.29	CE Loss: 0.82	KSVD Loss: 0.00	KL Loss: 0.03	Tot. Loss: 0.85
2024-12-22 03:18:46,822 INFO Epoch 48 	 Batch 299	LR : 0.00095	Top1 Acc.: 70.98	CE Loss: 0.82	KSVD Loss: 0.00	KL Loss: 0.02	Tot. Loss: 0.84
2024-12-22 03:19:08,024 INFO ################## 
 ---> Validation Epoch 48	Acc.: 73.020	FPR: 70.274	AUROC: 81.993	AUPR: 60.003	AURC: 97.766	EAURC: 57.567	AUPR Succ.: 92.705	ECE: 1.934	NLL: 7.665	Brier: 37.158
2024-12-22 03:19:08,025 INFO ####### --- Training Epoch 49 --- #######
2024-12-22 03:19:20,726 INFO Epoch 49 	 Batch 99	LR : 0.00095	Top1 Acc.: 70.42	CE Loss: 0.83	KSVD Loss: 0.00	KL Loss: 0.02	Tot. Loss: 0.85
2024-12-22 03:19:33,087 INFO Epoch 49 	 Batch 199	LR : 0.00095	Top1 Acc.: 70.20	CE Loss: 0.85	KSVD Loss: 0.00	KL Loss: 0.01	Tot. Loss: 0.86
2024-12-22 03:19:45,463 INFO Epoch 49 	 Batch 299	LR : 0.00095	Top1 Acc.: 72.05	CE Loss: 0.80	KSVD Loss: 0.00	KL Loss: 0.01	Tot. Loss: 0.81
2024-12-22 03:20:06,681 INFO ################## 
 ---> Validation Epoch 49	Acc.: 73.280	FPR: 71.332	AUROC: 83.469	AUPR: 60.280	AURC: 89.977	EAURC: 50.591	AUPR Succ.: 93.615	ECE: 1.798	NLL: 7.362	Brier: 35.894
2024-12-22 03:20:06,681 INFO AUROC improved from 83.04 to 83.47!!!
2024-12-22 03:20:06,712 INFO AURC decreased from 91.16 to 89.98!!!
2024-12-22 03:20:06,743 INFO ####### --- Training Epoch 50 --- #######
2024-12-22 03:20:19,418 INFO Epoch 50 	 Batch 99	LR : 0.00095	Top1 Acc.: 71.55	CE Loss: 0.80	KSVD Loss: 0.00	KL Loss: 0.01	Tot. Loss: 0.81
2024-12-22 03:20:31,781 INFO Epoch 50 	 Batch 199	LR : 0.00095	Top1 Acc.: 70.88	CE Loss: 0.83	KSVD Loss: 0.00	KL Loss: 0.01	Tot. Loss: 0.84
2024-12-22 03:20:44,139 INFO Epoch 50 	 Batch 299	LR : 0.00095	Top1 Acc.: 70.77	CE Loss: 0.83	KSVD Loss: 0.00	KL Loss: 0.00	Tot. Loss: 0.84
2024-12-22 03:21:05,397 INFO ################## 
 ---> Validation Epoch 50	Acc.: 75.020	FPR: 69.976	AUROC: 82.988	AUPR: 58.533	AURC: 83.602	EAURC: 49.421	AUPR Succ.: 93.869	ECE: 1.520	NLL: 7.073	Brier: 34.525
2024-12-22 03:21:05,397 INFO Accuracy improved from 73.84 to 75.02!!!
2024-12-22 03:21:05,429 INFO AURC decreased from 89.98 to 83.60!!!
2024-12-22 03:21:05,459 INFO ####### --- Training Epoch 51 --- #######
2024-12-22 03:21:18,270 INFO Epoch 51 	 Batch 99	LR : 0.00095	Top1 Acc.: 71.24	CE Loss: 0.81	KSVD Loss: 0.00	KL Loss: 0.00	Tot. Loss: 0.81
2024-12-22 03:21:30,736 INFO Epoch 51 	 Batch 199	LR : 0.00095	Top1 Acc.: 70.99	CE Loss: 0.81	KSVD Loss: 0.00	KL Loss: 0.00	Tot. Loss: 0.82
2024-12-22 03:21:43,211 INFO Epoch 51 	 Batch 299	LR : 0.00095	Top1 Acc.: 71.73	CE Loss: 0.81	KSVD Loss: 0.00	KL Loss: 0.00	Tot. Loss: 0.82
2024-12-22 03:22:04,505 INFO ################## 
 ---> Validation Epoch 51	Acc.: 75.280	FPR: 70.388	AUROC: 83.338	AUPR: 57.576	AURC: 81.714	EAURC: 48.276	AUPR Succ.: 94.019	ECE: 1.183	NLL: 6.999	Brier: 34.014
2024-12-22 03:22:04,505 INFO Accuracy improved from 75.02 to 75.28!!!
2024-12-22 03:22:04,536 INFO AURC decreased from 83.60 to 81.71!!!
2024-12-22 03:22:04,567 INFO ####### --- Training Epoch 52 --- #######
2024-12-22 03:22:17,398 INFO Epoch 52 	 Batch 99	LR : 0.00094	Top1 Acc.: 72.14	CE Loss: 0.80	KSVD Loss: 0.00	KL Loss: 0.00	Tot. Loss: 0.80
2024-12-22 03:22:29,953 INFO Epoch 52 	 Batch 199	LR : 0.00094	Top1 Acc.: 72.05	CE Loss: 0.80	KSVD Loss: 0.00	KL Loss: 0.00	Tot. Loss: 0.80
2024-12-22 03:22:42,498 INFO Epoch 52 	 Batch 299	LR : 0.00094	Top1 Acc.: 70.89	CE Loss: 0.82	KSVD Loss: 0.00	KL Loss: 0.00	Tot. Loss: 0.82
2024-12-22 03:23:03,786 INFO ################## 
 ---> Validation Epoch 52	Acc.: 74.240	FPR: 75.543	AUROC: 82.568	AUPR: 56.649	AURC: 88.299	EAURC: 51.835	AUPR Succ.: 93.535	ECE: 1.773	NLL: 7.187	Brier: 35.230
2024-12-22 03:23:03,787 INFO ####### --- Training Epoch 53 --- #######
2024-12-22 03:23:16,542 INFO Epoch 53 	 Batch 99	LR : 0.00094	Top1 Acc.: 72.08	CE Loss: 0.80	KSVD Loss: 0.00	KL Loss: 0.00	Tot. Loss: 0.80
2024-12-22 03:23:28,955 INFO Epoch 53 	 Batch 199	LR : 0.00094	Top1 Acc.: 71.72	CE Loss: 0.79	KSVD Loss: 0.00	KL Loss: 0.00	Tot. Loss: 0.80
2024-12-22 03:23:41,425 INFO Epoch 53 	 Batch 299	LR : 0.00094	Top1 Acc.: 72.30	CE Loss: 0.80	KSVD Loss: 0.00	KL Loss: 0.00	Tot. Loss: 0.80
2024-12-22 03:24:02,703 INFO ################## 
 ---> Validation Epoch 53	Acc.: 74.840	FPR: 72.893	AUROC: 83.112	AUPR: 57.602	AURC: 83.762	EAURC: 49.062	AUPR Succ.: 93.910	ECE: 1.650	NLL: 7.043	Brier: 34.528
2024-12-22 03:24:02,704 INFO ####### --- Training Epoch 54 --- #######
2024-12-22 03:24:15,392 INFO Epoch 54 	 Batch 99	LR : 0.00094	Top1 Acc.: 71.72	CE Loss: 0.79	KSVD Loss: 0.00	KL Loss: 0.00	Tot. Loss: 0.80
2024-12-22 03:24:27,770 INFO Epoch 54 	 Batch 199	LR : 0.00094	Top1 Acc.: 71.88	CE Loss: 0.80	KSVD Loss: 0.00	KL Loss: 0.00	Tot. Loss: 0.80
2024-12-22 03:24:40,122 INFO Epoch 54 	 Batch 299	LR : 0.00094	Top1 Acc.: 72.02	CE Loss: 0.80	KSVD Loss: 0.00	KL Loss: 0.00	Tot. Loss: 0.80
2024-12-22 03:25:01,359 INFO ################## 
 ---> Validation Epoch 54	Acc.: 74.320	FPR: 70.171	AUROC: 83.544	AUPR: 59.256	AURC: 85.455	EAURC: 49.229	AUPR Succ.: 93.840	ECE: 1.716	NLL: 7.162	Brier: 34.798
2024-12-22 03:25:01,360 INFO AUROC improved from 83.47 to 83.54!!!
2024-12-22 03:25:01,391 INFO ####### --- Training Epoch 55 --- #######
2024-12-22 03:25:14,130 INFO Epoch 55 	 Batch 99	LR : 0.00094	Top1 Acc.: 72.53	CE Loss: 0.78	KSVD Loss: 0.00	KL Loss: 0.00	Tot. Loss: 0.78
2024-12-22 03:25:26,555 INFO Epoch 55 	 Batch 199	LR : 0.00094	Top1 Acc.: 73.10	CE Loss: 0.77	KSVD Loss: 0.00	KL Loss: 0.00	Tot. Loss: 0.77
2024-12-22 03:25:38,975 INFO Epoch 55 	 Batch 299	LR : 0.00094	Top1 Acc.: 71.63	CE Loss: 0.80	KSVD Loss: 0.00	KL Loss: 0.00	Tot. Loss: 0.80
2024-12-22 03:26:00,247 INFO ################## 
 ---> Validation Epoch 55	Acc.: 74.080	FPR: 72.917	AUROC: 82.546	AUPR: 59.407	AURC: 90.410	EAURC: 53.469	AUPR Succ.: 93.295	ECE: 1.884	NLL: 7.288	Brier: 35.522
2024-12-22 03:26:00,248 INFO ####### --- Training Epoch 56 --- #######
2024-12-22 03:26:12,996 INFO Epoch 56 	 Batch 99	LR : 0.00093	Top1 Acc.: 72.30	CE Loss: 0.79	KSVD Loss: 0.00	KL Loss: 0.00	Tot. Loss: 0.79
2024-12-22 03:26:25,441 INFO Epoch 56 	 Batch 199	LR : 0.00093	Top1 Acc.: 72.78	CE Loss: 0.78	KSVD Loss: 0.00	KL Loss: 0.00	Tot. Loss: 0.78
2024-12-22 03:26:37,884 INFO Epoch 56 	 Batch 299	LR : 0.00093	Top1 Acc.: 71.94	CE Loss: 0.80	KSVD Loss: 0.00	KL Loss: 0.00	Tot. Loss: 0.80
2024-12-22 03:26:59,137 INFO ################## 
 ---> Validation Epoch 56	Acc.: 75.240	FPR: 72.052	AUROC: 83.783	AUPR: 57.388	AURC: 80.092	EAURC: 46.540	AUPR Succ.: 94.238	ECE: 1.892	NLL: 6.855	Brier: 33.559
2024-12-22 03:26:59,137 INFO AUROC improved from 83.54 to 83.78!!!
2024-12-22 03:26:59,168 INFO AURC decreased from 81.71 to 80.09!!!
2024-12-22 03:26:59,199 INFO ####### --- Training Epoch 57 --- #######
2024-12-22 03:27:11,872 INFO Epoch 57 	 Batch 99	LR : 0.00093	Top1 Acc.: 73.58	CE Loss: 0.76	KSVD Loss: 0.00	KL Loss: 0.00	Tot. Loss: 0.76
2024-12-22 03:27:24,197 INFO Epoch 57 	 Batch 199	LR : 0.00093	Top1 Acc.: 72.21	CE Loss: 0.78	KSVD Loss: 0.00	KL Loss: 0.00	Tot. Loss: 0.78
2024-12-22 03:27:36,530 INFO Epoch 57 	 Batch 299	LR : 0.00093	Top1 Acc.: 72.12	CE Loss: 0.79	KSVD Loss: 0.00	KL Loss: 0.00	Tot. Loss: 0.79
2024-12-22 03:27:57,771 INFO ################## 
 ---> Validation Epoch 57	Acc.: 74.880	FPR: 72.134	AUROC: 83.093	AUPR: 57.419	AURC: 84.072	EAURC: 49.487	AUPR Succ.: 93.853	ECE: 1.758	NLL: 7.217	Brier: 34.893
2024-12-22 03:27:57,772 INFO ####### --- Training Epoch 58 --- #######
2024-12-22 03:28:10,450 INFO Epoch 58 	 Batch 99	LR : 0.00093	Top1 Acc.: 72.18	CE Loss: 0.78	KSVD Loss: 0.00	KL Loss: 0.00	Tot. Loss: 0.78
2024-12-22 03:28:22,858 INFO Epoch 58 	 Batch 199	LR : 0.00093	Top1 Acc.: 72.52	CE Loss: 0.79	KSVD Loss: 0.00	KL Loss: 0.00	Tot. Loss: 0.79
2024-12-22 03:28:35,298 INFO Epoch 58 	 Batch 299	LR : 0.00093	Top1 Acc.: 73.17	CE Loss: 0.76	KSVD Loss: 0.00	KL Loss: 0.00	Tot. Loss: 0.76
2024-12-22 03:28:56,559 INFO ################## 
 ---> Validation Epoch 58	Acc.: 75.560	FPR: 71.195	AUROC: 84.262	AUPR: 58.514	AURC: 77.049	EAURC: 44.400	AUPR Succ.: 94.516	ECE: 1.746	NLL: 6.801	Brier: 33.198
2024-12-22 03:28:56,560 INFO Accuracy improved from 75.28 to 75.56!!!
2024-12-22 03:28:56,591 INFO AUROC improved from 83.78 to 84.26!!!
2024-12-22 03:28:56,622 INFO AURC decreased from 80.09 to 77.05!!!
2024-12-22 03:28:56,653 INFO ####### --- Training Epoch 59 --- #######
2024-12-22 03:29:09,337 INFO Epoch 59 	 Batch 99	LR : 0.00093	Top1 Acc.: 73.23	CE Loss: 0.76	KSVD Loss: 0.00	KL Loss: 0.00	Tot. Loss: 0.76
2024-12-22 03:29:21,683 INFO Epoch 59 	 Batch 199	LR : 0.00093	Top1 Acc.: 73.10	CE Loss: 0.77	KSVD Loss: 0.00	KL Loss: 0.00	Tot. Loss: 0.77
2024-12-22 03:29:34,060 INFO Epoch 59 	 Batch 299	LR : 0.00093	Top1 Acc.: 72.96	CE Loss: 0.77	KSVD Loss: 0.00	KL Loss: 0.00	Tot. Loss: 0.77
2024-12-22 03:29:55,316 INFO ################## 
 ---> Validation Epoch 59	Acc.: 74.600	FPR: 69.055	AUROC: 83.354	AUPR: 59.814	AURC: 85.195	EAURC: 49.795	AUPR Succ.: 93.780	ECE: 1.878	NLL: 7.064	Brier: 34.494
2024-12-22 03:29:55,317 INFO ####### --- Training Epoch 60 --- #######
2024-12-22 03:30:08,069 INFO Epoch 60 	 Batch 99	LR : 0.00092	Top1 Acc.: 73.77	CE Loss: 0.74	KSVD Loss: 0.00	KL Loss: 0.00	Tot. Loss: 0.74
2024-12-22 03:30:20,538 INFO Epoch 60 	 Batch 199	LR : 0.00092	Top1 Acc.: 73.23	CE Loss: 0.77	KSVD Loss: 0.00	KL Loss: 0.00	Tot. Loss: 0.77
2024-12-22 03:30:32,982 INFO Epoch 60 	 Batch 299	LR : 0.00092	Top1 Acc.: 72.98	CE Loss: 0.77	KSVD Loss: 0.00	KL Loss: 0.00	Tot. Loss: 0.77
2024-12-22 03:30:54,231 INFO ################## 
 ---> Validation Epoch 60	Acc.: 76.240	FPR: 74.579	AUROC: 82.952	AUPR: 54.409	AURC: 77.818	EAURC: 47.045	AUPR Succ.: 94.244	ECE: 2.461	NLL: 6.824	Brier: 33.236
2024-12-22 03:30:54,232 INFO Accuracy improved from 75.56 to 76.24!!!
2024-12-22 03:30:54,264 INFO ####### --- Training Epoch 61 --- #######
2024-12-22 03:31:06,946 INFO Epoch 61 	 Batch 99	LR : 0.00092	Top1 Acc.: 73.84	CE Loss: 0.75	KSVD Loss: 0.00	KL Loss: 0.00	Tot. Loss: 0.75
2024-12-22 03:31:19,311 INFO Epoch 61 	 Batch 199	LR : 0.00092	Top1 Acc.: 72.91	CE Loss: 0.77	KSVD Loss: 0.00	KL Loss: 0.00	Tot. Loss: 0.77
2024-12-22 03:31:31,684 INFO Epoch 61 	 Batch 299	LR : 0.00092	Top1 Acc.: 73.11	CE Loss: 0.77	KSVD Loss: 0.00	KL Loss: 0.00	Tot. Loss: 0.77
2024-12-22 03:31:52,934 INFO ################## 
 ---> Validation Epoch 61	Acc.: 75.380	FPR: 71.649	AUROC: 83.788	AUPR: 56.948	AURC: 79.230	EAURC: 46.075	AUPR Succ.: 94.308	ECE: 2.104	NLL: 6.952	Brier: 33.670
2024-12-22 03:31:52,935 INFO ####### --- Training Epoch 62 --- #######
2024-12-22 03:32:05,694 INFO Epoch 62 	 Batch 99	LR : 0.00092	Top1 Acc.: 73.29	CE Loss: 0.76	KSVD Loss: 0.00	KL Loss: 0.00	Tot. Loss: 0.76
2024-12-22 03:32:18,173 INFO Epoch 62 	 Batch 199	LR : 0.00092	Top1 Acc.: 73.84	CE Loss: 0.74	KSVD Loss: 0.00	KL Loss: 0.00	Tot. Loss: 0.74
2024-12-22 03:32:30,631 INFO Epoch 62 	 Batch 299	LR : 0.00092	Top1 Acc.: 72.99	CE Loss: 0.76	KSVD Loss: 0.00	KL Loss: 0.00	Tot. Loss: 0.76
2024-12-22 03:32:51,913 INFO ################## 
 ---> Validation Epoch 62	Acc.: 76.320	FPR: 73.733	AUROC: 83.352	AUPR: 56.089	AURC: 76.710	EAURC: 46.154	AUPR Succ.: 94.347	ECE: 1.411	NLL: 6.910	Brier: 33.199
2024-12-22 03:32:51,914 INFO Accuracy improved from 76.24 to 76.32!!!
2024-12-22 03:32:51,945 INFO AURC decreased from 77.05 to 76.71!!!
2024-12-22 03:32:51,976 INFO ####### --- Training Epoch 63 --- #######
2024-12-22 03:33:04,696 INFO Epoch 63 	 Batch 99	LR : 0.00091	Top1 Acc.: 73.83	CE Loss: 0.74	KSVD Loss: 0.00	KL Loss: 0.00	Tot. Loss: 0.75
2024-12-22 03:33:17,100 INFO Epoch 63 	 Batch 199	LR : 0.00091	Top1 Acc.: 73.45	CE Loss: 0.75	KSVD Loss: 0.00	KL Loss: 0.00	Tot. Loss: 0.75
2024-12-22 03:33:29,471 INFO Epoch 63 	 Batch 299	LR : 0.00091	Top1 Acc.: 73.53	CE Loss: 0.74	KSVD Loss: 0.00	KL Loss: 0.00	Tot. Loss: 0.74
2024-12-22 03:33:50,746 INFO ################## 
 ---> Validation Epoch 63	Acc.: 76.140	FPR: 73.177	AUROC: 83.048	AUPR: 56.440	AURC: 78.116	EAURC: 47.071	AUPR Succ.: 94.229	ECE: 1.145	NLL: 6.832	Brier: 33.241
2024-12-22 03:33:50,747 INFO ####### --- Training Epoch 64 --- #######
2024-12-22 03:34:03,476 INFO Epoch 64 	 Batch 99	LR : 0.00091	Top1 Acc.: 74.00	CE Loss: 0.74	KSVD Loss: 0.00	KL Loss: 0.00	Tot. Loss: 0.74
2024-12-22 03:34:15,885 INFO Epoch 64 	 Batch 199	LR : 0.00091	Top1 Acc.: 73.87	CE Loss: 0.75	KSVD Loss: 0.00	KL Loss: 0.00	Tot. Loss: 0.75
2024-12-22 03:34:28,340 INFO Epoch 64 	 Batch 299	LR : 0.00091	Top1 Acc.: 73.73	CE Loss: 0.75	KSVD Loss: 0.00	KL Loss: 0.00	Tot. Loss: 0.75
2024-12-22 03:34:49,616 INFO ################## 
 ---> Validation Epoch 64	Acc.: 76.060	FPR: 73.684	AUROC: 83.225	AUPR: 56.256	AURC: 78.291	EAURC: 47.027	AUPR Succ.: 94.225	ECE: 1.399	NLL: 6.850	Brier: 33.325
2024-12-22 03:34:49,617 INFO ####### --- Training Epoch 65 --- #######
2024-12-22 03:35:02,430 INFO Epoch 65 	 Batch 99	LR : 0.00091	Top1 Acc.: 74.17	CE Loss: 0.72	KSVD Loss: 0.00	KL Loss: 0.00	Tot. Loss: 0.72
2024-12-22 03:35:14,802 INFO Epoch 65 	 Batch 199	LR : 0.00091	Top1 Acc.: 74.60	CE Loss: 0.73	KSVD Loss: 0.00	KL Loss: 0.00	Tot. Loss: 0.73
2024-12-22 03:35:27,150 INFO Epoch 65 	 Batch 299	LR : 0.00091	Top1 Acc.: 73.63	CE Loss: 0.74	KSVD Loss: 0.00	KL Loss: 0.00	Tot. Loss: 0.74
2024-12-22 03:35:48,408 INFO ################## 
 ---> Validation Epoch 65	Acc.: 76.440	FPR: 71.562	AUROC: 83.591	AUPR: 57.741	AURC: 76.076	EAURC: 45.842	AUPR Succ.: 94.380	ECE: 1.389	NLL: 6.725	Brier: 32.634
2024-12-22 03:35:48,408 INFO Accuracy improved from 76.32 to 76.44!!!
2024-12-22 03:35:48,440 INFO AURC decreased from 76.71 to 76.08!!!
2024-12-22 03:35:48,470 INFO ####### --- Training Epoch 66 --- #######
2024-12-22 03:36:01,160 INFO Epoch 66 	 Batch 99	LR : 0.00091	Top1 Acc.: 74.66	CE Loss: 0.72	KSVD Loss: 0.00	KL Loss: 0.00	Tot. Loss: 0.72
2024-12-22 03:36:13,543 INFO Epoch 66 	 Batch 199	LR : 0.00091	Top1 Acc.: 74.30	CE Loss: 0.73	KSVD Loss: 0.00	KL Loss: 0.00	Tot. Loss: 0.73
2024-12-22 03:36:25,969 INFO Epoch 66 	 Batch 299	LR : 0.00091	Top1 Acc.: 74.09	CE Loss: 0.74	KSVD Loss: 0.00	KL Loss: 0.00	Tot. Loss: 0.74
2024-12-22 03:36:47,216 INFO ################## 
 ---> Validation Epoch 66	Acc.: 75.760	FPR: 72.030	AUROC: 83.707	AUPR: 58.281	AURC: 77.866	EAURC: 45.775	AUPR Succ.: 94.361	ECE: 1.730	NLL: 6.893	Brier: 33.316
2024-12-22 03:36:47,217 INFO ####### --- Training Epoch 67 --- #######
2024-12-22 03:36:59,889 INFO Epoch 67 	 Batch 99	LR : 0.00090	Top1 Acc.: 74.26	CE Loss: 0.73	KSVD Loss: 0.00	KL Loss: 0.00	Tot. Loss: 0.73
2024-12-22 03:37:12,249 INFO Epoch 67 	 Batch 199	LR : 0.00090	Top1 Acc.: 74.17	CE Loss: 0.73	KSVD Loss: 0.00	KL Loss: 0.00	Tot. Loss: 0.73
2024-12-22 03:37:24,608 INFO Epoch 67 	 Batch 299	LR : 0.00090	Top1 Acc.: 74.49	CE Loss: 0.73	KSVD Loss: 0.00	KL Loss: 0.00	Tot. Loss: 0.73
2024-12-22 03:37:45,820 INFO ################## 
 ---> Validation Epoch 67	Acc.: 76.460	FPR: 70.518	AUROC: 84.024	AUPR: 56.970	AURC: 73.301	EAURC: 43.121	AUPR Succ.: 94.729	ECE: 1.594	NLL: 6.650	Brier: 32.527
2024-12-22 03:37:45,821 INFO Accuracy improved from 76.44 to 76.46!!!
2024-12-22 03:37:45,852 INFO AURC decreased from 76.08 to 73.30!!!
2024-12-22 03:37:45,883 INFO ####### --- Training Epoch 68 --- #######
2024-12-22 03:37:58,635 INFO Epoch 68 	 Batch 99	LR : 0.00090	Top1 Acc.: 74.71	CE Loss: 0.72	KSVD Loss: 0.00	KL Loss: 0.00	Tot. Loss: 0.72
2024-12-22 03:38:11,030 INFO Epoch 68 	 Batch 199	LR : 0.00090	Top1 Acc.: 74.03	CE Loss: 0.73	KSVD Loss: 0.00	KL Loss: 0.00	Tot. Loss: 0.73
2024-12-22 03:38:23,419 INFO Epoch 68 	 Batch 299	LR : 0.00090	Top1 Acc.: 74.37	CE Loss: 0.72	KSVD Loss: 0.00	KL Loss: 0.00	Tot. Loss: 0.73
2024-12-22 03:38:44,665 INFO ################## 
 ---> Validation Epoch 68	Acc.: 76.600	FPR: 71.111	AUROC: 83.274	AUPR: 55.438	AURC: 75.438	EAURC: 45.633	AUPR Succ.: 94.428	ECE: 2.211	NLL: 6.720	Brier: 32.793
2024-12-22 03:38:44,665 INFO Accuracy improved from 76.46 to 76.60!!!
2024-12-22 03:38:44,698 INFO ####### --- Training Epoch 69 --- #######
2024-12-22 03:38:57,481 INFO Epoch 69 	 Batch 99	LR : 0.00090	Top1 Acc.: 74.77	CE Loss: 0.71	KSVD Loss: 0.00	KL Loss: 0.00	Tot. Loss: 0.71
2024-12-22 03:39:10,016 INFO Epoch 69 	 Batch 199	LR : 0.00090	Top1 Acc.: 75.34	CE Loss: 0.70	KSVD Loss: 0.00	KL Loss: 0.00	Tot. Loss: 0.70
2024-12-22 03:39:22,479 INFO Epoch 69 	 Batch 299	LR : 0.00090	Top1 Acc.: 74.09	CE Loss: 0.73	KSVD Loss: 0.00	KL Loss: 0.00	Tot. Loss: 0.73
2024-12-22 03:39:43,704 INFO ################## 
 ---> Validation Epoch 69	Acc.: 76.660	FPR: 71.979	AUROC: 83.542	AUPR: 56.209	AURC: 74.598	EAURC: 44.953	AUPR Succ.: 94.510	ECE: 1.501	NLL: 6.698	Brier: 32.643
2024-12-22 03:39:43,705 INFO Accuracy improved from 76.60 to 76.66!!!
2024-12-22 03:39:43,737 INFO ####### --- Training Epoch 70 --- #######
2024-12-22 03:39:56,439 INFO Epoch 70 	 Batch 99	LR : 0.00089	Top1 Acc.: 75.20	CE Loss: 0.70	KSVD Loss: 0.00	KL Loss: 0.00	Tot. Loss: 0.71
2024-12-22 03:40:08,819 INFO Epoch 70 	 Batch 199	LR : 0.00089	Top1 Acc.: 74.88	CE Loss: 0.71	KSVD Loss: 0.00	KL Loss: 0.00	Tot. Loss: 0.71
2024-12-22 03:40:21,143 INFO Epoch 70 	 Batch 299	LR : 0.00089	Top1 Acc.: 74.77	CE Loss: 0.72	KSVD Loss: 0.00	KL Loss: 0.00	Tot. Loss: 0.72
2024-12-22 03:40:42,351 INFO ################## 
 ---> Validation Epoch 70	Acc.: 77.040	FPR: 68.990	AUROC: 84.145	AUPR: 57.748	AURC: 71.272	EAURC: 42.628	AUPR Succ.: 94.806	ECE: 1.607	NLL: 6.492	Brier: 31.746
2024-12-22 03:40:42,351 INFO Accuracy improved from 76.66 to 77.04!!!
2024-12-22 03:40:42,383 INFO AURC decreased from 73.30 to 71.27!!!
2024-12-22 03:40:42,414 INFO ####### --- Training Epoch 71 --- #######
2024-12-22 03:40:55,135 INFO Epoch 71 	 Batch 99	LR : 0.00089	Top1 Acc.: 75.49	CE Loss: 0.69	KSVD Loss: 0.00	KL Loss: 0.00	Tot. Loss: 0.70
2024-12-22 03:41:07,571 INFO Epoch 71 	 Batch 199	LR : 0.00089	Top1 Acc.: 75.43	CE Loss: 0.71	KSVD Loss: 0.00	KL Loss: 0.00	Tot. Loss: 0.71
2024-12-22 03:41:19,952 INFO Epoch 71 	 Batch 299	LR : 0.00089	Top1 Acc.: 74.85	CE Loss: 0.70	KSVD Loss: 0.00	KL Loss: 0.00	Tot. Loss: 0.70
2024-12-22 03:41:41,185 INFO ################## 
 ---> Validation Epoch 71	Acc.: 77.180	FPR: 68.624	AUROC: 85.244	AUPR: 58.460	AURC: 67.037	EAURC: 38.756	AUPR Succ.: 95.283	ECE: 2.033	NLL: 6.368	Brier: 31.133
2024-12-22 03:41:41,186 INFO Accuracy improved from 77.04 to 77.18!!!
2024-12-22 03:41:41,217 INFO AUROC improved from 84.26 to 85.24!!!
2024-12-22 03:41:41,248 INFO AURC decreased from 71.27 to 67.04!!!
2024-12-22 03:41:41,278 INFO ####### --- Training Epoch 72 --- #######
2024-12-22 03:41:54,007 INFO Epoch 72 	 Batch 99	LR : 0.00089	Top1 Acc.: 75.69	CE Loss: 0.69	KSVD Loss: 0.00	KL Loss: 0.00	Tot. Loss: 0.69
2024-12-22 03:42:06,448 INFO Epoch 72 	 Batch 199	LR : 0.00089	Top1 Acc.: 74.95	CE Loss: 0.72	KSVD Loss: 0.00	KL Loss: 0.00	Tot. Loss: 0.72
2024-12-22 03:42:18,927 INFO Epoch 72 	 Batch 299	LR : 0.00089	Top1 Acc.: 74.88	CE Loss: 0.71	KSVD Loss: 0.00	KL Loss: 0.00	Tot. Loss: 0.71
2024-12-22 03:42:40,230 INFO ################## 
 ---> Validation Epoch 72	Acc.: 77.400	FPR: 71.150	AUROC: 84.292	AUPR: 56.699	AURC: 68.658	EAURC: 40.944	AUPR Succ.: 95.037	ECE: 1.661	NLL: 6.397	Brier: 31.401
2024-12-22 03:42:40,230 INFO Accuracy improved from 77.18 to 77.40!!!
2024-12-22 03:42:40,262 INFO ####### --- Training Epoch 73 --- #######
2024-12-22 03:42:53,078 INFO Epoch 73 	 Batch 99	LR : 0.00088	Top1 Acc.: 75.16	CE Loss: 0.70	KSVD Loss: 0.00	KL Loss: 0.00	Tot. Loss: 0.70
2024-12-22 03:43:05,577 INFO Epoch 73 	 Batch 199	LR : 0.00088	Top1 Acc.: 75.21	CE Loss: 0.71	KSVD Loss: 0.00	KL Loss: 0.00	Tot. Loss: 0.71
2024-12-22 03:43:18,078 INFO Epoch 73 	 Batch 299	LR : 0.00088	Top1 Acc.: 75.62	CE Loss: 0.70	KSVD Loss: 0.00	KL Loss: 0.00	Tot. Loss: 0.70
2024-12-22 03:43:39,372 INFO ################## 
 ---> Validation Epoch 73	Acc.: 76.260	FPR: 72.030	AUROC: 84.563	AUPR: 57.657	AURC: 72.432	EAURC: 41.713	AUPR Succ.: 94.890	ECE: 1.944	NLL: 6.514	Brier: 32.241
2024-12-22 03:43:39,373 INFO ####### --- Training Epoch 74 --- #######
2024-12-22 03:43:52,106 INFO Epoch 74 	 Batch 99	LR : 0.00088	Top1 Acc.: 75.18	CE Loss: 0.70	KSVD Loss: 0.00	KL Loss: 0.00	Tot. Loss: 0.70
2024-12-22 03:44:04,614 INFO Epoch 74 	 Batch 199	LR : 0.00088	Top1 Acc.: 75.53	CE Loss: 0.68	KSVD Loss: 0.00	KL Loss: 0.00	Tot. Loss: 0.68
2024-12-22 03:44:17,116 INFO Epoch 74 	 Batch 299	LR : 0.00088	Top1 Acc.: 74.41	CE Loss: 0.72	KSVD Loss: 0.00	KL Loss: 0.00	Tot. Loss: 0.72
2024-12-22 03:44:38,398 INFO ################## 
 ---> Validation Epoch 74	Acc.: 76.700	FPR: 72.876	AUROC: 83.770	AUPR: 56.588	AURC: 73.394	EAURC: 43.855	AUPR Succ.: 94.649	ECE: 1.879	NLL: 6.663	Brier: 32.319
2024-12-22 03:44:38,399 INFO ####### --- Training Epoch 75 --- #######
2024-12-22 03:44:51,168 INFO Epoch 75 	 Batch 99	LR : 0.00088	Top1 Acc.: 75.16	CE Loss: 0.70	KSVD Loss: 0.00	KL Loss: 0.00	Tot. Loss: 0.70
2024-12-22 03:45:03,576 INFO Epoch 75 	 Batch 199	LR : 0.00088	Top1 Acc.: 75.62	CE Loss: 0.69	KSVD Loss: 0.00	KL Loss: 0.00	Tot. Loss: 0.69
2024-12-22 03:45:15,977 INFO Epoch 75 	 Batch 299	LR : 0.00088	Top1 Acc.: 75.72	CE Loss: 0.69	KSVD Loss: 0.00	KL Loss: 0.00	Tot. Loss: 0.69
2024-12-22 03:45:37,209 INFO ################## 
 ---> Validation Epoch 75	Acc.: 77.620	FPR: 69.616	AUROC: 85.266	AUPR: 58.357	AURC: 65.126	EAURC: 37.973	AUPR Succ.: 95.399	ECE: 2.010	NLL: 6.181	Brier: 30.386
2024-12-22 03:45:37,209 INFO Accuracy improved from 77.40 to 77.62!!!
2024-12-22 03:45:37,241 INFO AUROC improved from 85.24 to 85.27!!!
2024-12-22 03:45:37,272 INFO AURC decreased from 67.04 to 65.13!!!
2024-12-22 03:45:37,302 INFO ####### --- Training Epoch 76 --- #######
2024-12-22 03:45:50,032 INFO Epoch 76 	 Batch 99	LR : 0.00087	Top1 Acc.: 76.20	CE Loss: 0.68	KSVD Loss: 0.00	KL Loss: 0.00	Tot. Loss: 0.68
2024-12-22 03:46:02,459 INFO Epoch 76 	 Batch 199	LR : 0.00087	Top1 Acc.: 75.88	CE Loss: 0.68	KSVD Loss: 0.00	KL Loss: 0.00	Tot. Loss: 0.68
2024-12-22 03:46:14,867 INFO Epoch 76 	 Batch 299	LR : 0.00087	Top1 Acc.: 75.11	CE Loss: 0.70	KSVD Loss: 0.00	KL Loss: 0.00	Tot. Loss: 0.70
2024-12-22 03:46:36,189 INFO ################## 
 ---> Validation Epoch 76	Acc.: 77.640	FPR: 67.084	AUROC: 85.165	AUPR: 57.469	AURC: 65.863	EAURC: 38.760	AUPR Succ.: 95.295	ECE: 1.692	NLL: 6.217	Brier: 30.423
2024-12-22 03:46:36,189 INFO Accuracy improved from 77.62 to 77.64!!!
2024-12-22 03:46:36,222 INFO ####### --- Training Epoch 77 --- #######
2024-12-22 03:46:48,771 INFO Epoch 77 	 Batch 99	LR : 0.00087	Top1 Acc.: 76.03	CE Loss: 0.68	KSVD Loss: 0.00	KL Loss: 0.00	Tot. Loss: 0.68
2024-12-22 03:47:01,008 INFO Epoch 77 	 Batch 199	LR : 0.00087	Top1 Acc.: 76.05	CE Loss: 0.68	KSVD Loss: 0.00	KL Loss: 0.00	Tot. Loss: 0.68
2024-12-22 03:47:13,247 INFO Epoch 77 	 Batch 299	LR : 0.00087	Top1 Acc.: 75.51	CE Loss: 0.69	KSVD Loss: 0.00	KL Loss: 0.00	Tot. Loss: 0.69
2024-12-22 03:47:34,449 INFO ################## 
 ---> Validation Epoch 77	Acc.: 77.400	FPR: 71.416	AUROC: 83.708	AUPR: 55.260	AURC: 70.597	EAURC: 42.883	AUPR Succ.: 94.801	ECE: 2.103	NLL: 6.441	Brier: 31.441
2024-12-22 03:47:34,450 INFO ####### --- Training Epoch 78 --- #######
2024-12-22 03:47:47,117 INFO Epoch 78 	 Batch 99	LR : 0.00087	Top1 Acc.: 75.63	CE Loss: 0.69	KSVD Loss: 0.00	KL Loss: 0.00	Tot. Loss: 0.69
2024-12-22 03:47:59,491 INFO Epoch 78 	 Batch 199	LR : 0.00087	Top1 Acc.: 75.95	CE Loss: 0.68	KSVD Loss: 0.00	KL Loss: 0.00	Tot. Loss: 0.68
2024-12-22 03:48:11,905 INFO Epoch 78 	 Batch 299	LR : 0.00087	Top1 Acc.: 75.94	CE Loss: 0.68	KSVD Loss: 0.00	KL Loss: 0.00	Tot. Loss: 0.68
2024-12-22 03:48:33,189 INFO ################## 
 ---> Validation Epoch 78	Acc.: 76.980	FPR: 71.156	AUROC: 83.795	AUPR: 55.826	AURC: 72.798	EAURC: 43.997	AUPR Succ.: 94.635	ECE: 2.419	NLL: 6.424	Brier: 31.649
2024-12-22 03:48:33,190 INFO ####### --- Training Epoch 79 --- #######
2024-12-22 03:48:46,012 INFO Epoch 79 	 Batch 99	LR : 0.00086	Top1 Acc.: 76.16	CE Loss: 0.67	KSVD Loss: 0.00	KL Loss: 0.00	Tot. Loss: 0.67
2024-12-22 03:48:58,483 INFO Epoch 79 	 Batch 199	LR : 0.00086	Top1 Acc.: 75.89	CE Loss: 0.68	KSVD Loss: 0.00	KL Loss: 0.00	Tot. Loss: 0.68
2024-12-22 03:49:10,728 INFO Epoch 79 	 Batch 299	LR : 0.00086	Top1 Acc.: 76.40	CE Loss: 0.67	KSVD Loss: 0.00	KL Loss: 0.00	Tot. Loss: 0.67
2024-12-22 03:49:31,909 INFO ################## 
 ---> Validation Epoch 79	Acc.: 78.160	FPR: 68.223	AUROC: 84.900	AUPR: 57.098	AURC: 64.172	EAURC: 38.367	AUPR Succ.: 95.372	ECE: 1.818	NLL: 6.126	Brier: 30.144
2024-12-22 03:49:31,910 INFO Accuracy improved from 77.64 to 78.16!!!
2024-12-22 03:49:31,974 INFO AURC decreased from 65.13 to 64.17!!!
2024-12-22 03:49:32,019 INFO ####### --- Training Epoch 80 --- #######
2024-12-22 03:49:44,844 INFO Epoch 80 	 Batch 99	LR : 0.00086	Top1 Acc.: 76.62	CE Loss: 0.66	KSVD Loss: 0.00	KL Loss: 0.00	Tot. Loss: 0.66
2024-12-22 03:49:57,346 INFO Epoch 80 	 Batch 199	LR : 0.00086	Top1 Acc.: 76.41	CE Loss: 0.67	KSVD Loss: 0.00	KL Loss: 0.00	Tot. Loss: 0.67
2024-12-22 03:50:09,843 INFO Epoch 80 	 Batch 299	LR : 0.00086	Top1 Acc.: 75.74	CE Loss: 0.69	KSVD Loss: 0.00	KL Loss: 0.00	Tot. Loss: 0.69
2024-12-22 03:50:31,159 INFO ################## 
 ---> Validation Epoch 80	Acc.: 78.140	FPR: 70.540	AUROC: 84.236	AUPR: 55.471	AURC: 65.632	EAURC: 39.778	AUPR Succ.: 95.215	ECE: 1.322	NLL: 6.182	Brier: 30.387
2024-12-22 03:50:31,160 INFO ####### --- Training Epoch 81 --- #######
2024-12-22 03:50:43,888 INFO Epoch 81 	 Batch 99	LR : 0.00086	Top1 Acc.: 76.57	CE Loss: 0.67	KSVD Loss: 0.00	KL Loss: 0.00	Tot. Loss: 0.67
2024-12-22 03:50:56,294 INFO Epoch 81 	 Batch 199	LR : 0.00086	Top1 Acc.: 76.40	CE Loss: 0.66	KSVD Loss: 0.00	KL Loss: 0.00	Tot. Loss: 0.66
2024-12-22 03:51:08,681 INFO Epoch 81 	 Batch 299	LR : 0.00086	Top1 Acc.: 76.96	CE Loss: 0.67	KSVD Loss: 0.00	KL Loss: 0.00	Tot. Loss: 0.67
2024-12-22 03:51:29,941 INFO ################## 
 ---> Validation Epoch 81	Acc.: 77.560	FPR: 72.816	AUROC: 84.135	AUPR: 55.304	AURC: 67.960	EAURC: 40.654	AUPR Succ.: 95.090	ECE: 2.751	NLL: 6.397	Brier: 31.368
2024-12-22 03:51:29,942 INFO ####### --- Training Epoch 82 --- #######
2024-12-22 03:51:42,740 INFO Epoch 82 	 Batch 99	LR : 0.00085	Top1 Acc.: 76.55	CE Loss: 0.67	KSVD Loss: 0.00	KL Loss: 0.00	Tot. Loss: 0.67
2024-12-22 03:51:55,246 INFO Epoch 82 	 Batch 199	LR : 0.00085	Top1 Acc.: 76.54	CE Loss: 0.66	KSVD Loss: 0.00	KL Loss: 0.00	Tot. Loss: 0.66
2024-12-22 03:52:07,754 INFO Epoch 82 	 Batch 299	LR : 0.00085	Top1 Acc.: 76.87	CE Loss: 0.66	KSVD Loss: 0.00	KL Loss: 0.00	Tot. Loss: 0.66
2024-12-22 03:52:29,133 INFO ################## 
 ---> Validation Epoch 82	Acc.: 78.680	FPR: 66.604	AUROC: 84.367	AUPR: 55.357	AURC: 63.155	EAURC: 38.615	AUPR Succ.: 95.372	ECE: 1.622	NLL: 6.116	Brier: 29.984
2024-12-22 03:52:29,133 INFO Accuracy improved from 78.16 to 78.68!!!
2024-12-22 03:52:29,165 INFO AURC decreased from 64.17 to 63.15!!!
2024-12-22 03:52:29,196 INFO ####### --- Training Epoch 83 --- #######
2024-12-22 03:52:41,883 INFO Epoch 83 	 Batch 99	LR : 0.00085	Top1 Acc.: 76.34	CE Loss: 0.67	KSVD Loss: 0.00	KL Loss: 0.00	Tot. Loss: 0.67
2024-12-22 03:52:54,323 INFO Epoch 83 	 Batch 199	LR : 0.00085	Top1 Acc.: 76.08	CE Loss: 0.67	KSVD Loss: 0.00	KL Loss: 0.00	Tot. Loss: 0.67
2024-12-22 03:53:06,706 INFO Epoch 83 	 Batch 299	LR : 0.00085	Top1 Acc.: 76.67	CE Loss: 0.67	KSVD Loss: 0.00	KL Loss: 0.00	Tot. Loss: 0.67
2024-12-22 03:53:27,990 INFO ################## 
 ---> Validation Epoch 83	Acc.: 77.880	FPR: 68.626	AUROC: 84.841	AUPR: 55.305	AURC: 65.051	EAURC: 38.552	AUPR Succ.: 95.345	ECE: 1.504	NLL: 6.241	Brier: 30.648
2024-12-22 03:53:27,991 INFO ####### --- Training Epoch 84 --- #######
2024-12-22 03:53:40,802 INFO Epoch 84 	 Batch 99	LR : 0.00084	Top1 Acc.: 77.51	CE Loss: 0.64	KSVD Loss: 0.00	KL Loss: 0.00	Tot. Loss: 0.64
2024-12-22 03:53:53,220 INFO Epoch 84 	 Batch 199	LR : 0.00084	Top1 Acc.: 76.91	CE Loss: 0.65	KSVD Loss: 0.00	KL Loss: 0.00	Tot. Loss: 0.65
2024-12-22 03:54:05,611 INFO Epoch 84 	 Batch 299	LR : 0.00084	Top1 Acc.: 76.06	CE Loss: 0.69	KSVD Loss: 0.00	KL Loss: 0.00	Tot. Loss: 0.69
2024-12-22 03:54:26,863 INFO ################## 
 ---> Validation Epoch 84	Acc.: 77.920	FPR: 71.467	AUROC: 84.864	AUPR: 57.664	AURC: 64.713	EAURC: 38.314	AUPR Succ.: 95.377	ECE: 1.728	NLL: 6.119	Brier: 30.272
2024-12-22 03:54:26,864 INFO ####### --- Training Epoch 85 --- #######
2024-12-22 03:54:39,611 INFO Epoch 85 	 Batch 99	LR : 0.00084	Top1 Acc.: 76.91	CE Loss: 0.65	KSVD Loss: 0.00	KL Loss: 0.00	Tot. Loss: 0.65
2024-12-22 03:54:52,081 INFO Epoch 85 	 Batch 199	LR : 0.00084	Top1 Acc.: 76.93	CE Loss: 0.65	KSVD Loss: 0.00	KL Loss: 0.00	Tot. Loss: 0.65
2024-12-22 03:55:04,577 INFO Epoch 85 	 Batch 299	LR : 0.00084	Top1 Acc.: 76.77	CE Loss: 0.66	KSVD Loss: 0.00	KL Loss: 0.00	Tot. Loss: 0.66
2024-12-22 03:55:25,893 INFO ################## 
 ---> Validation Epoch 85	Acc.: 78.500	FPR: 69.953	AUROC: 85.045	AUPR: 55.241	AURC: 61.385	EAURC: 36.411	AUPR Succ.: 95.637	ECE: 1.622	NLL: 6.038	Brier: 29.882
2024-12-22 03:55:25,893 INFO AURC decreased from 63.15 to 61.38!!!
2024-12-22 03:55:25,925 INFO ####### --- Training Epoch 86 --- #######
2024-12-22 03:55:38,725 INFO Epoch 86 	 Batch 99	LR : 0.00084	Top1 Acc.: 76.95	CE Loss: 0.65	KSVD Loss: 0.00	KL Loss: 0.00	Tot. Loss: 0.65
2024-12-22 03:55:51,204 INFO Epoch 86 	 Batch 199	LR : 0.00084	Top1 Acc.: 77.57	CE Loss: 0.64	KSVD Loss: 0.00	KL Loss: 0.00	Tot. Loss: 0.64
2024-12-22 03:56:03,700 INFO Epoch 86 	 Batch 299	LR : 0.00084	Top1 Acc.: 77.23	CE Loss: 0.65	KSVD Loss: 0.00	KL Loss: 0.00	Tot. Loss: 0.65
2024-12-22 03:56:24,989 INFO ################## 
 ---> Validation Epoch 86	Acc.: 78.180	FPR: 70.944	AUROC: 84.484	AUPR: 54.768	AURC: 64.588	EAURC: 38.833	AUPR Succ.: 95.331	ECE: 2.102	NLL: 6.275	Brier: 30.529
2024-12-22 03:56:24,990 INFO ####### --- Training Epoch 87 --- #######
2024-12-22 03:56:37,568 INFO Epoch 87 	 Batch 99	LR : 0.00083	Top1 Acc.: 77.16	CE Loss: 0.64	KSVD Loss: 0.00	KL Loss: 0.00	Tot. Loss: 0.64
2024-12-22 03:56:50,118 INFO Epoch 87 	 Batch 199	LR : 0.00083	Top1 Acc.: 77.38	CE Loss: 0.64	KSVD Loss: 0.00	KL Loss: 0.00	Tot. Loss: 0.64
2024-12-22 03:57:02,667 INFO Epoch 87 	 Batch 299	LR : 0.00083	Top1 Acc.: 76.25	CE Loss: 0.66	KSVD Loss: 0.00	KL Loss: 0.00	Tot. Loss: 0.66
2024-12-22 03:57:23,996 INFO ################## 
 ---> Validation Epoch 87	Acc.: 78.560	FPR: 67.164	AUROC: 85.030	AUPR: 57.489	AURC: 62.425	EAURC: 37.596	AUPR Succ.: 95.479	ECE: 1.815	NLL: 6.062	Brier: 29.762
2024-12-22 03:57:23,997 INFO ####### --- Training Epoch 88 --- #######
2024-12-22 03:57:36,865 INFO Epoch 88 	 Batch 99	LR : 0.00083	Top1 Acc.: 77.79	CE Loss: 0.63	KSVD Loss: 0.00	KL Loss: 0.00	Tot. Loss: 0.63
2024-12-22 03:57:49,444 INFO Epoch 88 	 Batch 199	LR : 0.00083	Top1 Acc.: 77.12	CE Loss: 0.65	KSVD Loss: 0.00	KL Loss: 0.00	Tot. Loss: 0.65
2024-12-22 03:58:02,017 INFO Epoch 88 	 Batch 299	LR : 0.00083	Top1 Acc.: 77.62	CE Loss: 0.64	KSVD Loss: 0.00	KL Loss: 0.00	Tot. Loss: 0.64
2024-12-22 03:58:23,389 INFO ################## 
 ---> Validation Epoch 88	Acc.: 78.540	FPR: 72.787	AUROC: 84.766	AUPR: 55.626	AURC: 61.932	EAURC: 37.055	AUPR Succ.: 95.564	ECE: 1.412	NLL: 5.999	Brier: 29.668
2024-12-22 03:58:23,390 INFO ####### --- Training Epoch 89 --- #######
2024-12-22 03:58:36,187 INFO Epoch 89 	 Batch 99	LR : 0.00082	Top1 Acc.: 77.23	CE Loss: 0.64	KSVD Loss: 0.00	KL Loss: 0.00	Tot. Loss: 0.64
2024-12-22 03:58:48,671 INFO Epoch 89 	 Batch 199	LR : 0.00082	Top1 Acc.: 77.52	CE Loss: 0.64	KSVD Loss: 0.00	KL Loss: 0.00	Tot. Loss: 0.64
2024-12-22 03:59:01,169 INFO Epoch 89 	 Batch 299	LR : 0.00082	Top1 Acc.: 77.20	CE Loss: 0.64	KSVD Loss: 0.00	KL Loss: 0.00	Tot. Loss: 0.64
2024-12-22 03:59:22,479 INFO ################## 
 ---> Validation Epoch 89	Acc.: 77.980	FPR: 71.026	AUROC: 83.850	AUPR: 55.274	AURC: 67.756	EAURC: 41.506	AUPR Succ.: 94.996	ECE: 1.452	NLL: 6.293	Brier: 30.871
2024-12-22 03:59:22,480 INFO ####### --- Training Epoch 90 --- #######
2024-12-22 03:59:35,280 INFO Epoch 90 	 Batch 99	LR : 0.00082	Top1 Acc.: 77.52	CE Loss: 0.64	KSVD Loss: 0.00	KL Loss: 0.00	Tot. Loss: 0.64
2024-12-22 03:59:47,755 INFO Epoch 90 	 Batch 199	LR : 0.00082	Top1 Acc.: 77.35	CE Loss: 0.64	KSVD Loss: 0.00	KL Loss: 0.00	Tot. Loss: 0.64
2024-12-22 04:00:00,242 INFO Epoch 90 	 Batch 299	LR : 0.00082	Top1 Acc.: 77.43	CE Loss: 0.64	KSVD Loss: 0.00	KL Loss: 0.00	Tot. Loss: 0.64
2024-12-22 04:00:21,563 INFO ################## 
 ---> Validation Epoch 90	Acc.: 78.300	FPR: 67.097	AUROC: 85.789	AUPR: 58.880	AURC: 61.420	EAURC: 35.960	AUPR Succ.: 95.659	ECE: 1.972	NLL: 5.971	Brier: 29.451
2024-12-22 04:00:21,563 INFO AUROC improved from 85.27 to 85.79!!!
2024-12-22 04:00:21,595 INFO ####### --- Training Epoch 91 --- #######
2024-12-22 04:00:34,417 INFO Epoch 91 	 Batch 99	LR : 0.00082	Top1 Acc.: 77.22	CE Loss: 0.64	KSVD Loss: 0.00	KL Loss: 0.00	Tot. Loss: 0.64
2024-12-22 04:00:46,877 INFO Epoch 91 	 Batch 199	LR : 0.00082	Top1 Acc.: 77.70	CE Loss: 0.63	KSVD Loss: 0.00	KL Loss: 0.00	Tot. Loss: 0.63
2024-12-22 04:00:59,347 INFO Epoch 91 	 Batch 299	LR : 0.00082	Top1 Acc.: 77.18	CE Loss: 0.64	KSVD Loss: 0.00	KL Loss: 0.00	Tot. Loss: 0.64
2024-12-22 04:01:20,635 INFO ################## 
 ---> Validation Epoch 91	Acc.: 78.660	FPR: 72.352	AUROC: 83.729	AUPR: 53.380	AURC: 64.766	EAURC: 40.178	AUPR Succ.: 95.196	ECE: 1.974	NLL: 6.192	Brier: 30.359
2024-12-22 04:01:20,636 INFO ####### --- Training Epoch 92 --- #######
2024-12-22 04:01:33,433 INFO Epoch 92 	 Batch 99	LR : 0.00081	Top1 Acc.: 77.91	CE Loss: 0.63	KSVD Loss: 0.00	KL Loss: 0.00	Tot. Loss: 0.63
2024-12-22 04:01:45,891 INFO Epoch 92 	 Batch 199	LR : 0.00081	Top1 Acc.: 77.95	CE Loss: 0.62	KSVD Loss: 0.00	KL Loss: 0.00	Tot. Loss: 0.62
2024-12-22 04:01:58,320 INFO Epoch 92 	 Batch 299	LR : 0.00081	Top1 Acc.: 76.87	CE Loss: 0.65	KSVD Loss: 0.00	KL Loss: 0.00	Tot. Loss: 0.65
2024-12-22 04:02:19,557 INFO ################## 
 ---> Validation Epoch 92	Acc.: 78.660	FPR: 71.978	AUROC: 84.812	AUPR: 54.008	AURC: 61.516	EAURC: 36.928	AUPR Succ.: 95.583	ECE: 2.298	NLL: 6.053	Brier: 29.722
2024-12-22 04:02:19,558 INFO ####### --- Training Epoch 93 --- #######
2024-12-22 04:02:32,459 INFO Epoch 93 	 Batch 99	LR : 0.00081	Top1 Acc.: 78.15	CE Loss: 0.62	KSVD Loss: 0.00	KL Loss: 0.00	Tot. Loss: 0.63
2024-12-22 04:02:44,967 INFO Epoch 93 	 Batch 199	LR : 0.00081	Top1 Acc.: 77.94	CE Loss: 0.63	KSVD Loss: 0.00	KL Loss: 0.00	Tot. Loss: 0.63
2024-12-22 04:02:57,449 INFO Epoch 93 	 Batch 299	LR : 0.00081	Top1 Acc.: 77.20	CE Loss: 0.65	KSVD Loss: 0.00	KL Loss: 0.00	Tot. Loss: 0.65
2024-12-22 04:03:18,710 INFO ################## 
 ---> Validation Epoch 93	Acc.: 78.700	FPR: 71.362	AUROC: 83.579	AUPR: 53.605	AURC: 65.526	EAURC: 41.034	AUPR Succ.: 95.088	ECE: 1.957	NLL: 6.104	Brier: 30.065
2024-12-22 04:03:18,711 INFO Accuracy improved from 78.68 to 78.70!!!
2024-12-22 04:03:18,742 INFO ####### --- Training Epoch 94 --- #######
2024-12-22 04:03:31,427 INFO Epoch 94 	 Batch 99	LR : 0.00080	Top1 Acc.: 78.13	CE Loss: 0.62	KSVD Loss: 0.00	KL Loss: 0.00	Tot. Loss: 0.62
2024-12-22 04:03:43,818 INFO Epoch 94 	 Batch 199	LR : 0.00080	Top1 Acc.: 77.71	CE Loss: 0.65	KSVD Loss: 0.00	KL Loss: 0.00	Tot. Loss: 0.65
2024-12-22 04:03:56,258 INFO Epoch 94 	 Batch 299	LR : 0.00080	Top1 Acc.: 77.86	CE Loss: 0.64	KSVD Loss: 0.00	KL Loss: 0.00	Tot. Loss: 0.64
2024-12-22 04:04:17,556 INFO ################## 
 ---> Validation Epoch 94	Acc.: 79.220	FPR: 73.821	AUROC: 83.978	AUPR: 52.282	AURC: 61.809	EAURC: 38.545	AUPR Succ.: 95.415	ECE: 1.909	NLL: 6.023	Brier: 29.413
2024-12-22 04:04:17,557 INFO Accuracy improved from 78.70 to 79.22!!!
2024-12-22 04:04:17,589 INFO ####### --- Training Epoch 95 --- #######
2024-12-22 04:04:30,380 INFO Epoch 95 	 Batch 99	LR : 0.00080	Top1 Acc.: 77.94	CE Loss: 0.63	KSVD Loss: 0.00	KL Loss: 0.00	Tot. Loss: 0.63
2024-12-22 04:04:42,839 INFO Epoch 95 	 Batch 199	LR : 0.00080	Top1 Acc.: 77.92	CE Loss: 0.62	KSVD Loss: 0.00	KL Loss: 0.00	Tot. Loss: 0.62
2024-12-22 04:04:55,298 INFO Epoch 95 	 Batch 299	LR : 0.00080	Top1 Acc.: 78.52	CE Loss: 0.62	KSVD Loss: 0.00	KL Loss: 0.00	Tot. Loss: 0.62
2024-12-22 04:05:16,616 INFO ################## 
 ---> Validation Epoch 95	Acc.: 78.920	FPR: 73.340	AUROC: 83.799	AUPR: 52.541	AURC: 63.399	EAURC: 39.431	AUPR Succ.: 95.297	ECE: 1.657	NLL: 6.095	Brier: 29.937
2024-12-22 04:05:16,617 INFO ####### --- Training Epoch 96 --- #######
2024-12-22 04:05:29,425 INFO Epoch 96 	 Batch 99	LR : 0.00080	Top1 Acc.: 79.26	CE Loss: 0.60	KSVD Loss: 0.00	KL Loss: 0.00	Tot. Loss: 0.60
2024-12-22 04:05:41,940 INFO Epoch 96 	 Batch 199	LR : 0.00080	Top1 Acc.: 78.06	CE Loss: 0.62	KSVD Loss: 0.00	KL Loss: 0.00	Tot. Loss: 0.62
2024-12-22 04:05:54,435 INFO Epoch 96 	 Batch 299	LR : 0.00080	Top1 Acc.: 77.98	CE Loss: 0.62	KSVD Loss: 0.00	KL Loss: 0.00	Tot. Loss: 0.62
2024-12-22 04:06:15,742 INFO ################## 
 ---> Validation Epoch 96	Acc.: 79.320	FPR: 67.892	AUROC: 85.448	AUPR: 55.479	AURC: 57.717	EAURC: 34.686	AUPR Succ.: 95.866	ECE: 2.340	NLL: 5.931	Brier: 28.911
2024-12-22 04:06:15,742 INFO Accuracy improved from 79.22 to 79.32!!!
2024-12-22 04:06:15,774 INFO AURC decreased from 61.38 to 57.72!!!
2024-12-22 04:06:15,805 INFO ####### --- Training Epoch 97 --- #######
2024-12-22 04:06:28,532 INFO Epoch 97 	 Batch 99	LR : 0.00079	Top1 Acc.: 78.03	CE Loss: 0.63	KSVD Loss: 0.00	KL Loss: 0.00	Tot. Loss: 0.63
2024-12-22 04:06:40,869 INFO Epoch 97 	 Batch 199	LR : 0.00079	Top1 Acc.: 78.20	CE Loss: 0.61	KSVD Loss: 0.00	KL Loss: 0.00	Tot. Loss: 0.61
2024-12-22 04:06:53,225 INFO Epoch 97 	 Batch 299	LR : 0.00079	Top1 Acc.: 77.98	CE Loss: 0.62	KSVD Loss: 0.00	KL Loss: 0.00	Tot. Loss: 0.62
2024-12-22 04:07:14,449 INFO ################## 
 ---> Validation Epoch 97	Acc.: 78.560	FPR: 70.802	AUROC: 84.638	AUPR: 55.849	AURC: 62.547	EAURC: 37.718	AUPR Succ.: 95.481	ECE: 2.713	NLL: 6.095	Brier: 29.993
2024-12-22 04:07:14,450 INFO ####### --- Training Epoch 98 --- #######
2024-12-22 04:07:27,012 INFO Epoch 98 	 Batch 99	LR : 0.00079	Top1 Acc.: 78.52	CE Loss: 0.61	KSVD Loss: 0.00	KL Loss: 0.00	Tot. Loss: 0.61
2024-12-22 04:07:39,253 INFO Epoch 98 	 Batch 199	LR : 0.00079	Top1 Acc.: 78.42	CE Loss: 0.61	KSVD Loss: 0.00	KL Loss: 0.00	Tot. Loss: 0.61
2024-12-22 04:07:51,494 INFO Epoch 98 	 Batch 299	LR : 0.00079	Top1 Acc.: 78.38	CE Loss: 0.60	KSVD Loss: 0.00	KL Loss: 0.00	Tot. Loss: 0.60
2024-12-22 04:08:12,666 INFO ################## 
 ---> Validation Epoch 98	Acc.: 79.320	FPR: 67.408	AUROC: 85.251	AUPR: 56.355	AURC: 58.101	EAURC: 35.069	AUPR Succ.: 95.822	ECE: 1.747	NLL: 5.838	Brier: 28.706
2024-12-22 04:08:12,667 INFO ####### --- Training Epoch 99 --- #######
2024-12-22 04:08:25,219 INFO Epoch 99 	 Batch 99	LR : 0.00078	Top1 Acc.: 78.82	CE Loss: 0.61	KSVD Loss: 0.00	KL Loss: 0.00	Tot. Loss: 0.61
2024-12-22 04:08:37,460 INFO Epoch 99 	 Batch 199	LR : 0.00078	Top1 Acc.: 78.95	CE Loss: 0.61	KSVD Loss: 0.00	KL Loss: 0.00	Tot. Loss: 0.61
2024-12-22 04:08:49,712 INFO Epoch 99 	 Batch 299	LR : 0.00078	Top1 Acc.: 78.24	CE Loss: 0.62	KSVD Loss: 0.00	KL Loss: 0.00	Tot. Loss: 0.62
2024-12-22 04:09:10,905 INFO ################## 
 ---> Validation Epoch 99	Acc.: 78.740	FPR: 69.708	AUROC: 84.832	AUPR: 55.392	AURC: 61.819	EAURC: 37.422	AUPR Succ.: 95.517	ECE: 2.273	NLL: 5.954	Brier: 29.482
2024-12-22 04:09:10,906 INFO ####### --- Training Epoch 100 --- #######
2024-12-22 04:09:23,709 INFO Epoch 100 	 Batch 99	LR : 0.00078	Top1 Acc.: 78.92	CE Loss: 0.60	KSVD Loss: 0.00	KL Loss: 0.00	Tot. Loss: 0.60
2024-12-22 04:09:36,189 INFO Epoch 100 	 Batch 199	LR : 0.00078	Top1 Acc.: 78.01	CE Loss: 0.62	KSVD Loss: 0.00	KL Loss: 0.00	Tot. Loss: 0.62
2024-12-22 04:09:48,660 INFO Epoch 100 	 Batch 299	LR : 0.00078	Top1 Acc.: 78.29	CE Loss: 0.61	KSVD Loss: 0.00	KL Loss: 0.00	Tot. Loss: 0.61
2024-12-22 04:10:09,959 INFO ################## 
 ---> Validation Epoch 100	Acc.: 80.020	FPR: 66.967	AUROC: 85.640	AUPR: 56.027	AURC: 54.529	EAURC: 33.088	AUPR Succ.: 96.081	ECE: 1.350	NLL: 5.666	Brier: 27.883
2024-12-22 04:10:09,960 INFO Accuracy improved from 79.32 to 80.02!!!
2024-12-22 04:10:09,991 INFO AURC decreased from 57.72 to 54.53!!!
2024-12-22 04:10:10,022 INFO ####### --- Training Epoch 101 --- #######
2024-12-22 04:10:22,700 INFO Epoch 101 	 Batch 99	LR : 0.00077	Top1 Acc.: 78.86	CE Loss: 0.60	KSVD Loss: 0.00	KL Loss: 0.00	Tot. Loss: 0.60
2024-12-22 04:10:35,076 INFO Epoch 101 	 Batch 199	LR : 0.00077	Top1 Acc.: 78.82	CE Loss: 0.60	KSVD Loss: 0.00	KL Loss: 0.00	Tot. Loss: 0.60
2024-12-22 04:10:47,440 INFO Epoch 101 	 Batch 299	LR : 0.00077	Top1 Acc.: 78.14	CE Loss: 0.62	KSVD Loss: 0.00	KL Loss: 0.00	Tot. Loss: 0.62
2024-12-22 04:11:08,660 INFO ################## 
 ---> Validation Epoch 101	Acc.: 78.680	FPR: 67.824	AUROC: 84.639	AUPR: 56.581	AURC: 62.074	EAURC: 37.533	AUPR Succ.: 95.505	ECE: 1.777	NLL: 6.056	Brier: 29.700
2024-12-22 04:11:08,661 INFO ####### --- Training Epoch 102 --- #######
2024-12-22 04:11:21,412 INFO Epoch 102 	 Batch 99	LR : 0.00077	Top1 Acc.: 78.84	CE Loss: 0.60	KSVD Loss: 0.00	KL Loss: 0.00	Tot. Loss: 0.60
2024-12-22 04:11:33,875 INFO Epoch 102 	 Batch 199	LR : 0.00077	Top1 Acc.: 78.30	CE Loss: 0.62	KSVD Loss: 0.00	KL Loss: 0.00	Tot. Loss: 0.62
2024-12-22 04:11:46,381 INFO Epoch 102 	 Batch 299	LR : 0.00077	Top1 Acc.: 79.50	CE Loss: 0.58	KSVD Loss: 0.00	KL Loss: 0.00	Tot. Loss: 0.58
2024-12-22 04:12:07,680 INFO ################## 
 ---> Validation Epoch 102	Acc.: 79.640	FPR: 71.415	AUROC: 84.500	AUPR: 54.063	AURC: 58.641	EAURC: 36.345	AUPR Succ.: 95.691	ECE: 1.625	NLL: 5.910	Brier: 28.818
2024-12-22 04:12:07,681 INFO ####### --- Training Epoch 103 --- #######
2024-12-22 04:12:20,384 INFO Epoch 103 	 Batch 99	LR : 0.00077	Top1 Acc.: 78.88	CE Loss: 0.59	KSVD Loss: 0.00	KL Loss: 0.00	Tot. Loss: 0.59
2024-12-22 04:12:32,765 INFO Epoch 103 	 Batch 199	LR : 0.00077	Top1 Acc.: 78.68	CE Loss: 0.61	KSVD Loss: 0.00	KL Loss: 0.00	Tot. Loss: 0.61
2024-12-22 04:12:45,165 INFO Epoch 103 	 Batch 299	LR : 0.00077	Top1 Acc.: 78.80	CE Loss: 0.60	KSVD Loss: 0.00	KL Loss: 0.00	Tot. Loss: 0.60
2024-12-22 04:13:06,469 INFO ################## 
 ---> Validation Epoch 103	Acc.: 79.540	FPR: 71.554	AUROC: 84.886	AUPR: 53.493	AURC: 58.272	EAURC: 35.747	AUPR Succ.: 95.754	ECE: 1.856	NLL: 5.845	Brier: 28.798
2024-12-22 04:13:06,470 INFO ####### --- Training Epoch 104 --- #######
2024-12-22 04:13:19,230 INFO Epoch 104 	 Batch 99	LR : 0.00076	Top1 Acc.: 79.41	CE Loss: 0.59	KSVD Loss: 0.00	KL Loss: 0.00	Tot. Loss: 0.59
2024-12-22 04:13:31,702 INFO Epoch 104 	 Batch 199	LR : 0.00076	Top1 Acc.: 78.73	CE Loss: 0.60	KSVD Loss: 0.00	KL Loss: 0.00	Tot. Loss: 0.60
2024-12-22 04:13:44,161 INFO Epoch 104 	 Batch 299	LR : 0.00076	Top1 Acc.: 78.80	CE Loss: 0.61	KSVD Loss: 0.00	KL Loss: 0.00	Tot. Loss: 0.61
2024-12-22 04:14:05,442 INFO ################## 
 ---> Validation Epoch 104	Acc.: 79.100	FPR: 70.048	AUROC: 85.001	AUPR: 53.724	AURC: 59.820	EAURC: 36.276	AUPR Succ.: 95.670	ECE: 2.555	NLL: 5.901	Brier: 29.148
2024-12-22 04:14:05,443 INFO ####### --- Training Epoch 105 --- #######
2024-12-22 04:14:18,162 INFO Epoch 105 	 Batch 99	LR : 0.00076	Top1 Acc.: 79.82	CE Loss: 0.57	KSVD Loss: 0.00	KL Loss: 0.00	Tot. Loss: 0.57
2024-12-22 04:14:30,578 INFO Epoch 105 	 Batch 199	LR : 0.00076	Top1 Acc.: 79.43	CE Loss: 0.60	KSVD Loss: 0.00	KL Loss: 0.00	Tot. Loss: 0.60
2024-12-22 04:14:43,011 INFO Epoch 105 	 Batch 299	LR : 0.00076	Top1 Acc.: 78.79	CE Loss: 0.61	KSVD Loss: 0.00	KL Loss: 0.00	Tot. Loss: 0.61
2024-12-22 04:15:04,279 INFO ################## 
 ---> Validation Epoch 105	Acc.: 80.480	FPR: 70.389	AUROC: 85.072	AUPR: 53.924	AURC: 54.178	EAURC: 33.749	AUPR Succ.: 96.024	ECE: 1.266	NLL: 5.671	Brier: 27.662
2024-12-22 04:15:04,279 INFO Accuracy improved from 80.02 to 80.48!!!
2024-12-22 04:15:04,311 INFO AURC decreased from 54.53 to 54.18!!!
2024-12-22 04:15:04,342 INFO ####### --- Training Epoch 106 --- #######
2024-12-22 04:15:17,159 INFO Epoch 106 	 Batch 99	LR : 0.00075	Top1 Acc.: 79.71	CE Loss: 0.58	KSVD Loss: 0.00	KL Loss: 0.00	Tot. Loss: 0.58
2024-12-22 04:15:29,639 INFO Epoch 106 	 Batch 199	LR : 0.00075	Top1 Acc.: 79.20	CE Loss: 0.59	KSVD Loss: 0.00	KL Loss: 0.00	Tot. Loss: 0.59
2024-12-22 04:15:42,127 INFO Epoch 106 	 Batch 299	LR : 0.00075	Top1 Acc.: 78.95	CE Loss: 0.59	KSVD Loss: 0.00	KL Loss: 0.00	Tot. Loss: 0.59
2024-12-22 04:16:03,421 INFO ################## 
 ---> Validation Epoch 106	Acc.: 78.360	FPR: 69.778	AUROC: 84.917	AUPR: 55.836	AURC: 62.270	EAURC: 36.956	AUPR Succ.: 95.568	ECE: 2.366	NLL: 6.156	Brier: 30.194
2024-12-22 04:16:03,422 INFO ####### --- Training Epoch 107 --- #######
2024-12-22 04:16:16,267 INFO Epoch 107 	 Batch 99	LR : 0.00075	Top1 Acc.: 78.87	CE Loss: 0.59	KSVD Loss: 0.00	KL Loss: 0.00	Tot. Loss: 0.59
2024-12-22 04:16:28,762 INFO Epoch 107 	 Batch 199	LR : 0.00075	Top1 Acc.: 78.92	CE Loss: 0.59	KSVD Loss: 0.00	KL Loss: 0.00	Tot. Loss: 0.59
2024-12-22 04:16:41,240 INFO Epoch 107 	 Batch 299	LR : 0.00075	Top1 Acc.: 78.54	CE Loss: 0.60	KSVD Loss: 0.00	KL Loss: 0.00	Tot. Loss: 0.60
2024-12-22 04:17:02,564 INFO ################## 
 ---> Validation Epoch 107	Acc.: 80.100	FPR: 69.246	AUROC: 85.143	AUPR: 53.951	AURC: 55.589	EAURC: 34.326	AUPR Succ.: 95.939	ECE: 1.905	NLL: 5.711	Brier: 27.954
2024-12-22 04:17:02,565 INFO ####### --- Training Epoch 108 --- #######
2024-12-22 04:17:15,347 INFO Epoch 108 	 Batch 99	LR : 0.00074	Top1 Acc.: 79.26	CE Loss: 0.58	KSVD Loss: 0.00	KL Loss: 0.00	Tot. Loss: 0.58
2024-12-22 04:17:27,784 INFO Epoch 108 	 Batch 199	LR : 0.00074	Top1 Acc.: 79.23	CE Loss: 0.58	KSVD Loss: 0.00	KL Loss: 0.00	Tot. Loss: 0.58
2024-12-22 04:17:40,145 INFO Epoch 108 	 Batch 299	LR : 0.00074	Top1 Acc.: 79.59	CE Loss: 0.59	KSVD Loss: 0.00	KL Loss: 0.00	Tot. Loss: 0.59
2024-12-22 04:18:01,391 INFO ################## 
 ---> Validation Epoch 108	Acc.: 80.120	FPR: 66.197	AUROC: 85.630	AUPR: 56.129	AURC: 53.864	EAURC: 32.646	AUPR Succ.: 96.140	ECE: 1.536	NLL: 5.698	Brier: 27.900
2024-12-22 04:18:01,391 INFO AURC decreased from 54.18 to 53.86!!!
2024-12-22 04:18:01,423 INFO ####### --- Training Epoch 109 --- #######
2024-12-22 04:18:14,162 INFO Epoch 109 	 Batch 99	LR : 0.00074	Top1 Acc.: 79.65	CE Loss: 0.57	KSVD Loss: 0.00	KL Loss: 0.00	Tot. Loss: 0.57
2024-12-22 04:18:26,561 INFO Epoch 109 	 Batch 199	LR : 0.00074	Top1 Acc.: 79.38	CE Loss: 0.59	KSVD Loss: 0.00	KL Loss: 0.00	Tot. Loss: 0.59
2024-12-22 04:18:38,980 INFO Epoch 109 	 Batch 299	LR : 0.00074	Top1 Acc.: 78.92	CE Loss: 0.59	KSVD Loss: 0.00	KL Loss: 0.00	Tot. Loss: 0.59
2024-12-22 04:19:00,248 INFO ################## 
 ---> Validation Epoch 109	Acc.: 79.520	FPR: 73.926	AUROC: 83.889	AUPR: 51.735	AURC: 60.557	EAURC: 37.986	AUPR Succ.: 95.499	ECE: 3.102	NLL: 6.037	Brier: 29.391
2024-12-22 04:19:00,249 INFO ####### --- Training Epoch 110 --- #######
2024-12-22 04:19:13,053 INFO Epoch 110 	 Batch 99	LR : 0.00073	Top1 Acc.: 80.27	CE Loss: 0.56	KSVD Loss: 0.00	KL Loss: 0.00	Tot. Loss: 0.56
2024-12-22 04:19:25,473 INFO Epoch 110 	 Batch 199	LR : 0.00073	Top1 Acc.: 79.36	CE Loss: 0.59	KSVD Loss: 0.00	KL Loss: 0.00	Tot. Loss: 0.59
2024-12-22 04:19:37,858 INFO Epoch 110 	 Batch 299	LR : 0.00073	Top1 Acc.: 78.73	CE Loss: 0.59	KSVD Loss: 0.00	KL Loss: 0.00	Tot. Loss: 0.59
2024-12-22 04:19:59,139 INFO ################## 
 ---> Validation Epoch 110	Acc.: 79.140	FPR: 69.223	AUROC: 84.817	AUPR: 54.870	AURC: 60.103	EAURC: 36.652	AUPR Succ.: 95.627	ECE: 2.374	NLL: 5.944	Brier: 29.253
2024-12-22 04:19:59,140 INFO ####### --- Training Epoch 111 --- #######
2024-12-22 04:20:11,832 INFO Epoch 111 	 Batch 99	LR : 0.00073	Top1 Acc.: 79.88	CE Loss: 0.57	KSVD Loss: 0.00	KL Loss: 0.00	Tot. Loss: 0.57
2024-12-22 04:20:24,217 INFO Epoch 111 	 Batch 199	LR : 0.00073	Top1 Acc.: 79.36	CE Loss: 0.58	KSVD Loss: 0.00	KL Loss: 0.00	Tot. Loss: 0.58
2024-12-22 04:20:36,563 INFO Epoch 111 	 Batch 299	LR : 0.00073	Top1 Acc.: 79.74	CE Loss: 0.58	KSVD Loss: 0.00	KL Loss: 0.00	Tot. Loss: 0.58
2024-12-22 04:20:57,836 INFO ################## 
 ---> Validation Epoch 111	Acc.: 80.180	FPR: 73.158	AUROC: 84.196	AUPR: 50.539	AURC: 57.445	EAURC: 36.359	AUPR Succ.: 95.712	ECE: 2.207	NLL: 5.780	Brier: 28.334
2024-12-22 04:20:57,837 INFO ####### --- Training Epoch 112 --- #######
2024-12-22 04:21:10,647 INFO Epoch 112 	 Batch 99	LR : 0.00073	Top1 Acc.: 80.17	CE Loss: 0.56	KSVD Loss: 0.00	KL Loss: 0.00	Tot. Loss: 0.56
2024-12-22 04:21:23,111 INFO Epoch 112 	 Batch 199	LR : 0.00073	Top1 Acc.: 79.47	CE Loss: 0.58	KSVD Loss: 0.00	KL Loss: 0.00	Tot. Loss: 0.58
2024-12-22 04:21:35,518 INFO Epoch 112 	 Batch 299	LR : 0.00073	Top1 Acc.: 79.11	CE Loss: 0.59	KSVD Loss: 0.00	KL Loss: 0.00	Tot. Loss: 0.59
2024-12-22 04:21:56,783 INFO ################## 
 ---> Validation Epoch 112	Acc.: 79.960	FPR: 64.770	AUROC: 86.025	AUPR: 56.330	AURC: 54.008	EAURC: 32.434	AUPR Succ.: 96.151	ECE: 2.030	NLL: 5.596	Brier: 27.706
2024-12-22 04:21:56,784 INFO AUROC improved from 85.79 to 86.03!!!
2024-12-22 04:21:56,816 INFO ####### --- Training Epoch 113 --- #######
2024-12-22 04:22:09,581 INFO Epoch 113 	 Batch 99	LR : 0.00072	Top1 Acc.: 79.41	CE Loss: 0.58	KSVD Loss: 0.00	KL Loss: 0.00	Tot. Loss: 0.58
2024-12-22 04:22:22,010 INFO Epoch 113 	 Batch 199	LR : 0.00072	Top1 Acc.: 79.95	CE Loss: 0.57	KSVD Loss: 0.00	KL Loss: 0.00	Tot. Loss: 0.57
2024-12-22 04:22:34,392 INFO Epoch 113 	 Batch 299	LR : 0.00072	Top1 Acc.: 79.73	CE Loss: 0.57	KSVD Loss: 0.00	KL Loss: 0.00	Tot. Loss: 0.57
2024-12-22 04:22:55,618 INFO ################## 
 ---> Validation Epoch 113	Acc.: 80.760	FPR: 68.815	AUROC: 85.607	AUPR: 54.366	AURC: 51.581	EAURC: 31.755	AUPR Succ.: 96.268	ECE: 1.563	NLL: 5.468	Brier: 26.895
2024-12-22 04:22:55,618 INFO Accuracy improved from 80.48 to 80.76!!!
2024-12-22 04:22:55,650 INFO AURC decreased from 53.86 to 51.58!!!
2024-12-22 04:22:55,680 INFO ####### --- Training Epoch 114 --- #######
2024-12-22 04:23:08,431 INFO Epoch 114 	 Batch 99	LR : 0.00072	Top1 Acc.: 80.07	CE Loss: 0.56	KSVD Loss: 0.00	KL Loss: 0.00	Tot. Loss: 0.56
2024-12-22 04:23:20,846 INFO Epoch 114 	 Batch 199	LR : 0.00072	Top1 Acc.: 79.60	CE Loss: 0.58	KSVD Loss: 0.00	KL Loss: 0.00	Tot. Loss: 0.58
2024-12-22 04:23:33,327 INFO Epoch 114 	 Batch 299	LR : 0.00072	Top1 Acc.: 79.74	CE Loss: 0.58	KSVD Loss: 0.00	KL Loss: 0.00	Tot. Loss: 0.58
2024-12-22 04:23:54,651 INFO ################## 
 ---> Validation Epoch 114	Acc.: 80.480	FPR: 65.574	AUROC: 85.539	AUPR: 55.092	AURC: 53.420	EAURC: 32.991	AUPR Succ.: 96.105	ECE: 1.267	NLL: 5.612	Brier: 27.428
2024-12-22 04:23:54,652 INFO ####### --- Training Epoch 115 --- #######
2024-12-22 04:24:07,397 INFO Epoch 115 	 Batch 99	LR : 0.00071	Top1 Acc.: 80.26	CE Loss: 0.56	KSVD Loss: 0.00	KL Loss: 0.00	Tot. Loss: 0.56
2024-12-22 04:24:19,803 INFO Epoch 115 	 Batch 199	LR : 0.00071	Top1 Acc.: 79.88	CE Loss: 0.57	KSVD Loss: 0.00	KL Loss: 0.00	Tot. Loss: 0.57
2024-12-22 04:24:32,168 INFO Epoch 115 	 Batch 299	LR : 0.00071	Top1 Acc.: 79.53	CE Loss: 0.57	KSVD Loss: 0.00	KL Loss: 0.00	Tot. Loss: 0.57
2024-12-22 04:24:53,416 INFO ################## 
 ---> Validation Epoch 115	Acc.: 80.900	FPR: 67.749	AUROC: 85.288	AUPR: 53.852	AURC: 51.755	EAURC: 32.227	AUPR Succ.: 96.219	ECE: 2.107	NLL: 5.614	Brier: 27.440
2024-12-22 04:24:53,417 INFO Accuracy improved from 80.76 to 80.90!!!
2024-12-22 04:24:53,449 INFO ####### --- Training Epoch 116 --- #######
2024-12-22 04:25:06,217 INFO Epoch 116 	 Batch 99	LR : 0.00071	Top1 Acc.: 80.05	CE Loss: 0.56	KSVD Loss: 0.00	KL Loss: 0.00	Tot. Loss: 0.56
2024-12-22 04:25:18,623 INFO Epoch 116 	 Batch 199	LR : 0.00071	Top1 Acc.: 80.43	CE Loss: 0.56	KSVD Loss: 0.00	KL Loss: 0.00	Tot. Loss: 0.56
2024-12-22 04:25:30,998 INFO Epoch 116 	 Batch 299	LR : 0.00071	Top1 Acc.: 80.41	CE Loss: 0.57	KSVD Loss: 0.00	KL Loss: 0.00	Tot. Loss: 0.57
2024-12-22 04:25:52,296 INFO ################## 
 ---> Validation Epoch 116	Acc.: 80.120	FPR: 65.392	AUROC: 86.104	AUPR: 56.636	AURC: 52.951	EAURC: 31.732	AUPR Succ.: 96.243	ECE: 2.496	NLL: 5.586	Brier: 27.376
2024-12-22 04:25:52,297 INFO AUROC improved from 86.03 to 86.10!!!
2024-12-22 04:25:52,328 INFO ####### --- Training Epoch 117 --- #######
2024-12-22 04:26:05,166 INFO Epoch 117 	 Batch 99	LR : 0.00070	Top1 Acc.: 80.09	CE Loss: 0.56	KSVD Loss: 0.00	KL Loss: 0.00	Tot. Loss: 0.56
2024-12-22 04:26:17,656 INFO Epoch 117 	 Batch 199	LR : 0.00070	Top1 Acc.: 79.73	CE Loss: 0.57	KSVD Loss: 0.00	KL Loss: 0.00	Tot. Loss: 0.57
2024-12-22 04:26:30,139 INFO Epoch 117 	 Batch 299	LR : 0.00070	Top1 Acc.: 80.59	CE Loss: 0.56	KSVD Loss: 0.00	KL Loss: 0.00	Tot. Loss: 0.56
2024-12-22 04:26:51,451 INFO ################## 
 ---> Validation Epoch 117	Acc.: 80.800	FPR: 65.312	AUROC: 85.449	AUPR: 55.868	AURC: 51.866	EAURC: 32.126	AUPR Succ.: 96.224	ECE: 2.222	NLL: 5.655	Brier: 27.320
2024-12-22 04:26:51,452 INFO ####### --- Training Epoch 118 --- #######
2024-12-22 04:27:04,190 INFO Epoch 118 	 Batch 99	LR : 0.00070	Top1 Acc.: 80.76	CE Loss: 0.54	KSVD Loss: 0.00	KL Loss: 0.00	Tot. Loss: 0.54
2024-12-22 04:27:16,582 INFO Epoch 118 	 Batch 199	LR : 0.00070	Top1 Acc.: 80.16	CE Loss: 0.56	KSVD Loss: 0.00	KL Loss: 0.00	Tot. Loss: 0.56
2024-12-22 04:27:28,976 INFO Epoch 118 	 Batch 299	LR : 0.00070	Top1 Acc.: 80.45	CE Loss: 0.56	KSVD Loss: 0.00	KL Loss: 0.00	Tot. Loss: 0.56
2024-12-22 04:27:50,206 INFO ################## 
 ---> Validation Epoch 118	Acc.: 80.540	FPR: 71.326	AUROC: 84.816	AUPR: 53.030	AURC: 54.171	EAURC: 33.872	AUPR Succ.: 96.019	ECE: 2.559	NLL: 5.792	Brier: 27.876
2024-12-22 04:27:50,207 INFO ####### --- Training Epoch 119 --- #######
2024-12-22 04:28:03,013 INFO Epoch 119 	 Batch 99	LR : 0.00069	Top1 Acc.: 80.66	CE Loss: 0.55	KSVD Loss: 0.00	KL Loss: 0.00	Tot. Loss: 0.55
2024-12-22 04:28:15,524 INFO Epoch 119 	 Batch 199	LR : 0.00069	Top1 Acc.: 79.98	CE Loss: 0.56	KSVD Loss: 0.00	KL Loss: 0.00	Tot. Loss: 0.56
2024-12-22 04:28:28,030 INFO Epoch 119 	 Batch 299	LR : 0.00069	Top1 Acc.: 79.58	CE Loss: 0.57	KSVD Loss: 0.00	KL Loss: 0.00	Tot. Loss: 0.57
2024-12-22 04:28:49,382 INFO ################## 
 ---> Validation Epoch 119	Acc.: 80.900	FPR: 66.597	AUROC: 85.458	AUPR: 52.811	AURC: 51.699	EAURC: 32.171	AUPR Succ.: 96.224	ECE: 2.133	NLL: 5.503	Brier: 26.915
2024-12-22 04:28:49,383 INFO ####### --- Training Epoch 120 --- #######
2024-12-22 04:29:02,122 INFO Epoch 120 	 Batch 99	LR : 0.00069	Top1 Acc.: 79.86	CE Loss: 0.56	KSVD Loss: 0.00	KL Loss: 0.00	Tot. Loss: 0.56
2024-12-22 04:29:14,482 INFO Epoch 120 	 Batch 199	LR : 0.00069	Top1 Acc.: 80.59	CE Loss: 0.55	KSVD Loss: 0.00	KL Loss: 0.00	Tot. Loss: 0.55
2024-12-22 04:29:26,841 INFO Epoch 120 	 Batch 299	LR : 0.00069	Top1 Acc.: 80.86	CE Loss: 0.54	KSVD Loss: 0.00	KL Loss: 0.00	Tot. Loss: 0.54
2024-12-22 04:29:48,054 INFO ################## 
 ---> Validation Epoch 120	Acc.: 80.520	FPR: 66.016	AUROC: 85.861	AUPR: 56.601	AURC: 52.649	EAURC: 32.308	AUPR Succ.: 96.183	ECE: 1.978	NLL: 5.572	Brier: 27.091
2024-12-22 04:29:48,055 INFO ####### --- Training Epoch 121 --- #######
2024-12-22 04:30:00,744 INFO Epoch 121 	 Batch 99	LR : 0.00068	Top1 Acc.: 80.68	CE Loss: 0.55	KSVD Loss: 0.00	KL Loss: 0.00	Tot. Loss: 0.55
2024-12-22 04:30:13,108 INFO Epoch 121 	 Batch 199	LR : 0.00068	Top1 Acc.: 80.17	CE Loss: 0.56	KSVD Loss: 0.00	KL Loss: 0.00	Tot. Loss: 0.56
2024-12-22 04:30:25,503 INFO Epoch 121 	 Batch 299	LR : 0.00068	Top1 Acc.: 80.08	CE Loss: 0.55	KSVD Loss: 0.00	KL Loss: 0.00	Tot. Loss: 0.55
2024-12-22 04:30:46,729 INFO ################## 
 ---> Validation Epoch 121	Acc.: 80.640	FPR: 69.008	AUROC: 85.703	AUPR: 53.944	AURC: 51.745	EAURC: 31.663	AUPR Succ.: 96.276	ECE: 1.553	NLL: 5.537	Brier: 27.278
2024-12-22 04:30:46,730 INFO ####### --- Training Epoch 122 --- #######
2024-12-22 04:30:59,471 INFO Epoch 122 	 Batch 99	LR : 0.00068	Top1 Acc.: 81.47	CE Loss: 0.53	KSVD Loss: 0.00	KL Loss: 0.00	Tot. Loss: 0.53
2024-12-22 04:31:11,833 INFO Epoch 122 	 Batch 199	LR : 0.00068	Top1 Acc.: 80.32	CE Loss: 0.56	KSVD Loss: 0.00	KL Loss: 0.00	Tot. Loss: 0.56
2024-12-22 04:31:24,203 INFO Epoch 122 	 Batch 299	LR : 0.00068	Top1 Acc.: 80.23	CE Loss: 0.56	KSVD Loss: 0.00	KL Loss: 0.00	Tot. Loss: 0.56
2024-12-22 04:31:45,493 INFO ################## 
 ---> Validation Epoch 122	Acc.: 80.880	FPR: 69.770	AUROC: 85.459	AUPR: 53.517	AURC: 51.632	EAURC: 32.063	AUPR Succ.: 96.237	ECE: 2.355	NLL: 5.436	Brier: 26.928
2024-12-22 04:31:45,494 INFO ####### --- Training Epoch 123 --- #######
2024-12-22 04:31:58,267 INFO Epoch 123 	 Batch 99	LR : 0.00067	Top1 Acc.: 80.68	CE Loss: 0.54	KSVD Loss: 0.00	KL Loss: 0.00	Tot. Loss: 0.54
2024-12-22 04:32:10,720 INFO Epoch 123 	 Batch 199	LR : 0.00067	Top1 Acc.: 80.48	CE Loss: 0.55	KSVD Loss: 0.00	KL Loss: 0.00	Tot. Loss: 0.55
2024-12-22 04:32:23,121 INFO Epoch 123 	 Batch 299	LR : 0.00067	Top1 Acc.: 80.57	CE Loss: 0.55	KSVD Loss: 0.00	KL Loss: 0.00	Tot. Loss: 0.55
2024-12-22 04:32:44,371 INFO ################## 
 ---> Validation Epoch 123	Acc.: 81.360	FPR: 68.455	AUROC: 84.918	AUPR: 51.076	AURC: 51.309	EAURC: 32.743	AUPR Succ.: 96.174	ECE: 1.704	NLL: 5.451	Brier: 26.713
2024-12-22 04:32:44,371 INFO Accuracy improved from 80.90 to 81.36!!!
2024-12-22 04:32:44,403 INFO AURC decreased from 51.58 to 51.31!!!
2024-12-22 04:32:44,434 INFO ####### --- Training Epoch 124 --- #######
2024-12-22 04:32:57,231 INFO Epoch 124 	 Batch 99	LR : 0.00067	Top1 Acc.: 80.91	CE Loss: 0.53	KSVD Loss: 0.00	KL Loss: 0.00	Tot. Loss: 0.53
2024-12-22 04:33:09,697 INFO Epoch 124 	 Batch 199	LR : 0.00067	Top1 Acc.: 80.91	CE Loss: 0.55	KSVD Loss: 0.00	KL Loss: 0.00	Tot. Loss: 0.55
2024-12-22 04:33:22,105 INFO Epoch 124 	 Batch 299	LR : 0.00067	Top1 Acc.: 80.41	CE Loss: 0.55	KSVD Loss: 0.00	KL Loss: 0.00	Tot. Loss: 0.55
2024-12-22 04:33:43,367 INFO ################## 
 ---> Validation Epoch 124	Acc.: 80.600	FPR: 67.938	AUROC: 85.810	AUPR: 54.703	AURC: 51.879	EAURC: 31.710	AUPR Succ.: 96.265	ECE: 1.943	NLL: 5.467	Brier: 27.045
2024-12-22 04:33:43,368 INFO ####### --- Training Epoch 125 --- #######
2024-12-22 04:33:56,081 INFO Epoch 125 	 Batch 99	LR : 0.00066	Top1 Acc.: 81.25	CE Loss: 0.53	KSVD Loss: 0.00	KL Loss: 0.00	Tot. Loss: 0.53
2024-12-22 04:34:08,501 INFO Epoch 125 	 Batch 199	LR : 0.00066	Top1 Acc.: 80.56	CE Loss: 0.54	KSVD Loss: 0.00	KL Loss: 0.00	Tot. Loss: 0.54
2024-12-22 04:34:20,879 INFO Epoch 125 	 Batch 299	LR : 0.00066	Top1 Acc.: 80.64	CE Loss: 0.56	KSVD Loss: 0.00	KL Loss: 0.00	Tot. Loss: 0.56
2024-12-22 04:34:42,130 INFO ################## 
 ---> Validation Epoch 125	Acc.: 80.380	FPR: 67.788	AUROC: 86.021	AUPR: 55.942	AURC: 52.031	EAURC: 31.384	AUPR Succ.: 96.297	ECE: 3.218	NLL: 5.624	Brier: 27.447
2024-12-22 04:34:42,131 INFO ####### --- Training Epoch 126 --- #######
2024-12-22 04:34:54,880 INFO Epoch 126 	 Batch 99	LR : 0.00066	Top1 Acc.: 80.53	CE Loss: 0.54	KSVD Loss: 0.00	KL Loss: 0.00	Tot. Loss: 0.54
2024-12-22 04:35:07,240 INFO Epoch 126 	 Batch 199	LR : 0.00066	Top1 Acc.: 80.76	CE Loss: 0.55	KSVD Loss: 0.00	KL Loss: 0.00	Tot. Loss: 0.55
2024-12-22 04:35:19,606 INFO Epoch 126 	 Batch 299	LR : 0.00066	Top1 Acc.: 80.30	CE Loss: 0.56	KSVD Loss: 0.00	KL Loss: 0.00	Tot. Loss: 0.56
2024-12-22 04:35:40,842 INFO ################## 
 ---> Validation Epoch 126	Acc.: 80.200	FPR: 70.000	AUROC: 85.399	AUPR: 54.332	AURC: 54.249	EAURC: 33.208	AUPR Succ.: 96.079	ECE: 2.144	NLL: 5.630	Brier: 27.747
2024-12-22 04:35:40,844 INFO ####### --- Training Epoch 127 --- #######
2024-12-22 04:35:53,603 INFO Epoch 127 	 Batch 99	LR : 0.00065	Top1 Acc.: 80.96	CE Loss: 0.54	KSVD Loss: 0.00	KL Loss: 0.00	Tot. Loss: 0.54
2024-12-22 04:36:05,990 INFO Epoch 127 	 Batch 199	LR : 0.00065	Top1 Acc.: 81.23	CE Loss: 0.54	KSVD Loss: 0.00	KL Loss: 0.00	Tot. Loss: 0.54
2024-12-22 04:36:18,405 INFO Epoch 127 	 Batch 299	LR : 0.00065	Top1 Acc.: 81.64	CE Loss: 0.53	KSVD Loss: 0.00	KL Loss: 0.00	Tot. Loss: 0.53
2024-12-22 04:36:39,701 INFO ################## 
 ---> Validation Epoch 127	Acc.: 80.740	FPR: 66.147	AUROC: 86.007	AUPR: 55.905	AURC: 51.099	EAURC: 31.231	AUPR Succ.: 96.322	ECE: 2.914	NLL: 5.524	Brier: 26.934
2024-12-22 04:36:39,702 INFO AURC decreased from 51.31 to 51.10!!!
2024-12-22 04:36:39,733 INFO ####### --- Training Epoch 128 --- #######
2024-12-22 04:36:52,502 INFO Epoch 128 	 Batch 99	LR : 0.00065	Top1 Acc.: 81.03	CE Loss: 0.53	KSVD Loss: 0.00	KL Loss: 0.00	Tot. Loss: 0.53
2024-12-22 04:37:04,951 INFO Epoch 128 	 Batch 199	LR : 0.00065	Top1 Acc.: 81.66	CE Loss: 0.53	KSVD Loss: 0.00	KL Loss: 0.00	Tot. Loss: 0.53
2024-12-22 04:37:17,395 INFO Epoch 128 	 Batch 299	LR : 0.00065	Top1 Acc.: 81.13	CE Loss: 0.54	KSVD Loss: 0.00	KL Loss: 0.00	Tot. Loss: 0.54
2024-12-22 04:37:38,685 INFO ################## 
 ---> Validation Epoch 128	Acc.: 79.860	FPR: 66.832	AUROC: 85.416	AUPR: 56.439	AURC: 56.111	EAURC: 34.312	AUPR Succ.: 95.925	ECE: 3.469	NLL: 5.720	Brier: 27.972
2024-12-22 04:37:38,686 INFO ####### --- Training Epoch 129 --- #######
2024-12-22 04:37:51,528 INFO Epoch 129 	 Batch 99	LR : 0.00064	Top1 Acc.: 81.13	CE Loss: 0.52	KSVD Loss: 0.00	KL Loss: 0.00	Tot. Loss: 0.52
2024-12-22 04:38:03,970 INFO Epoch 129 	 Batch 199	LR : 0.00064	Top1 Acc.: 81.27	CE Loss: 0.53	KSVD Loss: 0.00	KL Loss: 0.00	Tot. Loss: 0.53
2024-12-22 04:38:16,406 INFO Epoch 129 	 Batch 299	LR : 0.00064	Top1 Acc.: 80.65	CE Loss: 0.55	KSVD Loss: 0.00	KL Loss: 0.00	Tot. Loss: 0.55
2024-12-22 04:38:37,668 INFO ################## 
 ---> Validation Epoch 129	Acc.: 80.620	FPR: 66.976	AUROC: 85.335	AUPR: 54.833	AURC: 53.137	EAURC: 33.011	AUPR Succ.: 96.112	ECE: 2.624	NLL: 5.577	Brier: 27.250
2024-12-22 04:38:37,669 INFO ####### --- Training Epoch 130 --- #######
2024-12-22 04:38:50,412 INFO Epoch 130 	 Batch 99	LR : 0.00064	Top1 Acc.: 80.88	CE Loss: 0.53	KSVD Loss: 0.00	KL Loss: 0.00	Tot. Loss: 0.53
2024-12-22 04:39:02,821 INFO Epoch 130 	 Batch 199	LR : 0.00064	Top1 Acc.: 81.54	CE Loss: 0.52	KSVD Loss: 0.00	KL Loss: 0.00	Tot. Loss: 0.52
2024-12-22 04:39:15,218 INFO Epoch 130 	 Batch 299	LR : 0.00064	Top1 Acc.: 80.92	CE Loss: 0.54	KSVD Loss: 0.00	KL Loss: 0.00	Tot. Loss: 0.54
2024-12-22 04:39:36,496 INFO ################## 
 ---> Validation Epoch 130	Acc.: 81.020	FPR: 67.018	AUROC: 86.009	AUPR: 54.744	AURC: 49.962	EAURC: 30.688	AUPR Succ.: 96.397	ECE: 2.047	NLL: 5.410	Brier: 26.507
2024-12-22 04:39:36,497 INFO AURC decreased from 51.10 to 49.96!!!
2024-12-22 04:39:36,528 INFO ####### --- Training Epoch 131 --- #######
2024-12-22 04:39:49,278 INFO Epoch 131 	 Batch 99	LR : 0.00063	Top1 Acc.: 81.16	CE Loss: 0.52	KSVD Loss: 0.00	KL Loss: 0.00	Tot. Loss: 0.52
2024-12-22 04:40:01,725 INFO Epoch 131 	 Batch 199	LR : 0.00063	Top1 Acc.: 81.30	CE Loss: 0.53	KSVD Loss: 0.00	KL Loss: 0.00	Tot. Loss: 0.53
2024-12-22 04:40:14,132 INFO Epoch 131 	 Batch 299	LR : 0.00063	Top1 Acc.: 81.39	CE Loss: 0.52	KSVD Loss: 0.00	KL Loss: 0.00	Tot. Loss: 0.52
2024-12-22 04:40:35,396 INFO ################## 
 ---> Validation Epoch 131	Acc.: 81.160	FPR: 71.125	AUROC: 84.960	AUPR: 52.247	AURC: 51.989	EAURC: 33.008	AUPR Succ.: 96.138	ECE: 2.071	NLL: 5.465	Brier: 26.908
2024-12-22 04:40:35,397 INFO ####### --- Training Epoch 132 --- #######
2024-12-22 04:40:48,151 INFO Epoch 132 	 Batch 99	LR : 0.00063	Top1 Acc.: 82.15	CE Loss: 0.51	KSVD Loss: 0.00	KL Loss: 0.00	Tot. Loss: 0.51
2024-12-22 04:41:00,588 INFO Epoch 132 	 Batch 199	LR : 0.00063	Top1 Acc.: 80.56	CE Loss: 0.54	KSVD Loss: 0.00	KL Loss: 0.00	Tot. Loss: 0.54
2024-12-22 04:41:12,991 INFO Epoch 132 	 Batch 299	LR : 0.00063	Top1 Acc.: 81.22	CE Loss: 0.53	KSVD Loss: 0.00	KL Loss: 0.00	Tot. Loss: 0.53
2024-12-22 04:41:34,225 INFO ################## 
 ---> Validation Epoch 132	Acc.: 80.500	FPR: 70.872	AUROC: 84.726	AUPR: 52.881	AURC: 55.039	EAURC: 34.654	AUPR Succ.: 95.920	ECE: 2.379	NLL: 5.669	Brier: 27.710
2024-12-22 04:41:34,226 INFO ####### --- Training Epoch 133 --- #######
2024-12-22 04:41:46,917 INFO Epoch 133 	 Batch 99	LR : 0.00062	Top1 Acc.: 81.36	CE Loss: 0.52	KSVD Loss: 0.00	KL Loss: 0.00	Tot. Loss: 0.52
2024-12-22 04:41:59,302 INFO Epoch 133 	 Batch 199	LR : 0.00062	Top1 Acc.: 81.36	CE Loss: 0.52	KSVD Loss: 0.00	KL Loss: 0.00	Tot. Loss: 0.52
2024-12-22 04:42:11,845 INFO Epoch 133 	 Batch 299	LR : 0.00062	Top1 Acc.: 80.95	CE Loss: 0.54	KSVD Loss: 0.00	KL Loss: 0.00	Tot. Loss: 0.54
2024-12-22 04:42:33,140 INFO ################## 
 ---> Validation Epoch 133	Acc.: 81.060	FPR: 63.569	AUROC: 86.247	AUPR: 57.055	AURC: 49.545	EAURC: 30.355	AUPR Succ.: 96.432	ECE: 3.073	NLL: 5.461	Brier: 26.556
2024-12-22 04:42:33,141 INFO AUROC improved from 86.10 to 86.25!!!
2024-12-22 04:42:33,172 INFO AURC decreased from 49.96 to 49.54!!!
2024-12-22 04:42:33,202 INFO ####### --- Training Epoch 134 --- #######
2024-12-22 04:42:46,037 INFO Epoch 134 	 Batch 99	LR : 0.00062	Top1 Acc.: 81.50	CE Loss: 0.52	KSVD Loss: 0.00	KL Loss: 0.00	Tot. Loss: 0.52
2024-12-22 04:42:58,553 INFO Epoch 134 	 Batch 199	LR : 0.00062	Top1 Acc.: 80.85	CE Loss: 0.53	KSVD Loss: 0.00	KL Loss: 0.00	Tot. Loss: 0.53
2024-12-22 04:43:10,965 INFO Epoch 134 	 Batch 299	LR : 0.00062	Top1 Acc.: 82.07	CE Loss: 0.51	KSVD Loss: 0.00	KL Loss: 0.00	Tot. Loss: 0.51
2024-12-22 04:43:32,244 INFO ################## 
 ---> Validation Epoch 134	Acc.: 80.820	FPR: 72.263	AUROC: 84.896	AUPR: 51.700	AURC: 53.173	EAURC: 33.476	AUPR Succ.: 96.073	ECE: 2.833	NLL: 5.635	Brier: 27.448
2024-12-22 04:43:32,245 INFO ####### --- Training Epoch 135 --- #######
2024-12-22 04:43:45,048 INFO Epoch 135 	 Batch 99	LR : 0.00061	Top1 Acc.: 81.92	CE Loss: 0.51	KSVD Loss: 0.00	KL Loss: 0.00	Tot. Loss: 0.51
2024-12-22 04:43:57,495 INFO Epoch 135 	 Batch 199	LR : 0.00061	Top1 Acc.: 82.15	CE Loss: 0.51	KSVD Loss: 0.00	KL Loss: 0.00	Tot. Loss: 0.51
2024-12-22 04:44:09,913 INFO Epoch 135 	 Batch 299	LR : 0.00061	Top1 Acc.: 81.56	CE Loss: 0.52	KSVD Loss: 0.00	KL Loss: 0.00	Tot. Loss: 0.52
2024-12-22 04:44:31,182 INFO ################## 
 ---> Validation Epoch 135	Acc.: 81.040	FPR: 65.401	AUROC: 86.120	AUPR: 56.352	AURC: 49.612	EAURC: 30.380	AUPR Succ.: 96.432	ECE: 2.729	NLL: 5.443	Brier: 26.637
2024-12-22 04:44:31,183 INFO ####### --- Training Epoch 136 --- #######
2024-12-22 04:44:43,783 INFO Epoch 136 	 Batch 99	LR : 0.00061	Top1 Acc.: 82.11	CE Loss: 0.50	KSVD Loss: 0.00	KL Loss: 0.00	Tot. Loss: 0.50
2024-12-22 04:44:56,051 INFO Epoch 136 	 Batch 199	LR : 0.00061	Top1 Acc.: 81.59	CE Loss: 0.52	KSVD Loss: 0.00	KL Loss: 0.00	Tot. Loss: 0.52
2024-12-22 04:45:08,298 INFO Epoch 136 	 Batch 299	LR : 0.00061	Top1 Acc.: 81.80	CE Loss: 0.51	KSVD Loss: 0.00	KL Loss: 0.00	Tot. Loss: 0.51
2024-12-22 04:45:29,504 INFO ################## 
 ---> Validation Epoch 136	Acc.: 80.880	FPR: 73.745	AUROC: 84.377	AUPR: 49.762	AURC: 54.031	EAURC: 34.462	AUPR Succ.: 95.964	ECE: 3.512	NLL: 5.587	Brier: 27.579
2024-12-22 04:45:29,505 INFO ####### --- Training Epoch 137 --- #######
2024-12-22 04:45:42,295 INFO Epoch 137 	 Batch 99	LR : 0.00060	Top1 Acc.: 82.23	CE Loss: 0.51	KSVD Loss: 0.00	KL Loss: 0.00	Tot. Loss: 0.51
2024-12-22 04:45:54,712 INFO Epoch 137 	 Batch 199	LR : 0.00060	Top1 Acc.: 81.58	CE Loss: 0.52	KSVD Loss: 0.00	KL Loss: 0.00	Tot. Loss: 0.52
2024-12-22 04:46:07,095 INFO Epoch 137 	 Batch 299	LR : 0.00060	Top1 Acc.: 81.80	CE Loss: 0.51	KSVD Loss: 0.00	KL Loss: 0.00	Tot. Loss: 0.51
2024-12-22 04:46:28,318 INFO ################## 
 ---> Validation Epoch 137	Acc.: 80.660	FPR: 69.493	AUROC: 85.009	AUPR: 53.811	AURC: 53.954	EAURC: 33.915	AUPR Succ.: 96.009	ECE: 2.658	NLL: 5.563	Brier: 27.376
2024-12-22 04:46:28,319 INFO ####### --- Training Epoch 138 --- #######
2024-12-22 04:46:41,114 INFO Epoch 138 	 Batch 99	LR : 0.00060	Top1 Acc.: 82.31	CE Loss: 0.50	KSVD Loss: 0.00	KL Loss: 0.00	Tot. Loss: 0.50
2024-12-22 04:46:53,578 INFO Epoch 138 	 Batch 199	LR : 0.00060	Top1 Acc.: 82.20	CE Loss: 0.51	KSVD Loss: 0.00	KL Loss: 0.00	Tot. Loss: 0.51
2024-12-22 04:47:06,019 INFO Epoch 138 	 Batch 299	LR : 0.00060	Top1 Acc.: 81.77	CE Loss: 0.52	KSVD Loss: 0.00	KL Loss: 0.00	Tot. Loss: 0.52
2024-12-22 04:47:27,284 INFO ################## 
 ---> Validation Epoch 138	Acc.: 81.180	FPR: 69.075	AUROC: 85.496	AUPR: 53.253	AURC: 50.743	EAURC: 31.804	AUPR Succ.: 96.274	ECE: 2.738	NLL: 5.445	Brier: 26.690
2024-12-22 04:47:27,285 INFO ####### --- Training Epoch 139 --- #######
2024-12-22 04:47:40,051 INFO Epoch 139 	 Batch 99	LR : 0.00059	Top1 Acc.: 82.32	CE Loss: 0.51	KSVD Loss: 0.00	KL Loss: 0.00	Tot. Loss: 0.51
2024-12-22 04:47:52,495 INFO Epoch 139 	 Batch 199	LR : 0.00059	Top1 Acc.: 82.16	CE Loss: 0.51	KSVD Loss: 0.00	KL Loss: 0.00	Tot. Loss: 0.51
2024-12-22 04:48:04,916 INFO Epoch 139 	 Batch 299	LR : 0.00059	Top1 Acc.: 81.74	CE Loss: 0.51	KSVD Loss: 0.00	KL Loss: 0.00	Tot. Loss: 0.51
2024-12-22 04:48:26,205 INFO ################## 
 ---> Validation Epoch 139	Acc.: 81.380	FPR: 68.528	AUROC: 84.908	AUPR: 51.163	AURC: 51.187	EAURC: 32.663	AUPR Succ.: 96.185	ECE: 3.101	NLL: 5.588	Brier: 26.816
2024-12-22 04:48:26,206 INFO Accuracy improved from 81.36 to 81.38!!!
2024-12-22 04:48:26,238 INFO ####### --- Training Epoch 140 --- #######
2024-12-22 04:48:38,987 INFO Epoch 140 	 Batch 99	LR : 0.00059	Top1 Acc.: 82.41	CE Loss: 0.50	KSVD Loss: 0.00	KL Loss: 0.00	Tot. Loss: 0.50
2024-12-22 04:48:51,385 INFO Epoch 140 	 Batch 199	LR : 0.00059	Top1 Acc.: 82.31	CE Loss: 0.50	KSVD Loss: 0.00	KL Loss: 0.00	Tot. Loss: 0.50
2024-12-22 04:49:03,824 INFO Epoch 140 	 Batch 299	LR : 0.00059	Top1 Acc.: 81.77	CE Loss: 0.51	KSVD Loss: 0.00	KL Loss: 0.00	Tot. Loss: 0.51
2024-12-22 04:49:25,125 INFO ################## 
 ---> Validation Epoch 140	Acc.: 81.360	FPR: 68.240	AUROC: 85.340	AUPR: 53.709	AURC: 50.284	EAURC: 31.719	AUPR Succ.: 96.291	ECE: 2.464	NLL: 5.465	Brier: 26.599
2024-12-22 04:49:25,126 INFO ####### --- Training Epoch 141 --- #######
2024-12-22 04:49:37,907 INFO Epoch 141 	 Batch 99	LR : 0.00058	Top1 Acc.: 82.33	CE Loss: 0.49	KSVD Loss: 0.00	KL Loss: 0.00	Tot. Loss: 0.49
2024-12-22 04:49:50,304 INFO Epoch 141 	 Batch 199	LR : 0.00058	Top1 Acc.: 82.56	CE Loss: 0.50	KSVD Loss: 0.00	KL Loss: 0.00	Tot. Loss: 0.50
2024-12-22 04:50:02,728 INFO Epoch 141 	 Batch 299	LR : 0.00058	Top1 Acc.: 81.76	CE Loss: 0.51	KSVD Loss: 0.00	KL Loss: 0.00	Tot. Loss: 0.51
2024-12-22 04:50:24,025 INFO ################## 
 ---> Validation Epoch 141	Acc.: 80.300	FPR: 67.208	AUROC: 85.526	AUPR: 52.868	AURC: 53.531	EAURC: 32.710	AUPR Succ.: 96.141	ECE: 4.383	NLL: 5.557	Brier: 27.598
2024-12-22 04:50:24,026 INFO ####### --- Training Epoch 142 --- #######
2024-12-22 04:50:36,820 INFO Epoch 142 	 Batch 99	LR : 0.00058	Top1 Acc.: 82.22	CE Loss: 0.50	KSVD Loss: 0.00	KL Loss: 0.00	Tot. Loss: 0.50
2024-12-22 04:50:49,286 INFO Epoch 142 	 Batch 199	LR : 0.00058	Top1 Acc.: 82.26	CE Loss: 0.49	KSVD Loss: 0.00	KL Loss: 0.00	Tot. Loss: 0.49
2024-12-22 04:51:01,744 INFO Epoch 142 	 Batch 299	LR : 0.00058	Top1 Acc.: 82.11	CE Loss: 0.51	KSVD Loss: 0.00	KL Loss: 0.00	Tot. Loss: 0.51
2024-12-22 04:51:22,999 INFO ################## 
 ---> Validation Epoch 142	Acc.: 81.580	FPR: 72.638	AUROC: 84.277	AUPR: 49.845	AURC: 51.774	EAURC: 33.659	AUPR Succ.: 96.082	ECE: 2.832	NLL: 5.522	Brier: 26.962
2024-12-22 04:51:22,999 INFO Accuracy improved from 81.38 to 81.58!!!
2024-12-22 04:51:23,031 INFO ####### --- Training Epoch 143 --- #######
2024-12-22 04:51:35,834 INFO Epoch 143 	 Batch 99	LR : 0.00057	Top1 Acc.: 82.58	CE Loss: 0.48	KSVD Loss: 0.00	KL Loss: 0.00	Tot. Loss: 0.48
2024-12-22 04:51:48,317 INFO Epoch 143 	 Batch 199	LR : 0.00057	Top1 Acc.: 81.77	CE Loss: 0.51	KSVD Loss: 0.00	KL Loss: 0.00	Tot. Loss: 0.51
2024-12-22 04:52:00,750 INFO Epoch 143 	 Batch 299	LR : 0.00057	Top1 Acc.: 82.55	CE Loss: 0.50	KSVD Loss: 0.00	KL Loss: 0.00	Tot. Loss: 0.50
2024-12-22 04:52:22,067 INFO ################## 
 ---> Validation Epoch 143	Acc.: 81.160	FPR: 67.622	AUROC: 85.483	AUPR: 52.640	AURC: 50.360	EAURC: 31.379	AUPR Succ.: 96.328	ECE: 2.705	NLL: 5.393	Brier: 26.669
2024-12-22 04:52:22,068 INFO ####### --- Training Epoch 144 --- #######
2024-12-22 04:52:34,872 INFO Epoch 144 	 Batch 99	LR : 0.00057	Top1 Acc.: 82.73	CE Loss: 0.49	KSVD Loss: 0.00	KL Loss: 0.00	Tot. Loss: 0.50
2024-12-22 04:52:47,339 INFO Epoch 144 	 Batch 199	LR : 0.00057	Top1 Acc.: 82.58	CE Loss: 0.49	KSVD Loss: 0.00	KL Loss: 0.00	Tot. Loss: 0.49
2024-12-22 04:52:59,791 INFO Epoch 144 	 Batch 299	LR : 0.00057	Top1 Acc.: 82.46	CE Loss: 0.50	KSVD Loss: 0.00	KL Loss: 0.00	Tot. Loss: 0.50
2024-12-22 04:53:21,058 INFO ################## 
 ---> Validation Epoch 144	Acc.: 81.560	FPR: 68.004	AUROC: 85.863	AUPR: 52.558	AURC: 48.104	EAURC: 29.949	AUPR Succ.: 96.506	ECE: 2.739	NLL: 5.337	Brier: 26.164
2024-12-22 04:53:21,059 INFO AURC decreased from 49.54 to 48.10!!!
2024-12-22 04:53:21,090 INFO ####### --- Training Epoch 145 --- #######
2024-12-22 04:53:33,938 INFO Epoch 145 	 Batch 99	LR : 0.00056	Top1 Acc.: 83.09	CE Loss: 0.48	KSVD Loss: 0.00	KL Loss: 0.00	Tot. Loss: 0.48
2024-12-22 04:53:46,454 INFO Epoch 145 	 Batch 199	LR : 0.00056	Top1 Acc.: 82.41	CE Loss: 0.50	KSVD Loss: 0.00	KL Loss: 0.00	Tot. Loss: 0.50
2024-12-22 04:53:58,964 INFO Epoch 145 	 Batch 299	LR : 0.00056	Top1 Acc.: 82.61	CE Loss: 0.50	KSVD Loss: 0.00	KL Loss: 0.00	Tot. Loss: 0.50
2024-12-22 04:54:20,229 INFO ################## 
 ---> Validation Epoch 145	Acc.: 81.280	FPR: 71.581	AUROC: 85.031	AUPR: 51.267	AURC: 51.157	EAURC: 32.426	AUPR Succ.: 96.211	ECE: 2.655	NLL: 5.488	Brier: 26.922
2024-12-22 04:54:20,231 INFO ####### --- Training Epoch 146 --- #######
2024-12-22 04:54:33,134 INFO Epoch 146 	 Batch 99	LR : 0.00056	Top1 Acc.: 82.97	CE Loss: 0.48	KSVD Loss: 0.00	KL Loss: 0.00	Tot. Loss: 0.48
2024-12-22 04:54:45,664 INFO Epoch 146 	 Batch 199	LR : 0.00056	Top1 Acc.: 82.61	CE Loss: 0.48	KSVD Loss: 0.00	KL Loss: 0.00	Tot. Loss: 0.49
2024-12-22 04:54:58,187 INFO Epoch 146 	 Batch 299	LR : 0.00056	Top1 Acc.: 82.37	CE Loss: 0.50	KSVD Loss: 0.00	KL Loss: 0.00	Tot. Loss: 0.50
2024-12-22 04:55:19,515 INFO ################## 
 ---> Validation Epoch 146	Acc.: 80.840	FPR: 72.756	AUROC: 85.132	AUPR: 51.179	AURC: 52.769	EAURC: 33.114	AUPR Succ.: 96.113	ECE: 3.271	NLL: 5.458	Brier: 26.990
2024-12-22 04:55:19,516 INFO ####### --- Training Epoch 147 --- #######
2024-12-22 04:55:32,371 INFO Epoch 147 	 Batch 99	LR : 0.00055	Top1 Acc.: 82.92	CE Loss: 0.48	KSVD Loss: 0.00	KL Loss: 0.00	Tot. Loss: 0.48
2024-12-22 04:55:44,889 INFO Epoch 147 	 Batch 199	LR : 0.00055	Top1 Acc.: 82.49	CE Loss: 0.49	KSVD Loss: 0.00	KL Loss: 0.00	Tot. Loss: 0.49
2024-12-22 04:55:57,416 INFO Epoch 147 	 Batch 299	LR : 0.00055	Top1 Acc.: 82.34	CE Loss: 0.50	KSVD Loss: 0.00	KL Loss: 0.00	Tot. Loss: 0.50
2024-12-22 04:56:18,713 INFO ################## 
 ---> Validation Epoch 147	Acc.: 80.920	FPR: 68.553	AUROC: 84.757	AUPR: 51.806	AURC: 53.666	EAURC: 34.181	AUPR Succ.: 95.987	ECE: 3.591	NLL: 5.687	Brier: 27.296
2024-12-22 04:56:18,714 INFO ####### --- Training Epoch 148 --- #######
2024-12-22 04:56:31,580 INFO Epoch 148 	 Batch 99	LR : 0.00055	Top1 Acc.: 82.85	CE Loss: 0.48	KSVD Loss: 0.00	KL Loss: 0.00	Tot. Loss: 0.48
2024-12-22 04:56:43,997 INFO Epoch 148 	 Batch 199	LR : 0.00055	Top1 Acc.: 83.18	CE Loss: 0.47	KSVD Loss: 0.00	KL Loss: 0.00	Tot. Loss: 0.47
2024-12-22 04:56:56,338 INFO Epoch 148 	 Batch 299	LR : 0.00055	Top1 Acc.: 81.55	CE Loss: 0.51	KSVD Loss: 0.00	KL Loss: 0.00	Tot. Loss: 0.51
2024-12-22 04:57:17,614 INFO ################## 
 ---> Validation Epoch 148	Acc.: 80.720	FPR: 64.108	AUROC: 86.483	AUPR: 57.286	AURC: 49.867	EAURC: 29.956	AUPR Succ.: 96.471	ECE: 3.804	NLL: 5.539	Brier: 26.931
2024-12-22 04:57:17,614 INFO AUROC improved from 86.25 to 86.48!!!
2024-12-22 04:57:17,646 INFO ####### --- Training Epoch 149 --- #######
2024-12-22 04:57:30,507 INFO Epoch 149 	 Batch 99	LR : 0.00054	Top1 Acc.: 82.82	CE Loss: 0.48	KSVD Loss: 0.00	KL Loss: 0.00	Tot. Loss: 0.48
2024-12-22 04:57:43,009 INFO Epoch 149 	 Batch 199	LR : 0.00054	Top1 Acc.: 82.84	CE Loss: 0.48	KSVD Loss: 0.00	KL Loss: 0.00	Tot. Loss: 0.48
2024-12-22 04:57:55,407 INFO Epoch 149 	 Batch 299	LR : 0.00054	Top1 Acc.: 83.05	CE Loss: 0.49	KSVD Loss: 0.00	KL Loss: 0.00	Tot. Loss: 0.49
2024-12-22 04:58:16,663 INFO ################## 
 ---> Validation Epoch 149	Acc.: 81.220	FPR: 66.560	AUROC: 85.526	AUPR: 54.267	AURC: 50.315	EAURC: 31.460	AUPR Succ.: 96.315	ECE: 2.812	NLL: 5.528	Brier: 26.732
2024-12-22 04:58:16,664 INFO ####### --- Training Epoch 150 --- #######
2024-12-22 04:58:29,497 INFO Epoch 150 	 Batch 99	LR : 0.00054	Top1 Acc.: 83.09	CE Loss: 0.48	KSVD Loss: 0.00	KL Loss: 0.00	Tot. Loss: 0.48
2024-12-22 04:58:41,988 INFO Epoch 150 	 Batch 199	LR : 0.00054	Top1 Acc.: 82.60	CE Loss: 0.49	KSVD Loss: 0.00	KL Loss: 0.00	Tot. Loss: 0.49
2024-12-22 04:58:54,467 INFO Epoch 150 	 Batch 299	LR : 0.00054	Top1 Acc.: 83.03	CE Loss: 0.47	KSVD Loss: 0.00	KL Loss: 0.00	Tot. Loss: 0.47
2024-12-22 04:59:15,777 INFO ################## 
 ---> Validation Epoch 150	Acc.: 80.360	FPR: 65.580	AUROC: 85.856	AUPR: 56.636	AURC: 53.156	EAURC: 32.466	AUPR Succ.: 96.160	ECE: 3.605	NLL: 5.653	Brier: 27.462
2024-12-22 04:59:15,778 INFO ####### --- Training Epoch 151 --- #######
2024-12-22 04:59:28,562 INFO Epoch 151 	 Batch 99	LR : 0.00053	Top1 Acc.: 83.31	CE Loss: 0.47	KSVD Loss: 0.00	KL Loss: 0.00	Tot. Loss: 0.47
2024-12-22 04:59:41,001 INFO Epoch 151 	 Batch 199	LR : 0.00053	Top1 Acc.: 83.39	CE Loss: 0.47	KSVD Loss: 0.00	KL Loss: 0.00	Tot. Loss: 0.47
2024-12-22 04:59:53,443 INFO Epoch 151 	 Batch 299	LR : 0.00053	Top1 Acc.: 82.59	CE Loss: 0.49	KSVD Loss: 0.00	KL Loss: 0.00	Tot. Loss: 0.49
2024-12-22 05:00:14,759 INFO ################## 
 ---> Validation Epoch 151	Acc.: 82.080	FPR: 66.964	AUROC: 85.054	AUPR: 50.929	AURC: 48.481	EAURC: 31.369	AUPR Succ.: 96.355	ECE: 2.443	NLL: 5.356	Brier: 25.970
2024-12-22 05:00:14,759 INFO Accuracy improved from 81.58 to 82.08!!!
2024-12-22 05:00:14,792 INFO ####### --- Training Epoch 152 --- #######
2024-12-22 05:00:27,577 INFO Epoch 152 	 Batch 99	LR : 0.00053	Top1 Acc.: 83.45	CE Loss: 0.47	KSVD Loss: 0.00	KL Loss: 0.00	Tot. Loss: 0.47
2024-12-22 05:00:40,052 INFO Epoch 152 	 Batch 199	LR : 0.00053	Top1 Acc.: 83.22	CE Loss: 0.48	KSVD Loss: 0.00	KL Loss: 0.00	Tot. Loss: 0.48
2024-12-22 05:00:52,461 INFO Epoch 152 	 Batch 299	LR : 0.00053	Top1 Acc.: 82.63	CE Loss: 0.48	KSVD Loss: 0.00	KL Loss: 0.00	Tot. Loss: 0.48
2024-12-22 05:01:13,769 INFO ################## 
 ---> Validation Epoch 152	Acc.: 80.840	FPR: 70.459	AUROC: 84.913	AUPR: 52.750	AURC: 53.466	EAURC: 33.812	AUPR Succ.: 96.029	ECE: 3.730	NLL: 5.633	Brier: 27.372
2024-12-22 05:01:13,770 INFO ####### --- Training Epoch 153 --- #######
2024-12-22 05:01:26,617 INFO Epoch 153 	 Batch 99	LR : 0.00052	Top1 Acc.: 83.38	CE Loss: 0.47	KSVD Loss: 0.00	KL Loss: 0.00	Tot. Loss: 0.47
2024-12-22 05:01:39,137 INFO Epoch 153 	 Batch 199	LR : 0.00052	Top1 Acc.: 83.52	CE Loss: 0.47	KSVD Loss: 0.00	KL Loss: 0.00	Tot. Loss: 0.48
2024-12-22 05:01:51,645 INFO Epoch 153 	 Batch 299	LR : 0.00052	Top1 Acc.: 83.22	CE Loss: 0.48	KSVD Loss: 0.00	KL Loss: 0.00	Tot. Loss: 0.48
2024-12-22 05:02:12,959 INFO ################## 
 ---> Validation Epoch 153	Acc.: 80.740	FPR: 68.017	AUROC: 84.901	AUPR: 53.790	AURC: 54.006	EAURC: 34.138	AUPR Succ.: 95.983	ECE: 3.566	NLL: 5.705	Brier: 27.445
2024-12-22 05:02:12,960 INFO ####### --- Training Epoch 154 --- #######
2024-12-22 05:02:25,686 INFO Epoch 154 	 Batch 99	LR : 0.00052	Top1 Acc.: 83.42	CE Loss: 0.46	KSVD Loss: 0.00	KL Loss: 0.00	Tot. Loss: 0.46
2024-12-22 05:02:38,055 INFO Epoch 154 	 Batch 199	LR : 0.00052	Top1 Acc.: 82.88	CE Loss: 0.48	KSVD Loss: 0.00	KL Loss: 0.00	Tot. Loss: 0.48
2024-12-22 05:02:50,455 INFO Epoch 154 	 Batch 299	LR : 0.00052	Top1 Acc.: 82.79	CE Loss: 0.48	KSVD Loss: 0.00	KL Loss: 0.00	Tot. Loss: 0.48
2024-12-22 05:03:11,723 INFO ################## 
 ---> Validation Epoch 154	Acc.: 81.300	FPR: 70.481	AUROC: 85.324	AUPR: 51.010	AURC: 50.462	EAURC: 31.773	AUPR Succ.: 96.287	ECE: 2.896	NLL: 5.403	Brier: 26.610
2024-12-22 05:03:11,724 INFO ####### --- Training Epoch 155 --- #######
2024-12-22 05:03:24,522 INFO Epoch 155 	 Batch 99	LR : 0.00051	Top1 Acc.: 83.09	CE Loss: 0.47	KSVD Loss: 0.00	KL Loss: 0.00	Tot. Loss: 0.47
2024-12-22 05:03:36,948 INFO Epoch 155 	 Batch 199	LR : 0.00051	Top1 Acc.: 83.34	CE Loss: 0.47	KSVD Loss: 0.00	KL Loss: 0.00	Tot. Loss: 0.47
2024-12-22 05:03:49,379 INFO Epoch 155 	 Batch 299	LR : 0.00051	Top1 Acc.: 83.18	CE Loss: 0.47	KSVD Loss: 0.00	KL Loss: 0.00	Tot. Loss: 0.47
2024-12-22 05:04:10,640 INFO ################## 
 ---> Validation Epoch 155	Acc.: 81.660	FPR: 67.176	AUROC: 85.824	AUPR: 53.779	AURC: 48.279	EAURC: 30.327	AUPR Succ.: 96.460	ECE: 3.522	NLL: 5.416	Brier: 26.094
2024-12-22 05:04:10,641 INFO ####### --- Training Epoch 156 --- #######
2024-12-22 05:04:23,526 INFO Epoch 156 	 Batch 99	LR : 0.00050	Top1 Acc.: 84.10	CE Loss: 0.46	KSVD Loss: 0.00	KL Loss: 0.00	Tot. Loss: 0.46
2024-12-22 05:04:36,045 INFO Epoch 156 	 Batch 199	LR : 0.00050	Top1 Acc.: 83.53	CE Loss: 0.46	KSVD Loss: 0.00	KL Loss: 0.00	Tot. Loss: 0.46
2024-12-22 05:04:48,553 INFO Epoch 156 	 Batch 299	LR : 0.00050	Top1 Acc.: 83.09	CE Loss: 0.47	KSVD Loss: 0.00	KL Loss: 0.00	Tot. Loss: 0.47
2024-12-22 05:05:09,934 INFO ################## 
 ---> Validation Epoch 156	Acc.: 81.640	FPR: 69.717	AUROC: 85.404	AUPR: 52.202	AURC: 49.075	EAURC: 31.082	AUPR Succ.: 96.376	ECE: 2.901	NLL: 5.391	Brier: 26.294
2024-12-22 05:05:09,935 INFO ####### --- Training Epoch 157 --- #######
2024-12-22 05:05:22,695 INFO Epoch 157 	 Batch 99	LR : 0.00050	Top1 Acc.: 83.06	CE Loss: 0.47	KSVD Loss: 0.00	KL Loss: 0.00	Tot. Loss: 0.47
2024-12-22 05:05:35,139 INFO Epoch 157 	 Batch 199	LR : 0.00050	Top1 Acc.: 83.35	CE Loss: 0.46	KSVD Loss: 0.00	KL Loss: 0.00	Tot. Loss: 0.46
2024-12-22 05:05:47,584 INFO Epoch 157 	 Batch 299	LR : 0.00050	Top1 Acc.: 83.27	CE Loss: 0.47	KSVD Loss: 0.00	KL Loss: 0.00	Tot. Loss: 0.47
2024-12-22 05:06:08,857 INFO ################## 
 ---> Validation Epoch 157	Acc.: 81.700	FPR: 64.699	AUROC: 86.274	AUPR: 54.942	AURC: 47.360	EAURC: 29.488	AUPR Succ.: 96.554	ECE: 3.106	NLL: 5.230	Brier: 25.706
2024-12-22 05:06:08,858 INFO AURC decreased from 48.10 to 47.36!!!
2024-12-22 05:06:08,890 INFO ####### --- Training Epoch 158 --- #######
2024-12-22 05:06:21,734 INFO Epoch 158 	 Batch 99	LR : 0.00049	Top1 Acc.: 84.34	CE Loss: 0.45	KSVD Loss: 0.00	KL Loss: 0.00	Tot. Loss: 0.45
2024-12-22 05:06:34,208 INFO Epoch 158 	 Batch 199	LR : 0.00049	Top1 Acc.: 83.31	CE Loss: 0.46	KSVD Loss: 0.00	KL Loss: 0.00	Tot. Loss: 0.46
2024-12-22 05:06:46,633 INFO Epoch 158 	 Batch 299	LR : 0.00049	Top1 Acc.: 83.63	CE Loss: 0.46	KSVD Loss: 0.00	KL Loss: 0.00	Tot. Loss: 0.46
2024-12-22 05:07:07,904 INFO ################## 
 ---> Validation Epoch 158	Acc.: 81.680	FPR: 68.013	AUROC: 85.372	AUPR: 52.381	AURC: 49.189	EAURC: 31.277	AUPR Succ.: 96.353	ECE: 2.917	NLL: 5.437	Brier: 26.303
2024-12-22 05:07:07,905 INFO ####### --- Training Epoch 159 --- #######
2024-12-22 05:07:20,689 INFO Epoch 159 	 Batch 99	LR : 0.00049	Top1 Acc.: 83.88	CE Loss: 0.47	KSVD Loss: 0.00	KL Loss: 0.00	Tot. Loss: 0.47
2024-12-22 05:07:33,107 INFO Epoch 159 	 Batch 199	LR : 0.00049	Top1 Acc.: 83.54	CE Loss: 0.46	KSVD Loss: 0.00	KL Loss: 0.00	Tot. Loss: 0.47
2024-12-22 05:07:45,510 INFO Epoch 159 	 Batch 299	LR : 0.00049	Top1 Acc.: 83.71	CE Loss: 0.46	KSVD Loss: 0.00	KL Loss: 0.00	Tot. Loss: 0.47
2024-12-22 05:08:06,756 INFO ################## 
 ---> Validation Epoch 159	Acc.: 81.780	FPR: 68.057	AUROC: 85.365	AUPR: 51.723	AURC: 48.546	EAURC: 30.836	AUPR Succ.: 96.412	ECE: 3.337	NLL: 5.355	Brier: 26.224
2024-12-22 05:08:06,757 INFO ####### --- Training Epoch 160 --- #######
2024-12-22 05:08:19,479 INFO Epoch 160 	 Batch 99	LR : 0.00048	Top1 Acc.: 83.73	CE Loss: 0.46	KSVD Loss: 0.00	KL Loss: 0.00	Tot. Loss: 0.46
2024-12-22 05:08:31,910 INFO Epoch 160 	 Batch 199	LR : 0.00048	Top1 Acc.: 83.40	CE Loss: 0.47	KSVD Loss: 0.00	KL Loss: 0.00	Tot. Loss: 0.47
2024-12-22 05:08:44,309 INFO Epoch 160 	 Batch 299	LR : 0.00048	Top1 Acc.: 83.35	CE Loss: 0.47	KSVD Loss: 0.00	KL Loss: 0.00	Tot. Loss: 0.47
2024-12-22 05:09:05,610 INFO ################## 
 ---> Validation Epoch 160	Acc.: 81.900	FPR: 67.845	AUROC: 85.649	AUPR: 51.528	AURC: 47.600	EAURC: 30.131	AUPR Succ.: 96.495	ECE: 3.545	NLL: 5.398	Brier: 26.092
2024-12-22 05:09:05,611 INFO ####### --- Training Epoch 161 --- #######
2024-12-22 05:09:18,386 INFO Epoch 161 	 Batch 99	LR : 0.00048	Top1 Acc.: 84.07	CE Loss: 0.46	KSVD Loss: 0.00	KL Loss: 0.00	Tot. Loss: 0.46
2024-12-22 05:09:30,844 INFO Epoch 161 	 Batch 199	LR : 0.00048	Top1 Acc.: 84.06	CE Loss: 0.45	KSVD Loss: 0.00	KL Loss: 0.00	Tot. Loss: 0.45
2024-12-22 05:09:43,305 INFO Epoch 161 	 Batch 299	LR : 0.00048	Top1 Acc.: 83.41	CE Loss: 0.46	KSVD Loss: 0.00	KL Loss: 0.00	Tot. Loss: 0.46
2024-12-22 05:10:04,547 INFO ################## 
 ---> Validation Epoch 161	Acc.: 81.760	FPR: 69.846	AUROC: 84.986	AUPR: 51.361	AURC: 49.861	EAURC: 32.111	AUPR Succ.: 96.259	ECE: 2.850	NLL: 5.366	Brier: 26.151
2024-12-22 05:10:04,548 INFO ####### --- Training Epoch 162 --- #######
2024-12-22 05:10:17,328 INFO Epoch 162 	 Batch 99	LR : 0.00047	Top1 Acc.: 84.44	CE Loss: 0.45	KSVD Loss: 0.00	KL Loss: 0.00	Tot. Loss: 0.45
2024-12-22 05:10:29,798 INFO Epoch 162 	 Batch 199	LR : 0.00047	Top1 Acc.: 83.81	CE Loss: 0.46	KSVD Loss: 0.00	KL Loss: 0.00	Tot. Loss: 0.46
2024-12-22 05:10:42,233 INFO Epoch 162 	 Batch 299	LR : 0.00047	Top1 Acc.: 82.82	CE Loss: 0.48	KSVD Loss: 0.00	KL Loss: 0.00	Tot. Loss: 0.48
2024-12-22 05:11:03,513 INFO ################## 
 ---> Validation Epoch 162	Acc.: 81.960	FPR: 70.067	AUROC: 84.696	AUPR: 50.708	AURC: 49.947	EAURC: 32.597	AUPR Succ.: 96.209	ECE: 3.124	NLL: 5.437	Brier: 26.156
2024-12-22 05:11:03,514 INFO ####### --- Training Epoch 163 --- #######
2024-12-22 05:11:16,309 INFO Epoch 163 	 Batch 99	LR : 0.00047	Top1 Acc.: 83.81	CE Loss: 0.46	KSVD Loss: 0.00	KL Loss: 0.00	Tot. Loss: 0.46
2024-12-22 05:11:28,759 INFO Epoch 163 	 Batch 199	LR : 0.00047	Top1 Acc.: 83.77	CE Loss: 0.45	KSVD Loss: 0.00	KL Loss: 0.00	Tot. Loss: 0.45
2024-12-22 05:11:41,194 INFO Epoch 163 	 Batch 299	LR : 0.00047	Top1 Acc.: 83.84	CE Loss: 0.47	KSVD Loss: 0.00	KL Loss: 0.00	Tot. Loss: 0.47
2024-12-22 05:12:02,479 INFO ################## 
 ---> Validation Epoch 163	Acc.: 81.840	FPR: 70.264	AUROC: 85.469	AUPR: 51.212	AURC: 47.955	EAURC: 30.365	AUPR Succ.: 96.470	ECE: 2.826	NLL: 5.292	Brier: 25.977
2024-12-22 05:12:02,480 INFO ####### --- Training Epoch 164 --- #######
2024-12-22 05:12:15,309 INFO Epoch 164 	 Batch 99	LR : 0.00046	Top1 Acc.: 84.74	CE Loss: 0.43	KSVD Loss: 0.00	KL Loss: 0.00	Tot. Loss: 0.43
2024-12-22 05:12:27,763 INFO Epoch 164 	 Batch 199	LR : 0.00046	Top1 Acc.: 83.70	CE Loss: 0.46	KSVD Loss: 0.00	KL Loss: 0.00	Tot. Loss: 0.46
2024-12-22 05:12:40,127 INFO Epoch 164 	 Batch 299	LR : 0.00046	Top1 Acc.: 83.22	CE Loss: 0.47	KSVD Loss: 0.00	KL Loss: 0.00	Tot. Loss: 0.47
2024-12-22 05:13:01,417 INFO ################## 
 ---> Validation Epoch 164	Acc.: 82.220	FPR: 71.091	AUROC: 85.041	AUPR: 49.044	AURC: 47.689	EAURC: 30.852	AUPR Succ.: 96.427	ECE: 3.799	NLL: 5.263	Brier: 25.714
2024-12-22 05:13:01,418 INFO Accuracy improved from 82.08 to 82.22!!!
2024-12-22 05:13:01,450 INFO ####### --- Training Epoch 165 --- #######
2024-12-22 05:13:14,231 INFO Epoch 165 	 Batch 99	LR : 0.00046	Top1 Acc.: 84.34	CE Loss: 0.44	KSVD Loss: 0.00	KL Loss: 0.00	Tot. Loss: 0.44
2024-12-22 05:13:26,606 INFO Epoch 165 	 Batch 199	LR : 0.00046	Top1 Acc.: 83.57	CE Loss: 0.45	KSVD Loss: 0.00	KL Loss: 0.00	Tot. Loss: 0.45
2024-12-22 05:13:38,983 INFO Epoch 165 	 Batch 299	LR : 0.00046	Top1 Acc.: 83.92	CE Loss: 0.46	KSVD Loss: 0.00	KL Loss: 0.00	Tot. Loss: 0.46
2024-12-22 05:14:00,280 INFO ################## 
 ---> Validation Epoch 165	Acc.: 81.880	FPR: 69.205	AUROC: 84.894	AUPR: 51.107	AURC: 49.101	EAURC: 31.592	AUPR Succ.: 96.331	ECE: 3.683	NLL: 5.420	Brier: 26.361
2024-12-22 05:14:00,281 INFO ####### --- Training Epoch 166 --- #######
2024-12-22 05:14:13,083 INFO Epoch 166 	 Batch 99	LR : 0.00045	Top1 Acc.: 84.09	CE Loss: 0.45	KSVD Loss: 0.00	KL Loss: 0.00	Tot. Loss: 0.45
2024-12-22 05:14:25,505 INFO Epoch 166 	 Batch 199	LR : 0.00045	Top1 Acc.: 84.69	CE Loss: 0.44	KSVD Loss: 0.00	KL Loss: 0.00	Tot. Loss: 0.44
2024-12-22 05:14:37,909 INFO Epoch 166 	 Batch 299	LR : 0.00045	Top1 Acc.: 83.90	CE Loss: 0.46	KSVD Loss: 0.00	KL Loss: 0.00	Tot. Loss: 0.46
2024-12-22 05:14:59,153 INFO ################## 
 ---> Validation Epoch 166	Acc.: 81.340	FPR: 66.881	AUROC: 85.759	AUPR: 55.509	AURC: 50.047	EAURC: 31.440	AUPR Succ.: 96.315	ECE: 4.259	NLL: 5.423	Brier: 26.385
2024-12-22 05:14:59,154 INFO ####### --- Training Epoch 167 --- #######
2024-12-22 05:15:11,922 INFO Epoch 167 	 Batch 99	LR : 0.00045	Top1 Acc.: 84.27	CE Loss: 0.45	KSVD Loss: 0.00	KL Loss: 0.00	Tot. Loss: 0.45
2024-12-22 05:15:24,362 INFO Epoch 167 	 Batch 199	LR : 0.00045	Top1 Acc.: 84.12	CE Loss: 0.45	KSVD Loss: 0.00	KL Loss: 0.00	Tot. Loss: 0.45
2024-12-22 05:15:36,853 INFO Epoch 167 	 Batch 299	LR : 0.00045	Top1 Acc.: 84.24	CE Loss: 0.45	KSVD Loss: 0.00	KL Loss: 0.00	Tot. Loss: 0.45
2024-12-22 05:15:58,128 INFO ################## 
 ---> Validation Epoch 167	Acc.: 82.160	FPR: 69.507	AUROC: 84.976	AUPR: 51.220	AURC: 48.327	EAURC: 31.372	AUPR Succ.: 96.359	ECE: 3.665	NLL: 5.371	Brier: 25.914
2024-12-22 05:15:58,129 INFO ####### --- Training Epoch 168 --- #######
2024-12-22 05:16:10,890 INFO Epoch 168 	 Batch 99	LR : 0.00044	Top1 Acc.: 84.45	CE Loss: 0.44	KSVD Loss: 0.00	KL Loss: 0.00	Tot. Loss: 0.44
2024-12-22 05:16:23,297 INFO Epoch 168 	 Batch 199	LR : 0.00044	Top1 Acc.: 84.42	CE Loss: 0.44	KSVD Loss: 0.00	KL Loss: 0.00	Tot. Loss: 0.44
2024-12-22 05:16:35,699 INFO Epoch 168 	 Batch 299	LR : 0.00044	Top1 Acc.: 84.30	CE Loss: 0.44	KSVD Loss: 0.00	KL Loss: 0.00	Tot. Loss: 0.44
2024-12-22 05:16:56,932 INFO ################## 
 ---> Validation Epoch 168	Acc.: 81.460	FPR: 67.961	AUROC: 85.548	AUPR: 53.157	AURC: 49.125	EAURC: 30.766	AUPR Succ.: 96.410	ECE: 3.677	NLL: 5.450	Brier: 26.555
2024-12-22 05:16:56,933 INFO ####### --- Training Epoch 169 --- #######
2024-12-22 05:17:09,792 INFO Epoch 169 	 Batch 99	LR : 0.00044	Top1 Acc.: 84.36	CE Loss: 0.44	KSVD Loss: 0.00	KL Loss: 0.00	Tot. Loss: 0.44
2024-12-22 05:17:22,308 INFO Epoch 169 	 Batch 199	LR : 0.00044	Top1 Acc.: 84.45	CE Loss: 0.44	KSVD Loss: 0.00	KL Loss: 0.00	Tot. Loss: 0.44
2024-12-22 05:17:34,829 INFO Epoch 169 	 Batch 299	LR : 0.00044	Top1 Acc.: 84.28	CE Loss: 0.45	KSVD Loss: 0.00	KL Loss: 0.00	Tot. Loss: 0.45
2024-12-22 05:17:56,161 INFO ################## 
 ---> Validation Epoch 169	Acc.: 82.400	FPR: 67.955	AUROC: 85.456	AUPR: 51.379	AURC: 45.995	EAURC: 29.509	AUPR Succ.: 96.585	ECE: 3.555	NLL: 5.324	Brier: 25.555
2024-12-22 05:17:56,161 INFO Accuracy improved from 82.22 to 82.40!!!
2024-12-22 05:17:56,193 INFO AURC decreased from 47.36 to 46.00!!!
2024-12-22 05:17:56,224 INFO ####### --- Training Epoch 170 --- #######
2024-12-22 05:18:09,021 INFO Epoch 170 	 Batch 99	LR : 0.00043	Top1 Acc.: 84.83	CE Loss: 0.43	KSVD Loss: 0.00	KL Loss: 0.00	Tot. Loss: 0.43
2024-12-22 05:18:21,469 INFO Epoch 170 	 Batch 199	LR : 0.00043	Top1 Acc.: 84.07	CE Loss: 0.45	KSVD Loss: 0.00	KL Loss: 0.00	Tot. Loss: 0.45
2024-12-22 05:18:33,904 INFO Epoch 170 	 Batch 299	LR : 0.00043	Top1 Acc.: 84.48	CE Loss: 0.44	KSVD Loss: 0.00	KL Loss: 0.00	Tot. Loss: 0.44
2024-12-22 05:18:55,182 INFO ################## 
 ---> Validation Epoch 170	Acc.: 82.620	FPR: 69.620	AUROC: 85.204	AUPR: 50.879	AURC: 46.211	EAURC: 30.147	AUPR Succ.: 96.516	ECE: 3.046	NLL: 5.235	Brier: 25.285
2024-12-22 05:18:55,183 INFO Accuracy improved from 82.40 to 82.62!!!
2024-12-22 05:18:55,215 INFO ####### --- Training Epoch 171 --- #######
2024-12-22 05:19:08,001 INFO Epoch 171 	 Batch 99	LR : 0.00043	Top1 Acc.: 84.98	CE Loss: 0.44	KSVD Loss: 0.00	KL Loss: 0.00	Tot. Loss: 0.44
2024-12-22 05:19:20,434 INFO Epoch 171 	 Batch 199	LR : 0.00043	Top1 Acc.: 84.46	CE Loss: 0.43	KSVD Loss: 0.00	KL Loss: 0.00	Tot. Loss: 0.43
2024-12-22 05:19:32,888 INFO Epoch 171 	 Batch 299	LR : 0.00043	Top1 Acc.: 84.45	CE Loss: 0.43	KSVD Loss: 0.00	KL Loss: 0.00	Tot. Loss: 0.43
2024-12-22 05:19:54,167 INFO ################## 
 ---> Validation Epoch 171	Acc.: 82.040	FPR: 70.379	AUROC: 84.674	AUPR: 50.364	AURC: 49.311	EAURC: 32.120	AUPR Succ.: 96.272	ECE: 3.978	NLL: 5.441	Brier: 26.146
2024-12-22 05:19:54,168 INFO ####### --- Training Epoch 172 --- #######
2024-12-22 05:20:06,988 INFO Epoch 172 	 Batch 99	LR : 0.00042	Top1 Acc.: 84.60	CE Loss: 0.43	KSVD Loss: 0.00	KL Loss: 0.00	Tot. Loss: 0.44
2024-12-22 05:20:19,485 INFO Epoch 172 	 Batch 199	LR : 0.00042	Top1 Acc.: 84.16	CE Loss: 0.44	KSVD Loss: 0.00	KL Loss: 0.00	Tot. Loss: 0.44
2024-12-22 05:20:31,930 INFO Epoch 172 	 Batch 299	LR : 0.00042	Top1 Acc.: 84.45	CE Loss: 0.43	KSVD Loss: 0.00	KL Loss: 0.00	Tot. Loss: 0.43
2024-12-22 05:20:53,225 INFO ################## 
 ---> Validation Epoch 172	Acc.: 82.380	FPR: 68.445	AUROC: 85.031	AUPR: 49.549	AURC: 47.354	EAURC: 30.829	AUPR Succ.: 96.432	ECE: 3.498	NLL: 5.301	Brier: 25.583
2024-12-22 05:20:53,226 INFO ####### --- Training Epoch 173 --- #######
2024-12-22 05:21:05,993 INFO Epoch 173 	 Batch 99	LR : 0.00042	Top1 Acc.: 84.64	CE Loss: 0.44	KSVD Loss: 0.00	KL Loss: 0.00	Tot. Loss: 0.44
2024-12-22 05:21:18,437 INFO Epoch 173 	 Batch 199	LR : 0.00042	Top1 Acc.: 84.84	CE Loss: 0.43	KSVD Loss: 0.00	KL Loss: 0.00	Tot. Loss: 0.43
2024-12-22 05:21:30,849 INFO Epoch 173 	 Batch 299	LR : 0.00042	Top1 Acc.: 84.54	CE Loss: 0.43	KSVD Loss: 0.00	KL Loss: 0.00	Tot. Loss: 0.43
2024-12-22 05:21:52,101 INFO ################## 
 ---> Validation Epoch 173	Acc.: 82.240	FPR: 69.820	AUROC: 85.499	AUPR: 50.767	AURC: 46.762	EAURC: 29.964	AUPR Succ.: 96.526	ECE: 3.762	NLL: 5.308	Brier: 25.678
2024-12-22 05:21:52,102 INFO ####### --- Training Epoch 174 --- #######
2024-12-22 05:22:04,990 INFO Epoch 174 	 Batch 99	LR : 0.00041	Top1 Acc.: 85.27	CE Loss: 0.42	KSVD Loss: 0.00	KL Loss: 0.00	Tot. Loss: 0.42
2024-12-22 05:22:17,531 INFO Epoch 174 	 Batch 199	LR : 0.00041	Top1 Acc.: 84.57	CE Loss: 0.44	KSVD Loss: 0.00	KL Loss: 0.00	Tot. Loss: 0.44
2024-12-22 05:22:30,060 INFO Epoch 174 	 Batch 299	LR : 0.00041	Top1 Acc.: 84.60	CE Loss: 0.43	KSVD Loss: 0.00	KL Loss: 0.00	Tot. Loss: 0.43
2024-12-22 05:22:51,366 INFO ################## 
 ---> Validation Epoch 174	Acc.: 82.440	FPR: 66.059	AUROC: 86.075	AUPR: 51.981	AURC: 44.794	EAURC: 28.386	AUPR Succ.: 96.711	ECE: 3.880	NLL: 5.224	Brier: 25.133
2024-12-22 05:22:51,366 INFO AURC decreased from 46.00 to 44.79!!!
2024-12-22 05:22:51,398 INFO ####### --- Training Epoch 175 --- #######
2024-12-22 05:23:04,298 INFO Epoch 175 	 Batch 99	LR : 0.00041	Top1 Acc.: 84.83	CE Loss: 0.42	KSVD Loss: 0.00	KL Loss: 0.00	Tot. Loss: 0.42
2024-12-22 05:23:16,819 INFO Epoch 175 	 Batch 199	LR : 0.00041	Top1 Acc.: 85.12	CE Loss: 0.42	KSVD Loss: 0.00	KL Loss: 0.00	Tot. Loss: 0.42
2024-12-22 05:23:29,303 INFO Epoch 175 	 Batch 299	LR : 0.00041	Top1 Acc.: 84.07	CE Loss: 0.44	KSVD Loss: 0.00	KL Loss: 0.00	Tot. Loss: 0.44
2024-12-22 05:23:50,522 INFO ################## 
 ---> Validation Epoch 175	Acc.: 82.400	FPR: 70.341	AUROC: 85.245	AUPR: 50.522	AURC: 46.327	EAURC: 29.841	AUPR Succ.: 96.551	ECE: 3.534	NLL: 5.247	Brier: 25.449
2024-12-22 05:23:50,523 INFO ####### --- Training Epoch 176 --- #######
2024-12-22 05:24:03,238 INFO Epoch 176 	 Batch 99	LR : 0.00040	Top1 Acc.: 85.09	CE Loss: 0.42	KSVD Loss: 0.00	KL Loss: 0.00	Tot. Loss: 0.42
2024-12-22 05:24:15,601 INFO Epoch 176 	 Batch 199	LR : 0.00040	Top1 Acc.: 85.20	CE Loss: 0.42	KSVD Loss: 0.00	KL Loss: 0.00	Tot. Loss: 0.42
2024-12-22 05:24:27,979 INFO Epoch 176 	 Batch 299	LR : 0.00040	Top1 Acc.: 84.22	CE Loss: 0.44	KSVD Loss: 0.00	KL Loss: 0.00	Tot. Loss: 0.44
2024-12-22 05:24:49,211 INFO ################## 
 ---> Validation Epoch 176	Acc.: 82.860	FPR: 70.478	AUROC: 84.941	AUPR: 48.425	AURC: 45.523	EAURC: 29.915	AUPR Succ.: 96.555	ECE: 3.840	NLL: 5.255	Brier: 25.197
2024-12-22 05:24:49,211 INFO Accuracy improved from 82.62 to 82.86!!!
2024-12-22 05:24:49,243 INFO ####### --- Training Epoch 177 --- #######
2024-12-22 05:25:02,086 INFO Epoch 177 	 Batch 99	LR : 0.00040	Top1 Acc.: 85.05	CE Loss: 0.41	KSVD Loss: 0.00	KL Loss: 0.00	Tot. Loss: 0.41
2024-12-22 05:25:14,570 INFO Epoch 177 	 Batch 199	LR : 0.00040	Top1 Acc.: 84.70	CE Loss: 0.43	KSVD Loss: 0.00	KL Loss: 0.00	Tot. Loss: 0.43
2024-12-22 05:25:27,026 INFO Epoch 177 	 Batch 299	LR : 0.00040	Top1 Acc.: 85.30	CE Loss: 0.42	KSVD Loss: 0.00	KL Loss: 0.00	Tot. Loss: 0.42
2024-12-22 05:25:48,282 INFO ################## 
 ---> Validation Epoch 177	Acc.: 82.720	FPR: 65.625	AUROC: 85.389	AUPR: 52.186	AURC: 45.248	EAURC: 29.375	AUPR Succ.: 96.608	ECE: 3.521	NLL: 5.246	Brier: 25.309
2024-12-22 05:25:48,283 INFO ####### --- Training Epoch 178 --- #######
2024-12-22 05:26:01,061 INFO Epoch 178 	 Batch 99	LR : 0.00039	Top1 Acc.: 85.75	CE Loss: 0.41	KSVD Loss: 0.00	KL Loss: 0.00	Tot. Loss: 0.41
2024-12-22 05:26:13,533 INFO Epoch 178 	 Batch 199	LR : 0.00039	Top1 Acc.: 84.96	CE Loss: 0.42	KSVD Loss: 0.00	KL Loss: 0.00	Tot. Loss: 0.42
2024-12-22 05:26:25,963 INFO Epoch 178 	 Batch 299	LR : 0.00039	Top1 Acc.: 84.88	CE Loss: 0.43	KSVD Loss: 0.00	KL Loss: 0.00	Tot. Loss: 0.43
2024-12-22 05:26:47,254 INFO ################## 
 ---> Validation Epoch 178	Acc.: 82.240	FPR: 70.158	AUROC: 85.205	AUPR: 51.424	AURC: 47.209	EAURC: 30.412	AUPR Succ.: 96.477	ECE: 3.963	NLL: 5.373	Brier: 26.038
2024-12-22 05:26:47,255 INFO ####### --- Training Epoch 179 --- #######
2024-12-22 05:27:00,026 INFO Epoch 179 	 Batch 99	LR : 0.00039	Top1 Acc.: 85.47	CE Loss: 0.40	KSVD Loss: 0.00	KL Loss: 0.00	Tot. Loss: 0.40
2024-12-22 05:27:12,454 INFO Epoch 179 	 Batch 199	LR : 0.00039	Top1 Acc.: 85.09	CE Loss: 0.42	KSVD Loss: 0.00	KL Loss: 0.00	Tot. Loss: 0.42
2024-12-22 05:27:24,873 INFO Epoch 179 	 Batch 299	LR : 0.00039	Top1 Acc.: 85.06	CE Loss: 0.43	KSVD Loss: 0.00	KL Loss: 0.00	Tot. Loss: 0.43
2024-12-22 05:27:46,119 INFO ################## 
 ---> Validation Epoch 179	Acc.: 81.860	FPR: 68.688	AUROC: 85.693	AUPR: 53.760	AURC: 47.919	EAURC: 30.370	AUPR Succ.: 96.460	ECE: 4.553	NLL: 5.358	Brier: 25.851
2024-12-22 05:27:46,120 INFO ####### --- Training Epoch 180 --- #######
2024-12-22 05:27:58,960 INFO Epoch 180 	 Batch 99	LR : 0.00038	Top1 Acc.: 85.54	CE Loss: 0.41	KSVD Loss: 0.00	KL Loss: 0.00	Tot. Loss: 0.41
2024-12-22 05:28:11,386 INFO Epoch 180 	 Batch 199	LR : 0.00038	Top1 Acc.: 84.83	CE Loss: 0.42	KSVD Loss: 0.00	KL Loss: 0.00	Tot. Loss: 0.42
2024-12-22 05:28:23,880 INFO Epoch 180 	 Batch 299	LR : 0.00038	Top1 Acc.: 85.58	CE Loss: 0.41	KSVD Loss: 0.00	KL Loss: 0.00	Tot. Loss: 0.41
2024-12-22 05:28:45,128 INFO ################## 
 ---> Validation Epoch 180	Acc.: 81.940	FPR: 66.777	AUROC: 85.418	AUPR: 51.941	AURC: 48.077	EAURC: 30.687	AUPR Succ.: 96.429	ECE: 4.353	NLL: 5.470	Brier: 26.056
2024-12-22 05:28:45,129 INFO ####### --- Training Epoch 181 --- #######
2024-12-22 05:28:57,958 INFO Epoch 181 	 Batch 99	LR : 0.00038	Top1 Acc.: 85.50	CE Loss: 0.41	KSVD Loss: 0.00	KL Loss: 0.00	Tot. Loss: 0.41
2024-12-22 05:29:10,409 INFO Epoch 181 	 Batch 199	LR : 0.00038	Top1 Acc.: 85.26	CE Loss: 0.42	KSVD Loss: 0.00	KL Loss: 0.00	Tot. Loss: 0.42
2024-12-22 05:29:22,870 INFO Epoch 181 	 Batch 299	LR : 0.00038	Top1 Acc.: 85.19	CE Loss: 0.42	KSVD Loss: 0.00	KL Loss: 0.00	Tot. Loss: 0.42
2024-12-22 05:29:44,154 INFO ################## 
 ---> Validation Epoch 181	Acc.: 82.440	FPR: 67.654	AUROC: 85.615	AUPR: 51.996	AURC: 45.966	EAURC: 29.557	AUPR Succ.: 96.575	ECE: 3.653	NLL: 5.265	Brier: 25.262
2024-12-22 05:29:44,155 INFO ####### --- Training Epoch 182 --- #######
2024-12-22 05:29:56,903 INFO Epoch 182 	 Batch 99	LR : 0.00037	Top1 Acc.: 85.05	CE Loss: 0.41	KSVD Loss: 0.00	KL Loss: 0.00	Tot. Loss: 0.41
2024-12-22 05:30:09,351 INFO Epoch 182 	 Batch 199	LR : 0.00037	Top1 Acc.: 84.84	CE Loss: 0.42	KSVD Loss: 0.00	KL Loss: 0.00	Tot. Loss: 0.42
2024-12-22 05:30:21,720 INFO Epoch 182 	 Batch 299	LR : 0.00037	Top1 Acc.: 85.18	CE Loss: 0.42	KSVD Loss: 0.00	KL Loss: 0.00	Tot. Loss: 0.42
2024-12-22 05:30:42,984 INFO ################## 
 ---> Validation Epoch 182	Acc.: 82.720	FPR: 65.278	AUROC: 85.606	AUPR: 51.286	AURC: 44.745	EAURC: 28.872	AUPR Succ.: 96.667	ECE: 4.116	NLL: 5.233	Brier: 25.140
2024-12-22 05:30:42,985 INFO AURC decreased from 44.79 to 44.74!!!
2024-12-22 05:30:43,016 INFO ####### --- Training Epoch 183 --- #######
2024-12-22 05:30:55,864 INFO Epoch 183 	 Batch 99	LR : 0.00037	Top1 Acc.: 85.41	CE Loss: 0.41	KSVD Loss: 0.00	KL Loss: 0.00	Tot. Loss: 0.41
2024-12-22 05:31:08,401 INFO Epoch 183 	 Batch 199	LR : 0.00037	Top1 Acc.: 85.55	CE Loss: 0.41	KSVD Loss: 0.00	KL Loss: 0.00	Tot. Loss: 0.41
2024-12-22 05:31:20,930 INFO Epoch 183 	 Batch 299	LR : 0.00037	Top1 Acc.: 85.61	CE Loss: 0.41	KSVD Loss: 0.00	KL Loss: 0.00	Tot. Loss: 0.41
2024-12-22 05:31:42,226 INFO ################## 
 ---> Validation Epoch 183	Acc.: 82.320	FPR: 67.760	AUROC: 85.729	AUPR: 51.644	AURC: 46.347	EAURC: 29.706	AUPR Succ.: 96.552	ECE: 4.211	NLL: 5.314	Brier: 25.418
2024-12-22 05:31:42,227 INFO ####### --- Training Epoch 184 --- #######
2024-12-22 05:31:54,955 INFO Epoch 184 	 Batch 99	LR : 0.00036	Top1 Acc.: 85.49	CE Loss: 0.40	KSVD Loss: 0.00	KL Loss: 0.00	Tot. Loss: 0.40
2024-12-22 05:32:07,400 INFO Epoch 184 	 Batch 199	LR : 0.00036	Top1 Acc.: 85.39	CE Loss: 0.41	KSVD Loss: 0.00	KL Loss: 0.00	Tot. Loss: 0.41
2024-12-22 05:32:19,872 INFO Epoch 184 	 Batch 299	LR : 0.00036	Top1 Acc.: 85.45	CE Loss: 0.41	KSVD Loss: 0.00	KL Loss: 0.00	Tot. Loss: 0.41
2024-12-22 05:32:41,181 INFO ################## 
 ---> Validation Epoch 184	Acc.: 82.400	FPR: 68.068	AUROC: 85.824	AUPR: 52.193	AURC: 45.675	EAURC: 29.189	AUPR Succ.: 96.617	ECE: 4.613	NLL: 5.364	Brier: 25.505
2024-12-22 05:32:41,182 INFO ####### --- Training Epoch 185 --- #######
2024-12-22 05:32:54,022 INFO Epoch 185 	 Batch 99	LR : 0.00036	Top1 Acc.: 85.30	CE Loss: 0.40	KSVD Loss: 0.00	KL Loss: 0.00	Tot. Loss: 0.40
2024-12-22 05:33:06,471 INFO Epoch 185 	 Batch 199	LR : 0.00036	Top1 Acc.: 85.22	CE Loss: 0.41	KSVD Loss: 0.00	KL Loss: 0.00	Tot. Loss: 0.41
2024-12-22 05:33:18,954 INFO Epoch 185 	 Batch 299	LR : 0.00036	Top1 Acc.: 85.81	CE Loss: 0.40	KSVD Loss: 0.00	KL Loss: 0.00	Tot. Loss: 0.40
2024-12-22 05:33:40,254 INFO ################## 
 ---> Validation Epoch 185	Acc.: 82.740	FPR: 67.207	AUROC: 85.289	AUPR: 50.498	AURC: 45.321	EAURC: 29.486	AUPR Succ.: 96.599	ECE: 4.025	NLL: 5.273	Brier: 25.295
2024-12-22 05:33:40,256 INFO ####### --- Training Epoch 186 --- #######
2024-12-22 05:33:52,982 INFO Epoch 186 	 Batch 99	LR : 0.00035	Top1 Acc.: 85.70	CE Loss: 0.40	KSVD Loss: 0.00	KL Loss: 0.00	Tot. Loss: 0.40
2024-12-22 05:34:05,383 INFO Epoch 186 	 Batch 199	LR : 0.00035	Top1 Acc.: 85.34	CE Loss: 0.41	KSVD Loss: 0.00	KL Loss: 0.00	Tot. Loss: 0.41
2024-12-22 05:34:17,754 INFO Epoch 186 	 Batch 299	LR : 0.00035	Top1 Acc.: 85.19	CE Loss: 0.41	KSVD Loss: 0.00	KL Loss: 0.00	Tot. Loss: 0.41
2024-12-22 05:34:39,034 INFO ################## 
 ---> Validation Epoch 186	Acc.: 82.260	FPR: 70.913	AUROC: 85.600	AUPR: 51.478	AURC: 46.242	EAURC: 29.484	AUPR Succ.: 96.584	ECE: 4.897	NLL: 5.365	Brier: 25.802
2024-12-22 05:34:39,035 INFO ####### --- Training Epoch 187 --- #######
2024-12-22 05:34:51,742 INFO Epoch 187 	 Batch 99	LR : 0.00035	Top1 Acc.: 85.91	CE Loss: 0.40	KSVD Loss: 0.00	KL Loss: 0.00	Tot. Loss: 0.40
2024-12-22 05:35:04,131 INFO Epoch 187 	 Batch 199	LR : 0.00035	Top1 Acc.: 85.80	CE Loss: 0.41	KSVD Loss: 0.00	KL Loss: 0.00	Tot. Loss: 0.41
2024-12-22 05:35:16,512 INFO Epoch 187 	 Batch 299	LR : 0.00035	Top1 Acc.: 85.33	CE Loss: 0.41	KSVD Loss: 0.00	KL Loss: 0.00	Tot. Loss: 0.41
2024-12-22 05:35:37,813 INFO ################## 
 ---> Validation Epoch 187	Acc.: 82.640	FPR: 71.659	AUROC: 84.922	AUPR: 48.185	AURC: 46.251	EAURC: 30.226	AUPR Succ.: 96.516	ECE: 4.023	NLL: 5.376	Brier: 25.720
2024-12-22 05:35:37,814 INFO ####### --- Training Epoch 188 --- #######
2024-12-22 05:35:50,581 INFO Epoch 188 	 Batch 99	LR : 0.00034	Top1 Acc.: 85.54	CE Loss: 0.40	KSVD Loss: 0.00	KL Loss: 0.00	Tot. Loss: 0.40
2024-12-22 05:36:03,028 INFO Epoch 188 	 Batch 199	LR : 0.00034	Top1 Acc.: 85.84	CE Loss: 0.40	KSVD Loss: 0.00	KL Loss: 0.00	Tot. Loss: 0.40
2024-12-22 05:36:15,476 INFO Epoch 188 	 Batch 299	LR : 0.00034	Top1 Acc.: 85.80	CE Loss: 0.40	KSVD Loss: 0.00	KL Loss: 0.00	Tot. Loss: 0.40
2024-12-22 05:36:36,747 INFO ################## 
 ---> Validation Epoch 188	Acc.: 82.760	FPR: 70.650	AUROC: 85.241	AUPR: 50.094	AURC: 45.303	EAURC: 29.506	AUPR Succ.: 96.600	ECE: 4.624	NLL: 5.300	Brier: 25.460
2024-12-22 05:36:36,748 INFO ####### --- Training Epoch 189 --- #######
2024-12-22 05:36:49,575 INFO Epoch 189 	 Batch 99	LR : 0.00034	Top1 Acc.: 85.79	CE Loss: 0.39	KSVD Loss: 0.00	KL Loss: 0.00	Tot. Loss: 0.39
2024-12-22 05:37:02,021 INFO Epoch 189 	 Batch 199	LR : 0.00034	Top1 Acc.: 85.12	CE Loss: 0.41	KSVD Loss: 0.00	KL Loss: 0.00	Tot. Loss: 0.41
2024-12-22 05:37:14,487 INFO Epoch 189 	 Batch 299	LR : 0.00034	Top1 Acc.: 85.54	CE Loss: 0.40	KSVD Loss: 0.00	KL Loss: 0.00	Tot. Loss: 0.40
2024-12-22 05:37:35,789 INFO ################## 
 ---> Validation Epoch 189	Acc.: 81.780	FPR: 67.838	AUROC: 86.134	AUPR: 52.937	AURC: 46.781	EAURC: 29.071	AUPR Succ.: 96.614	ECE: 5.095	NLL: 5.358	Brier: 25.889
2024-12-22 05:37:35,790 INFO ####### --- Training Epoch 190 --- #######
2024-12-22 05:37:48,567 INFO Epoch 190 	 Batch 99	LR : 0.00033	Top1 Acc.: 86.49	CE Loss: 0.39	KSVD Loss: 0.00	KL Loss: 0.00	Tot. Loss: 0.39
2024-12-22 05:38:01,022 INFO Epoch 190 	 Batch 199	LR : 0.00033	Top1 Acc.: 85.86	CE Loss: 0.40	KSVD Loss: 0.00	KL Loss: 0.00	Tot. Loss: 0.40
2024-12-22 05:38:13,475 INFO Epoch 190 	 Batch 299	LR : 0.00033	Top1 Acc.: 85.39	CE Loss: 0.41	KSVD Loss: 0.00	KL Loss: 0.00	Tot. Loss: 0.41
2024-12-22 05:38:34,797 INFO ################## 
 ---> Validation Epoch 190	Acc.: 82.500	FPR: 67.429	AUROC: 85.506	AUPR: 50.874	AURC: 45.785	EAURC: 29.492	AUPR Succ.: 96.588	ECE: 4.356	NLL: 5.241	Brier: 25.332
2024-12-22 05:38:34,798 INFO ####### --- Training Epoch 191 --- #######
2024-12-22 05:38:47,673 INFO Epoch 191 	 Batch 99	LR : 0.00033	Top1 Acc.: 85.98	CE Loss: 0.40	KSVD Loss: 0.00	KL Loss: 0.00	Tot. Loss: 0.40
2024-12-22 05:39:00,088 INFO Epoch 191 	 Batch 199	LR : 0.00033	Top1 Acc.: 86.09	CE Loss: 0.39	KSVD Loss: 0.00	KL Loss: 0.00	Tot. Loss: 0.39
2024-12-22 05:39:12,508 INFO Epoch 191 	 Batch 299	LR : 0.00033	Top1 Acc.: 85.88	CE Loss: 0.39	KSVD Loss: 0.00	KL Loss: 0.00	Tot. Loss: 0.39
2024-12-22 05:39:33,792 INFO ################## 
 ---> Validation Epoch 191	Acc.: 82.060	FPR: 66.109	AUROC: 86.623	AUPR: 53.830	AURC: 44.548	EAURC: 27.397	AUPR Succ.: 96.817	ECE: 4.807	NLL: 5.337	Brier: 25.572
2024-12-22 05:39:33,793 INFO AUROC improved from 86.48 to 86.62!!!
2024-12-22 05:39:33,824 INFO AURC decreased from 44.74 to 44.55!!!
2024-12-22 05:39:33,855 INFO ####### --- Training Epoch 192 --- #######
2024-12-22 05:39:46,582 INFO Epoch 192 	 Batch 99	LR : 0.00032	Top1 Acc.: 86.07	CE Loss: 0.40	KSVD Loss: 0.00	KL Loss: 0.00	Tot. Loss: 0.40
2024-12-22 05:39:58,992 INFO Epoch 192 	 Batch 199	LR : 0.00032	Top1 Acc.: 86.18	CE Loss: 0.38	KSVD Loss: 0.00	KL Loss: 0.00	Tot. Loss: 0.38
2024-12-22 05:40:11,417 INFO Epoch 192 	 Batch 299	LR : 0.00032	Top1 Acc.: 86.27	CE Loss: 0.39	KSVD Loss: 0.00	KL Loss: 0.00	Tot. Loss: 0.39
2024-12-22 05:40:32,783 INFO ################## 
 ---> Validation Epoch 192	Acc.: 81.920	FPR: 68.695	AUROC: 86.163	AUPR: 53.537	AURC: 46.332	EAURC: 28.903	AUPR Succ.: 96.639	ECE: 4.870	NLL: 5.356	Brier: 25.898
2024-12-22 05:40:32,784 INFO ####### --- Training Epoch 193 --- #######
2024-12-22 05:40:45,654 INFO Epoch 193 	 Batch 99	LR : 0.00032	Top1 Acc.: 86.18	CE Loss: 0.39	KSVD Loss: 0.00	KL Loss: 0.00	Tot. Loss: 0.39
2024-12-22 05:40:58,210 INFO Epoch 193 	 Batch 199	LR : 0.00032	Top1 Acc.: 86.47	CE Loss: 0.38	KSVD Loss: 0.00	KL Loss: 0.00	Tot. Loss: 0.38
2024-12-22 05:41:10,723 INFO Epoch 193 	 Batch 299	LR : 0.00032	Top1 Acc.: 85.98	CE Loss: 0.40	KSVD Loss: 0.00	KL Loss: 0.00	Tot. Loss: 0.40
2024-12-22 05:41:32,068 INFO ################## 
 ---> Validation Epoch 193	Acc.: 82.320	FPR: 67.195	AUROC: 86.000	AUPR: 52.193	AURC: 45.180	EAURC: 28.539	AUPR Succ.: 96.694	ECE: 5.236	NLL: 5.327	Brier: 25.630
2024-12-22 05:41:32,069 INFO ####### --- Training Epoch 194 --- #######
2024-12-22 05:41:44,926 INFO Epoch 194 	 Batch 99	LR : 0.00031	Top1 Acc.: 86.77	CE Loss: 0.38	KSVD Loss: 0.00	KL Loss: 0.00	Tot. Loss: 0.38
2024-12-22 05:41:57,475 INFO Epoch 194 	 Batch 199	LR : 0.00031	Top1 Acc.: 86.10	CE Loss: 0.39	KSVD Loss: 0.00	KL Loss: 0.00	Tot. Loss: 0.39
2024-12-22 05:42:10,010 INFO Epoch 194 	 Batch 299	LR : 0.00031	Top1 Acc.: 86.34	CE Loss: 0.39	KSVD Loss: 0.00	KL Loss: 0.00	Tot. Loss: 0.39
2024-12-22 05:42:31,338 INFO ################## 
 ---> Validation Epoch 194	Acc.: 82.480	FPR: 65.753	AUROC: 85.552	AUPR: 50.816	AURC: 45.752	EAURC: 29.421	AUPR Succ.: 96.596	ECE: 5.336	NLL: 5.502	Brier: 25.633
2024-12-22 05:42:31,339 INFO ####### --- Training Epoch 195 --- #######
2024-12-22 05:42:44,209 INFO Epoch 195 	 Batch 99	LR : 0.00031	Top1 Acc.: 86.37	CE Loss: 0.38	KSVD Loss: 0.00	KL Loss: 0.00	Tot. Loss: 0.38
2024-12-22 05:42:56,750 INFO Epoch 195 	 Batch 199	LR : 0.00031	Top1 Acc.: 85.88	CE Loss: 0.40	KSVD Loss: 0.00	KL Loss: 0.00	Tot. Loss: 0.40
2024-12-22 05:43:09,292 INFO Epoch 195 	 Batch 299	LR : 0.00031	Top1 Acc.: 86.34	CE Loss: 0.38	KSVD Loss: 0.00	KL Loss: 0.00	Tot. Loss: 0.38
2024-12-22 05:43:30,641 INFO ################## 
 ---> Validation Epoch 195	Acc.: 82.680	FPR: 69.630	AUROC: 85.298	AUPR: 50.492	AURC: 45.695	EAURC: 29.747	AUPR Succ.: 96.565	ECE: 4.545	NLL: 5.331	Brier: 25.405
2024-12-22 05:43:30,642 INFO ####### --- Training Epoch 196 --- #######
2024-12-22 05:43:43,458 INFO Epoch 196 	 Batch 99	LR : 0.00030	Top1 Acc.: 86.08	CE Loss: 0.38	KSVD Loss: 0.00	KL Loss: 0.00	Tot. Loss: 0.38
2024-12-22 05:43:55,883 INFO Epoch 196 	 Batch 199	LR : 0.00030	Top1 Acc.: 86.10	CE Loss: 0.38	KSVD Loss: 0.00	KL Loss: 0.00	Tot. Loss: 0.38
2024-12-22 05:44:08,364 INFO Epoch 196 	 Batch 299	LR : 0.00030	Top1 Acc.: 85.69	CE Loss: 0.39	KSVD Loss: 0.00	KL Loss: 0.00	Tot. Loss: 0.39
2024-12-22 05:44:29,714 INFO ################## 
 ---> Validation Epoch 196	Acc.: 82.420	FPR: 67.349	AUROC: 85.783	AUPR: 52.605	AURC: 45.647	EAURC: 29.200	AUPR Succ.: 96.616	ECE: 5.150	NLL: 5.320	Brier: 25.332
2024-12-22 05:44:29,715 INFO ####### --- Training Epoch 197 --- #######
2024-12-22 05:44:42,603 INFO Epoch 197 	 Batch 99	LR : 0.00030	Top1 Acc.: 86.70	CE Loss: 0.37	KSVD Loss: 0.00	KL Loss: 0.00	Tot. Loss: 0.37
2024-12-22 05:44:55,129 INFO Epoch 197 	 Batch 199	LR : 0.00030	Top1 Acc.: 86.54	CE Loss: 0.38	KSVD Loss: 0.00	KL Loss: 0.00	Tot. Loss: 0.38
2024-12-22 05:45:07,650 INFO Epoch 197 	 Batch 299	LR : 0.00030	Top1 Acc.: 86.16	CE Loss: 0.38	KSVD Loss: 0.00	KL Loss: 0.00	Tot. Loss: 0.38
2024-12-22 05:45:28,984 INFO ################## 
 ---> Validation Epoch 197	Acc.: 82.100	FPR: 68.715	AUROC: 85.882	AUPR: 52.936	AURC: 46.290	EAURC: 29.217	AUPR Succ.: 96.608	ECE: 5.360	NLL: 5.422	Brier: 25.944
2024-12-22 05:45:28,985 INFO ####### --- Training Epoch 198 --- #######
2024-12-22 05:45:41,799 INFO Epoch 198 	 Batch 99	LR : 0.00029	Top1 Acc.: 86.84	CE Loss: 0.37	KSVD Loss: 0.00	KL Loss: 0.00	Tot. Loss: 0.37
2024-12-22 05:45:54,264 INFO Epoch 198 	 Batch 199	LR : 0.00029	Top1 Acc.: 86.00	CE Loss: 0.39	KSVD Loss: 0.00	KL Loss: 0.00	Tot. Loss: 0.39
2024-12-22 05:46:06,707 INFO Epoch 198 	 Batch 299	LR : 0.00029	Top1 Acc.: 86.31	CE Loss: 0.39	KSVD Loss: 0.00	KL Loss: 0.00	Tot. Loss: 0.39
2024-12-22 05:46:27,985 INFO ################## 
 ---> Validation Epoch 198	Acc.: 82.320	FPR: 64.027	AUROC: 86.308	AUPR: 53.770	AURC: 45.165	EAURC: 28.523	AUPR Succ.: 96.684	ECE: 5.060	NLL: 5.272	Brier: 25.114
2024-12-22 05:46:27,986 INFO ####### --- Training Epoch 199 --- #######
2024-12-22 05:46:40,622 INFO Epoch 199 	 Batch 99	LR : 0.00029	Top1 Acc.: 86.48	CE Loss: 0.38	KSVD Loss: 0.00	KL Loss: 0.00	Tot. Loss: 0.38
2024-12-22 05:46:52,941 INFO Epoch 199 	 Batch 199	LR : 0.00029	Top1 Acc.: 86.73	CE Loss: 0.37	KSVD Loss: 0.00	KL Loss: 0.00	Tot. Loss: 0.37
2024-12-22 05:47:05,223 INFO Epoch 199 	 Batch 299	LR : 0.00029	Top1 Acc.: 86.49	CE Loss: 0.38	KSVD Loss: 0.00	KL Loss: 0.00	Tot. Loss: 0.38
2024-12-22 05:47:26,437 INFO ################## 
 ---> Validation Epoch 199	Acc.: 82.120	FPR: 68.233	AUROC: 85.964	AUPR: 52.338	AURC: 46.026	EAURC: 28.993	AUPR Succ.: 96.634	ECE: 5.074	NLL: 5.394	Brier: 25.718
2024-12-22 05:47:26,438 INFO ####### --- Training Epoch 200 --- #######
2024-12-22 05:47:39,062 INFO Epoch 200 	 Batch 99	LR : 0.00028	Top1 Acc.: 86.33	CE Loss: 0.38	KSVD Loss: 0.00	KL Loss: 0.00	Tot. Loss: 0.38
2024-12-22 05:47:51,346 INFO Epoch 200 	 Batch 199	LR : 0.00028	Top1 Acc.: 87.51	CE Loss: 0.36	KSVD Loss: 0.00	KL Loss: 0.00	Tot. Loss: 0.36
2024-12-22 05:48:03,637 INFO Epoch 200 	 Batch 299	LR : 0.00028	Top1 Acc.: 86.50	CE Loss: 0.37	KSVD Loss: 0.00	KL Loss: 0.00	Tot. Loss: 0.37
2024-12-22 05:48:24,831 INFO ################## 
 ---> Validation Epoch 200	Acc.: 82.300	FPR: 65.876	AUROC: 86.423	AUPR: 54.550	AURC: 44.567	EAURC: 27.887	AUPR Succ.: 96.762	ECE: 4.449	NLL: 5.260	Brier: 25.118
2024-12-22 05:48:24,832 INFO ####### --- Training Epoch 201 --- #######
2024-12-22 05:48:37,651 INFO Epoch 201 	 Batch 99	LR : 0.00028	Top1 Acc.: 86.41	CE Loss: 0.38	KSVD Loss: 0.00	KL Loss: 0.00	Tot. Loss: 0.38
2024-12-22 05:48:50,153 INFO Epoch 201 	 Batch 199	LR : 0.00028	Top1 Acc.: 87.07	CE Loss: 0.36	KSVD Loss: 0.00	KL Loss: 0.00	Tot. Loss: 0.36
2024-12-22 05:49:02,593 INFO Epoch 201 	 Batch 299	LR : 0.00028	Top1 Acc.: 86.44	CE Loss: 0.38	KSVD Loss: 0.00	KL Loss: 0.00	Tot. Loss: 0.38
2024-12-22 05:49:23,862 INFO ################## 
 ---> Validation Epoch 201	Acc.: 82.740	FPR: 66.165	AUROC: 85.838	AUPR: 51.328	AURC: 44.411	EAURC: 28.576	AUPR Succ.: 96.698	ECE: 5.066	NLL: 5.260	Brier: 25.104
2024-12-22 05:49:23,862 INFO AURC decreased from 44.55 to 44.41!!!
2024-12-22 05:49:23,894 INFO ####### --- Training Epoch 202 --- #######
2024-12-22 05:49:36,756 INFO Epoch 202 	 Batch 99	LR : 0.00028	Top1 Acc.: 86.86	CE Loss: 0.37	KSVD Loss: 0.00	KL Loss: 0.00	Tot. Loss: 0.37
2024-12-22 05:49:49,244 INFO Epoch 202 	 Batch 199	LR : 0.00028	Top1 Acc.: 86.95	CE Loss: 0.36	KSVD Loss: 0.00	KL Loss: 0.00	Tot. Loss: 0.36
2024-12-22 05:50:01,693 INFO Epoch 202 	 Batch 299	LR : 0.00028	Top1 Acc.: 86.14	CE Loss: 0.38	KSVD Loss: 0.00	KL Loss: 0.00	Tot. Loss: 0.38
2024-12-22 05:50:23,016 INFO ################## 
 ---> Validation Epoch 202	Acc.: 82.460	FPR: 67.959	AUROC: 85.624	AUPR: 51.240	AURC: 45.686	EAURC: 29.316	AUPR Succ.: 96.608	ECE: 5.301	NLL: 5.478	Brier: 25.731
2024-12-22 05:50:23,017 INFO ####### --- Training Epoch 203 --- #######
2024-12-22 05:50:35,848 INFO Epoch 203 	 Batch 99	LR : 0.00027	Top1 Acc.: 87.65	CE Loss: 0.34	KSVD Loss: 0.00	KL Loss: 0.00	Tot. Loss: 0.34
2024-12-22 05:50:48,375 INFO Epoch 203 	 Batch 199	LR : 0.00027	Top1 Acc.: 86.83	CE Loss: 0.37	KSVD Loss: 0.00	KL Loss: 0.00	Tot. Loss: 0.37
2024-12-22 05:51:00,897 INFO Epoch 203 	 Batch 299	LR : 0.00027	Top1 Acc.: 87.29	CE Loss: 0.37	KSVD Loss: 0.00	KL Loss: 0.00	Tot. Loss: 0.37
2024-12-22 05:51:22,215 INFO ################## 
 ---> Validation Epoch 203	Acc.: 82.940	FPR: 70.574	AUROC: 85.380	AUPR: 50.236	AURC: 44.598	EAURC: 29.139	AUPR Succ.: 96.644	ECE: 4.800	NLL: 5.287	Brier: 25.094
2024-12-22 05:51:22,216 INFO Accuracy improved from 82.86 to 82.94!!!
2024-12-22 05:51:22,248 INFO ####### --- Training Epoch 204 --- #######
2024-12-22 05:51:35,010 INFO Epoch 204 	 Batch 99	LR : 0.00027	Top1 Acc.: 87.42	CE Loss: 0.35	KSVD Loss: 0.00	KL Loss: 0.00	Tot. Loss: 0.35
2024-12-22 05:51:47,420 INFO Epoch 204 	 Batch 199	LR : 0.00027	Top1 Acc.: 87.17	CE Loss: 0.37	KSVD Loss: 0.00	KL Loss: 0.00	Tot. Loss: 0.37
2024-12-22 05:51:59,841 INFO Epoch 204 	 Batch 299	LR : 0.00027	Top1 Acc.: 87.10	CE Loss: 0.37	KSVD Loss: 0.00	KL Loss: 0.00	Tot. Loss: 0.37
2024-12-22 05:52:21,096 INFO ################## 
 ---> Validation Epoch 204	Acc.: 82.540	FPR: 66.208	AUROC: 86.017	AUPR: 52.217	AURC: 44.617	EAURC: 28.400	AUPR Succ.: 96.712	ECE: 4.916	NLL: 5.252	Brier: 25.190
2024-12-22 05:52:21,097 INFO ####### --- Training Epoch 205 --- #######
2024-12-22 05:52:33,874 INFO Epoch 205 	 Batch 99	LR : 0.00026	Top1 Acc.: 87.41	CE Loss: 0.36	KSVD Loss: 0.00	KL Loss: 0.00	Tot. Loss: 0.36
2024-12-22 05:52:46,399 INFO Epoch 205 	 Batch 199	LR : 0.00026	Top1 Acc.: 87.12	CE Loss: 0.37	KSVD Loss: 0.00	KL Loss: 0.00	Tot. Loss: 0.37
2024-12-22 05:52:58,878 INFO Epoch 205 	 Batch 299	LR : 0.00026	Top1 Acc.: 86.29	CE Loss: 0.38	KSVD Loss: 0.00	KL Loss: 0.00	Tot. Loss: 0.38
2024-12-22 05:53:20,145 INFO ################## 
 ---> Validation Epoch 205	Acc.: 83.100	FPR: 70.059	AUROC: 85.043	AUPR: 48.466	AURC: 44.766	EAURC: 29.606	AUPR Succ.: 96.596	ECE: 3.930	NLL: 5.194	Brier: 24.894
2024-12-22 05:53:20,146 INFO Accuracy improved from 82.94 to 83.10!!!
2024-12-22 05:53:20,178 INFO ####### --- Training Epoch 206 --- #######
2024-12-22 05:53:33,030 INFO Epoch 206 	 Batch 99	LR : 0.00026	Top1 Acc.: 87.48	CE Loss: 0.35	KSVD Loss: 0.00	KL Loss: 0.00	Tot. Loss: 0.35
2024-12-22 05:53:45,528 INFO Epoch 206 	 Batch 199	LR : 0.00026	Top1 Acc.: 87.05	CE Loss: 0.36	KSVD Loss: 0.00	KL Loss: 0.00	Tot. Loss: 0.36
2024-12-22 05:53:57,994 INFO Epoch 206 	 Batch 299	LR : 0.00026	Top1 Acc.: 86.96	CE Loss: 0.36	KSVD Loss: 0.00	KL Loss: 0.00	Tot. Loss: 0.36
2024-12-22 05:54:19,294 INFO ################## 
 ---> Validation Epoch 206	Acc.: 81.920	FPR: 66.593	AUROC: 85.077	AUPR: 52.318	AURC: 48.991	EAURC: 31.561	AUPR Succ.: 96.328	ECE: 6.001	NLL: 5.687	Brier: 26.601
2024-12-22 05:54:19,295 INFO ####### --- Training Epoch 207 --- #######
2024-12-22 05:54:32,101 INFO Epoch 207 	 Batch 99	LR : 0.00025	Top1 Acc.: 87.25	CE Loss: 0.35	KSVD Loss: 0.00	KL Loss: 0.00	Tot. Loss: 0.35
2024-12-22 05:54:44,686 INFO Epoch 207 	 Batch 199	LR : 0.00025	Top1 Acc.: 87.16	CE Loss: 0.36	KSVD Loss: 0.00	KL Loss: 0.00	Tot. Loss: 0.36
2024-12-22 05:54:57,236 INFO Epoch 207 	 Batch 299	LR : 0.00025	Top1 Acc.: 86.45	CE Loss: 0.38	KSVD Loss: 0.00	KL Loss: 0.00	Tot. Loss: 0.38
2024-12-22 05:55:18,578 INFO ################## 
 ---> Validation Epoch 207	Acc.: 83.340	FPR: 67.827	AUROC: 85.727	AUPR: 50.567	AURC: 42.419	EAURC: 27.699	AUPR Succ.: 96.819	ECE: 4.328	NLL: 5.171	Brier: 24.465
2024-12-22 05:55:18,578 INFO Accuracy improved from 83.10 to 83.34!!!
2024-12-22 05:55:18,610 INFO AURC decreased from 44.41 to 42.42!!!
2024-12-22 05:55:18,640 INFO ####### --- Training Epoch 208 --- #######
2024-12-22 05:55:31,460 INFO Epoch 208 	 Batch 99	LR : 0.00025	Top1 Acc.: 87.20	CE Loss: 0.35	KSVD Loss: 0.00	KL Loss: 0.00	Tot. Loss: 0.35
2024-12-22 05:55:43,971 INFO Epoch 208 	 Batch 199	LR : 0.00025	Top1 Acc.: 87.31	CE Loss: 0.36	KSVD Loss: 0.00	KL Loss: 0.00	Tot. Loss: 0.36
2024-12-22 05:55:56,468 INFO Epoch 208 	 Batch 299	LR : 0.00025	Top1 Acc.: 87.18	CE Loss: 0.35	KSVD Loss: 0.00	KL Loss: 0.00	Tot. Loss: 0.35
2024-12-22 05:56:17,757 INFO ################## 
 ---> Validation Epoch 208	Acc.: 82.500	FPR: 65.486	AUROC: 85.957	AUPR: 51.582	AURC: 44.915	EAURC: 28.622	AUPR Succ.: 96.686	ECE: 4.951	NLL: 5.345	Brier: 25.339
2024-12-22 05:56:17,758 INFO ####### --- Training Epoch 209 --- #######
2024-12-22 05:56:30,570 INFO Epoch 209 	 Batch 99	LR : 0.00024	Top1 Acc.: 87.45	CE Loss: 0.35	KSVD Loss: 0.00	KL Loss: 0.00	Tot. Loss: 0.35
2024-12-22 05:56:43,060 INFO Epoch 209 	 Batch 199	LR : 0.00024	Top1 Acc.: 87.32	CE Loss: 0.35	KSVD Loss: 0.00	KL Loss: 0.00	Tot. Loss: 0.35
2024-12-22 05:56:55,588 INFO Epoch 209 	 Batch 299	LR : 0.00024	Top1 Acc.: 86.57	CE Loss: 0.37	KSVD Loss: 0.00	KL Loss: 0.00	Tot. Loss: 0.37
2024-12-22 05:57:16,886 INFO ################## 
 ---> Validation Epoch 209	Acc.: 82.900	FPR: 64.678	AUROC: 85.486	AUPR: 50.438	AURC: 44.571	EAURC: 29.037	AUPR Succ.: 96.651	ECE: 4.825	NLL: 5.285	Brier: 25.012
2024-12-22 05:57:16,887 INFO ####### --- Training Epoch 210 --- #######
2024-12-22 05:57:29,541 INFO Epoch 210 	 Batch 99	LR : 0.00024	Top1 Acc.: 87.95	CE Loss: 0.34	KSVD Loss: 0.00	KL Loss: 0.00	Tot. Loss: 0.34
2024-12-22 05:57:41,826 INFO Epoch 210 	 Batch 199	LR : 0.00024	Top1 Acc.: 87.46	CE Loss: 0.35	KSVD Loss: 0.00	KL Loss: 0.00	Tot. Loss: 0.35
2024-12-22 05:57:54,116 INFO Epoch 210 	 Batch 299	LR : 0.00024	Top1 Acc.: 87.52	CE Loss: 0.36	KSVD Loss: 0.00	KL Loss: 0.00	Tot. Loss: 0.36
2024-12-22 05:58:15,336 INFO ################## 
 ---> Validation Epoch 210	Acc.: 82.880	FPR: 66.706	AUROC: 85.270	AUPR: 52.025	AURC: 45.741	EAURC: 30.170	AUPR Succ.: 96.514	ECE: 4.688	NLL: 5.327	Brier: 24.857
2024-12-22 05:58:15,337 INFO ####### --- Training Epoch 211 --- #######
2024-12-22 05:58:27,968 INFO Epoch 211 	 Batch 99	LR : 0.00024	Top1 Acc.: 87.54	CE Loss: 0.35	KSVD Loss: 0.00	KL Loss: 0.00	Tot. Loss: 0.35
2024-12-22 05:58:40,264 INFO Epoch 211 	 Batch 199	LR : 0.00024	Top1 Acc.: 87.59	CE Loss: 0.35	KSVD Loss: 0.00	KL Loss: 0.00	Tot. Loss: 0.35
2024-12-22 05:58:52,530 INFO Epoch 211 	 Batch 299	LR : 0.00024	Top1 Acc.: 87.38	CE Loss: 0.36	KSVD Loss: 0.00	KL Loss: 0.00	Tot. Loss: 0.36
2024-12-22 05:59:13,746 INFO ################## 
 ---> Validation Epoch 211	Acc.: 82.520	FPR: 65.561	AUROC: 85.688	AUPR: 52.342	AURC: 45.712	EAURC: 29.457	AUPR Succ.: 96.588	ECE: 5.107	NLL: 5.397	Brier: 25.419
2024-12-22 05:59:13,747 INFO ####### --- Training Epoch 212 --- #######
2024-12-22 05:59:26,560 INFO Epoch 212 	 Batch 99	LR : 0.00023	Top1 Acc.: 88.06	CE Loss: 0.34	KSVD Loss: 0.00	KL Loss: 0.00	Tot. Loss: 0.34
2024-12-22 05:59:39,046 INFO Epoch 212 	 Batch 199	LR : 0.00023	Top1 Acc.: 87.22	CE Loss: 0.36	KSVD Loss: 0.00	KL Loss: 0.00	Tot. Loss: 0.36
2024-12-22 05:59:51,524 INFO Epoch 212 	 Batch 299	LR : 0.00023	Top1 Acc.: 87.58	CE Loss: 0.35	KSVD Loss: 0.00	KL Loss: 0.00	Tot. Loss: 0.35
2024-12-22 06:00:12,814 INFO ################## 
 ---> Validation Epoch 212	Acc.: 82.880	FPR: 69.159	AUROC: 85.423	AUPR: 49.840	AURC: 44.738	EAURC: 29.167	AUPR Succ.: 96.637	ECE: 5.165	NLL: 5.263	Brier: 24.999
2024-12-22 06:00:12,815 INFO ####### --- Training Epoch 213 --- #######
2024-12-22 06:00:25,636 INFO Epoch 213 	 Batch 99	LR : 0.00023	Top1 Acc.: 87.60	CE Loss: 0.35	KSVD Loss: 0.00	KL Loss: 0.00	Tot. Loss: 0.35
2024-12-22 06:00:38,142 INFO Epoch 213 	 Batch 199	LR : 0.00023	Top1 Acc.: 87.45	CE Loss: 0.35	KSVD Loss: 0.00	KL Loss: 0.00	Tot. Loss: 0.35
2024-12-22 06:00:50,612 INFO Epoch 213 	 Batch 299	LR : 0.00023	Top1 Acc.: 87.84	CE Loss: 0.35	KSVD Loss: 0.00	KL Loss: 0.00	Tot. Loss: 0.35
2024-12-22 06:01:11,912 INFO ################## 
 ---> Validation Epoch 213	Acc.: 82.960	FPR: 68.779	AUROC: 84.781	AUPR: 50.302	AURC: 45.961	EAURC: 30.540	AUPR Succ.: 96.482	ECE: 5.178	NLL: 5.427	Brier: 25.385
2024-12-22 06:01:11,913 INFO ####### --- Training Epoch 214 --- #######
2024-12-22 06:01:24,733 INFO Epoch 214 	 Batch 99	LR : 0.00022	Top1 Acc.: 87.86	CE Loss: 0.34	KSVD Loss: 0.00	KL Loss: 0.00	Tot. Loss: 0.34
2024-12-22 06:01:37,215 INFO Epoch 214 	 Batch 199	LR : 0.00022	Top1 Acc.: 87.04	CE Loss: 0.35	KSVD Loss: 0.00	KL Loss: 0.00	Tot. Loss: 0.35
2024-12-22 06:01:49,707 INFO Epoch 214 	 Batch 299	LR : 0.00022	Top1 Acc.: 87.21	CE Loss: 0.35	KSVD Loss: 0.00	KL Loss: 0.00	Tot. Loss: 0.35
2024-12-22 06:02:11,013 INFO ################## 
 ---> Validation Epoch 214	Acc.: 82.180	FPR: 66.442	AUROC: 85.770	AUPR: 52.545	AURC: 46.422	EAURC: 29.507	AUPR Succ.: 96.574	ECE: 5.486	NLL: 5.483	Brier: 25.794
2024-12-22 06:02:11,014 INFO ####### --- Training Epoch 215 --- #######
2024-12-22 06:02:23,925 INFO Epoch 215 	 Batch 99	LR : 0.00022	Top1 Acc.: 87.38	CE Loss: 0.34	KSVD Loss: 0.00	KL Loss: 0.00	Tot. Loss: 0.34
2024-12-22 06:02:36,479 INFO Epoch 215 	 Batch 199	LR : 0.00022	Top1 Acc.: 87.77	CE Loss: 0.34	KSVD Loss: 0.00	KL Loss: 0.00	Tot. Loss: 0.34
2024-12-22 06:02:49,029 INFO Epoch 215 	 Batch 299	LR : 0.00022	Top1 Acc.: 87.97	CE Loss: 0.34	KSVD Loss: 0.00	KL Loss: 0.00	Tot. Loss: 0.34
2024-12-22 06:03:10,423 INFO ################## 
 ---> Validation Epoch 215	Acc.: 82.520	FPR: 67.849	AUROC: 85.747	AUPR: 52.257	AURC: 45.168	EAURC: 28.913	AUPR Succ.: 96.655	ECE: 5.605	NLL: 5.380	Brier: 25.551
2024-12-22 06:03:10,424 INFO ####### --- Training Epoch 216 --- #######
2024-12-22 06:03:23,335 INFO Epoch 216 	 Batch 99	LR : 0.00021	Top1 Acc.: 88.57	CE Loss: 0.33	KSVD Loss: 0.00	KL Loss: 0.00	Tot. Loss: 0.33
2024-12-22 06:03:35,893 INFO Epoch 216 	 Batch 199	LR : 0.00021	Top1 Acc.: 87.68	CE Loss: 0.35	KSVD Loss: 0.00	KL Loss: 0.00	Tot. Loss: 0.35
2024-12-22 06:03:48,439 INFO Epoch 216 	 Batch 299	LR : 0.00021	Top1 Acc.: 87.98	CE Loss: 0.34	KSVD Loss: 0.00	KL Loss: 0.00	Tot. Loss: 0.34
2024-12-22 06:04:09,813 INFO ################## 
 ---> Validation Epoch 216	Acc.: 82.440	FPR: 66.401	AUROC: 85.911	AUPR: 52.858	AURC: 45.320	EAURC: 28.911	AUPR Succ.: 96.651	ECE: 5.669	NLL: 5.407	Brier: 25.544
2024-12-22 06:04:09,814 INFO ####### --- Training Epoch 217 --- #######
2024-12-22 06:04:22,662 INFO Epoch 217 	 Batch 99	LR : 0.00021	Top1 Acc.: 87.58	CE Loss: 0.34	KSVD Loss: 0.00	KL Loss: 0.00	Tot. Loss: 0.34
2024-12-22 06:04:35,104 INFO Epoch 217 	 Batch 199	LR : 0.00021	Top1 Acc.: 88.41	CE Loss: 0.33	KSVD Loss: 0.00	KL Loss: 0.00	Tot. Loss: 0.33
2024-12-22 06:04:47,505 INFO Epoch 217 	 Batch 299	LR : 0.00021	Top1 Acc.: 87.91	CE Loss: 0.34	KSVD Loss: 0.00	KL Loss: 0.00	Tot. Loss: 0.34
2024-12-22 06:05:08,772 INFO ################## 
 ---> Validation Epoch 217	Acc.: 82.740	FPR: 64.311	AUROC: 85.988	AUPR: 54.194	AURC: 44.330	EAURC: 28.495	AUPR Succ.: 96.703	ECE: 5.024	NLL: 5.321	Brier: 24.991
2024-12-22 06:05:08,773 INFO ####### --- Training Epoch 218 --- #######
2024-12-22 06:05:21,552 INFO Epoch 218 	 Batch 99	LR : 0.00021	Top1 Acc.: 88.16	CE Loss: 0.33	KSVD Loss: 0.00	KL Loss: 0.00	Tot. Loss: 0.33
2024-12-22 06:05:34,065 INFO Epoch 218 	 Batch 199	LR : 0.00021	Top1 Acc.: 87.96	CE Loss: 0.34	KSVD Loss: 0.00	KL Loss: 0.00	Tot. Loss: 0.34
2024-12-22 06:05:46,521 INFO Epoch 218 	 Batch 299	LR : 0.00021	Top1 Acc.: 87.84	CE Loss: 0.34	KSVD Loss: 0.00	KL Loss: 0.00	Tot. Loss: 0.34
2024-12-22 06:06:07,781 INFO ################## 
 ---> Validation Epoch 218	Acc.: 82.280	FPR: 65.463	AUROC: 86.244	AUPR: 53.306	AURC: 45.064	EAURC: 28.344	AUPR Succ.: 96.709	ECE: 5.596	NLL: 5.366	Brier: 25.478
2024-12-22 06:06:07,782 INFO ####### --- Training Epoch 219 --- #######
2024-12-22 06:06:20,601 INFO Epoch 219 	 Batch 99	LR : 0.00020	Top1 Acc.: 87.91	CE Loss: 0.34	KSVD Loss: 0.00	KL Loss: 0.00	Tot. Loss: 0.34
2024-12-22 06:06:33,067 INFO Epoch 219 	 Batch 199	LR : 0.00020	Top1 Acc.: 87.73	CE Loss: 0.34	KSVD Loss: 0.00	KL Loss: 0.00	Tot. Loss: 0.34
2024-12-22 06:06:45,577 INFO Epoch 219 	 Batch 299	LR : 0.00020	Top1 Acc.: 87.74	CE Loss: 0.34	KSVD Loss: 0.00	KL Loss: 0.00	Tot. Loss: 0.34
2024-12-22 06:07:06,879 INFO ################## 
 ---> Validation Epoch 219	Acc.: 82.820	FPR: 66.473	AUROC: 85.641	AUPR: 51.729	AURC: 44.728	EAURC: 29.044	AUPR Succ.: 96.644	ECE: 5.632	NLL: 5.434	Brier: 25.121
2024-12-22 06:07:06,880 INFO ####### --- Training Epoch 220 --- #######
2024-12-22 06:07:19,782 INFO Epoch 220 	 Batch 99	LR : 0.00020	Top1 Acc.: 88.70	CE Loss: 0.32	KSVD Loss: 0.00	KL Loss: 0.00	Tot. Loss: 0.32
2024-12-22 06:07:32,358 INFO Epoch 220 	 Batch 199	LR : 0.00020	Top1 Acc.: 88.34	CE Loss: 0.32	KSVD Loss: 0.00	KL Loss: 0.00	Tot. Loss: 0.32
2024-12-22 06:07:44,936 INFO Epoch 220 	 Batch 299	LR : 0.00020	Top1 Acc.: 88.43	CE Loss: 0.34	KSVD Loss: 0.00	KL Loss: 0.00	Tot. Loss: 0.34
2024-12-22 06:08:06,248 INFO ################## 
 ---> Validation Epoch 220	Acc.: 82.840	FPR: 67.133	AUROC: 86.066	AUPR: 51.804	AURC: 43.657	EAURC: 28.011	AUPR Succ.: 96.765	ECE: 5.485	NLL: 5.320	Brier: 25.017
2024-12-22 06:08:06,249 INFO ####### --- Training Epoch 221 --- #######
2024-12-22 06:08:19,056 INFO Epoch 221 	 Batch 99	LR : 0.00019	Top1 Acc.: 88.18	CE Loss: 0.33	KSVD Loss: 0.00	KL Loss: 0.00	Tot. Loss: 0.33
2024-12-22 06:08:31,490 INFO Epoch 221 	 Batch 199	LR : 0.00019	Top1 Acc.: 87.70	CE Loss: 0.34	KSVD Loss: 0.00	KL Loss: 0.00	Tot. Loss: 0.34
2024-12-22 06:08:43,940 INFO Epoch 221 	 Batch 299	LR : 0.00019	Top1 Acc.: 87.98	CE Loss: 0.34	KSVD Loss: 0.00	KL Loss: 0.00	Tot. Loss: 0.34
2024-12-22 06:09:05,220 INFO ################## 
 ---> Validation Epoch 221	Acc.: 82.760	FPR: 67.401	AUROC: 86.233	AUPR: 52.688	AURC: 43.506	EAURC: 27.709	AUPR Succ.: 96.797	ECE: 5.331	NLL: 5.322	Brier: 25.033
2024-12-22 06:09:05,221 INFO ####### --- Training Epoch 222 --- #######
2024-12-22 06:09:17,848 INFO Epoch 222 	 Batch 99	LR : 0.00019	Top1 Acc.: 87.96	CE Loss: 0.33	KSVD Loss: 0.00	KL Loss: 0.00	Tot. Loss: 0.33
2024-12-22 06:09:30,147 INFO Epoch 222 	 Batch 199	LR : 0.00019	Top1 Acc.: 87.57	CE Loss: 0.34	KSVD Loss: 0.00	KL Loss: 0.00	Tot. Loss: 0.34
2024-12-22 06:09:42,443 INFO Epoch 222 	 Batch 299	LR : 0.00019	Top1 Acc.: 87.78	CE Loss: 0.34	KSVD Loss: 0.00	KL Loss: 0.00	Tot. Loss: 0.34
2024-12-22 06:10:03,639 INFO ################## 
 ---> Validation Epoch 222	Acc.: 82.900	FPR: 68.070	AUROC: 85.604	AUPR: 50.183	AURC: 44.435	EAURC: 28.902	AUPR Succ.: 96.668	ECE: 5.834	NLL: 5.458	Brier: 25.273
2024-12-22 06:10:03,640 INFO ####### --- Training Epoch 223 --- #######
2024-12-22 06:10:16,376 INFO Epoch 223 	 Batch 99	LR : 0.00019	Top1 Acc.: 88.30	CE Loss: 0.33	KSVD Loss: 0.00	KL Loss: 0.00	Tot. Loss: 0.33
2024-12-22 06:10:28,835 INFO Epoch 223 	 Batch 199	LR : 0.00019	Top1 Acc.: 88.20	CE Loss: 0.34	KSVD Loss: 0.00	KL Loss: 0.00	Tot. Loss: 0.34
2024-12-22 06:10:41,313 INFO Epoch 223 	 Batch 299	LR : 0.00019	Top1 Acc.: 88.52	CE Loss: 0.33	KSVD Loss: 0.00	KL Loss: 0.00	Tot. Loss: 0.33
2024-12-22 06:11:02,558 INFO ################## 
 ---> Validation Epoch 223	Acc.: 82.900	FPR: 68.772	AUROC: 85.238	AUPR: 51.203	AURC: 45.216	EAURC: 29.683	AUPR Succ.: 96.577	ECE: 5.514	NLL: 5.450	Brier: 25.361
2024-12-22 06:11:02,559 INFO ####### --- Training Epoch 224 --- #######
2024-12-22 06:11:15,318 INFO Epoch 224 	 Batch 99	LR : 0.00018	Top1 Acc.: 88.62	CE Loss: 0.32	KSVD Loss: 0.00	KL Loss: 0.00	Tot. Loss: 0.32
2024-12-22 06:11:27,756 INFO Epoch 224 	 Batch 199	LR : 0.00018	Top1 Acc.: 88.64	CE Loss: 0.32	KSVD Loss: 0.00	KL Loss: 0.00	Tot. Loss: 0.32
2024-12-22 06:11:40,190 INFO Epoch 224 	 Batch 299	LR : 0.00018	Top1 Acc.: 88.08	CE Loss: 0.33	KSVD Loss: 0.00	KL Loss: 0.00	Tot. Loss: 0.33
2024-12-22 06:12:01,439 INFO ################## 
 ---> Validation Epoch 224	Acc.: 82.940	FPR: 67.409	AUROC: 85.931	AUPR: 51.281	AURC: 43.390	EAURC: 27.932	AUPR Succ.: 96.781	ECE: 5.463	NLL: 5.377	Brier: 25.056
2024-12-22 06:12:01,440 INFO ####### --- Training Epoch 225 --- #######
2024-12-22 06:12:14,296 INFO Epoch 225 	 Batch 99	LR : 0.00018	Top1 Acc.: 88.23	CE Loss: 0.32	KSVD Loss: 0.00	KL Loss: 0.00	Tot. Loss: 0.32
2024-12-22 06:12:26,856 INFO Epoch 225 	 Batch 199	LR : 0.00018	Top1 Acc.: 88.13	CE Loss: 0.33	KSVD Loss: 0.00	KL Loss: 0.00	Tot. Loss: 0.33
2024-12-22 06:12:39,381 INFO Epoch 225 	 Batch 299	LR : 0.00018	Top1 Acc.: 88.48	CE Loss: 0.32	KSVD Loss: 0.00	KL Loss: 0.00	Tot. Loss: 0.32
2024-12-22 06:13:00,701 INFO ################## 
 ---> Validation Epoch 225	Acc.: 81.920	FPR: 66.593	AUROC: 86.162	AUPR: 54.932	AURC: 46.689	EAURC: 29.260	AUPR Succ.: 96.590	ECE: 6.348	NLL: 5.497	Brier: 25.972
2024-12-22 06:13:00,702 INFO ####### --- Training Epoch 226 --- #######
2024-12-22 06:13:13,538 INFO Epoch 226 	 Batch 99	LR : 0.00017	Top1 Acc.: 88.66	CE Loss: 0.32	KSVD Loss: 0.00	KL Loss: 0.00	Tot. Loss: 0.32
2024-12-22 06:13:26,033 INFO Epoch 226 	 Batch 199	LR : 0.00017	Top1 Acc.: 88.59	CE Loss: 0.32	KSVD Loss: 0.00	KL Loss: 0.00	Tot. Loss: 0.32
2024-12-22 06:13:38,518 INFO Epoch 226 	 Batch 299	LR : 0.00017	Top1 Acc.: 88.37	CE Loss: 0.33	KSVD Loss: 0.00	KL Loss: 0.00	Tot. Loss: 0.33
2024-12-22 06:13:59,795 INFO ################## 
 ---> Validation Epoch 226	Acc.: 82.880	FPR: 67.757	AUROC: 85.527	AUPR: 51.525	AURC: 44.399	EAURC: 28.828	AUPR Succ.: 96.677	ECE: 5.784	NLL: 5.385	Brier: 25.312
2024-12-22 06:13:59,796 INFO ####### --- Training Epoch 227 --- #######
2024-12-22 06:14:12,689 INFO Epoch 227 	 Batch 99	LR : 0.00017	Top1 Acc.: 88.62	CE Loss: 0.32	KSVD Loss: 0.00	KL Loss: 0.00	Tot. Loss: 0.32
2024-12-22 06:14:25,254 INFO Epoch 227 	 Batch 199	LR : 0.00017	Top1 Acc.: 88.60	CE Loss: 0.32	KSVD Loss: 0.00	KL Loss: 0.00	Tot. Loss: 0.32
2024-12-22 06:14:37,819 INFO Epoch 227 	 Batch 299	LR : 0.00017	Top1 Acc.: 88.64	CE Loss: 0.32	KSVD Loss: 0.00	KL Loss: 0.00	Tot. Loss: 0.32
2024-12-22 06:14:59,157 INFO ################## 
 ---> Validation Epoch 227	Acc.: 82.740	FPR: 70.684	AUROC: 85.343	AUPR: 50.322	AURC: 45.418	EAURC: 29.583	AUPR Succ.: 96.585	ECE: 5.663	NLL: 5.446	Brier: 25.546
2024-12-22 06:14:59,158 INFO ####### --- Training Epoch 228 --- #######
2024-12-22 06:15:12,047 INFO Epoch 228 	 Batch 99	LR : 0.00017	Top1 Acc.: 88.62	CE Loss: 0.31	KSVD Loss: 0.00	KL Loss: 0.00	Tot. Loss: 0.31
2024-12-22 06:15:24,595 INFO Epoch 228 	 Batch 199	LR : 0.00017	Top1 Acc.: 88.43	CE Loss: 0.32	KSVD Loss: 0.00	KL Loss: 0.00	Tot. Loss: 0.32
2024-12-22 06:15:37,150 INFO Epoch 228 	 Batch 299	LR : 0.00017	Top1 Acc.: 88.80	CE Loss: 0.31	KSVD Loss: 0.00	KL Loss: 0.00	Tot. Loss: 0.31
2024-12-22 06:15:58,466 INFO ################## 
 ---> Validation Epoch 228	Acc.: 82.680	FPR: 66.859	AUROC: 85.846	AUPR: 51.800	AURC: 45.006	EAURC: 29.057	AUPR Succ.: 96.637	ECE: 5.751	NLL: 5.416	Brier: 25.147
2024-12-22 06:15:58,467 INFO ####### --- Training Epoch 229 --- #######
2024-12-22 06:16:11,317 INFO Epoch 229 	 Batch 99	LR : 0.00016	Top1 Acc.: 88.73	CE Loss: 0.32	KSVD Loss: 0.00	KL Loss: 0.00	Tot. Loss: 0.32
2024-12-22 06:16:23,861 INFO Epoch 229 	 Batch 199	LR : 0.00016	Top1 Acc.: 88.55	CE Loss: 0.32	KSVD Loss: 0.00	KL Loss: 0.00	Tot. Loss: 0.32
2024-12-22 06:16:36,383 INFO Epoch 229 	 Batch 299	LR : 0.00016	Top1 Acc.: 88.60	CE Loss: 0.32	KSVD Loss: 0.00	KL Loss: 0.00	Tot. Loss: 0.32
2024-12-22 06:16:57,780 INFO ################## 
 ---> Validation Epoch 229	Acc.: 83.040	FPR: 68.986	AUROC: 85.189	AUPR: 50.138	AURC: 44.894	EAURC: 29.622	AUPR Succ.: 96.588	ECE: 5.537	NLL: 5.445	Brier: 25.191
2024-12-22 06:16:57,781 INFO ####### --- Training Epoch 230 --- #######
2024-12-22 06:17:10,621 INFO Epoch 230 	 Batch 99	LR : 0.00016	Top1 Acc.: 88.93	CE Loss: 0.31	KSVD Loss: 0.00	KL Loss: 0.00	Tot. Loss: 0.31
2024-12-22 06:17:23,106 INFO Epoch 230 	 Batch 199	LR : 0.00016	Top1 Acc.: 88.87	CE Loss: 0.31	KSVD Loss: 0.00	KL Loss: 0.00	Tot. Loss: 0.31
2024-12-22 06:17:35,591 INFO Epoch 230 	 Batch 299	LR : 0.00016	Top1 Acc.: 88.63	CE Loss: 0.32	KSVD Loss: 0.00	KL Loss: 0.00	Tot. Loss: 0.32
2024-12-22 06:17:56,910 INFO ################## 
 ---> Validation Epoch 230	Acc.: 82.180	FPR: 64.534	AUROC: 86.545	AUPR: 55.479	AURC: 44.899	EAURC: 27.984	AUPR Succ.: 96.745	ECE: 6.169	NLL: 5.463	Brier: 25.504
2024-12-22 06:17:56,911 INFO ####### --- Training Epoch 231 --- #######
2024-12-22 06:18:09,760 INFO Epoch 231 	 Batch 99	LR : 0.00015	Top1 Acc.: 88.95	CE Loss: 0.31	KSVD Loss: 0.00	KL Loss: 0.00	Tot. Loss: 0.31
2024-12-22 06:18:22,272 INFO Epoch 231 	 Batch 199	LR : 0.00015	Top1 Acc.: 88.45	CE Loss: 0.32	KSVD Loss: 0.00	KL Loss: 0.00	Tot. Loss: 0.32
2024-12-22 06:18:34,790 INFO Epoch 231 	 Batch 299	LR : 0.00015	Top1 Acc.: 88.66	CE Loss: 0.32	KSVD Loss: 0.00	KL Loss: 0.00	Tot. Loss: 0.32
2024-12-22 06:18:56,114 INFO ################## 
 ---> Validation Epoch 231	Acc.: 82.540	FPR: 68.958	AUROC: 86.005	AUPR: 51.776	AURC: 44.656	EAURC: 28.440	AUPR Succ.: 96.710	ECE: 5.544	NLL: 5.384	Brier: 25.358
2024-12-22 06:18:56,115 INFO ####### --- Training Epoch 232 --- #######
2024-12-22 06:19:08,997 INFO Epoch 232 	 Batch 99	LR : 0.00015	Top1 Acc.: 89.12	CE Loss: 0.30	KSVD Loss: 0.00	KL Loss: 0.00	Tot. Loss: 0.30
2024-12-22 06:19:21,546 INFO Epoch 232 	 Batch 199	LR : 0.00015	Top1 Acc.: 89.02	CE Loss: 0.31	KSVD Loss: 0.00	KL Loss: 0.00	Tot. Loss: 0.31
2024-12-22 06:19:34,117 INFO Epoch 232 	 Batch 299	LR : 0.00015	Top1 Acc.: 88.46	CE Loss: 0.32	KSVD Loss: 0.00	KL Loss: 0.00	Tot. Loss: 0.32
2024-12-22 06:19:55,452 INFO ################## 
 ---> Validation Epoch 232	Acc.: 82.380	FPR: 65.494	AUROC: 86.252	AUPR: 53.156	AURC: 44.596	EAURC: 28.071	AUPR Succ.: 96.745	ECE: 5.973	NLL: 5.402	Brier: 25.469
2024-12-22 06:19:55,453 INFO ####### --- Training Epoch 233 --- #######
2024-12-22 06:20:08,327 INFO Epoch 233 	 Batch 99	LR : 0.00015	Top1 Acc.: 88.84	CE Loss: 0.31	KSVD Loss: 0.00	KL Loss: 0.00	Tot. Loss: 0.31
2024-12-22 06:20:20,894 INFO Epoch 233 	 Batch 199	LR : 0.00015	Top1 Acc.: 89.40	CE Loss: 0.30	KSVD Loss: 0.00	KL Loss: 0.00	Tot. Loss: 0.30
2024-12-22 06:20:33,444 INFO Epoch 233 	 Batch 299	LR : 0.00015	Top1 Acc.: 88.09	CE Loss: 0.33	KSVD Loss: 0.00	KL Loss: 0.00	Tot. Loss: 0.33
2024-12-22 06:20:54,779 INFO ################## 
 ---> Validation Epoch 233	Acc.: 82.960	FPR: 66.432	AUROC: 85.812	AUPR: 51.463	AURC: 43.612	EAURC: 28.191	AUPR Succ.: 96.750	ECE: 5.522	NLL: 5.364	Brier: 25.050
2024-12-22 06:20:54,780 INFO ####### --- Training Epoch 234 --- #######
2024-12-22 06:21:07,563 INFO Epoch 234 	 Batch 99	LR : 0.00014	Top1 Acc.: 88.96	CE Loss: 0.30	KSVD Loss: 0.00	KL Loss: 0.00	Tot. Loss: 0.31
2024-12-22 06:21:20,037 INFO Epoch 234 	 Batch 199	LR : 0.00014	Top1 Acc.: 88.54	CE Loss: 0.32	KSVD Loss: 0.00	KL Loss: 0.00	Tot. Loss: 0.32
2024-12-22 06:21:32,522 INFO Epoch 234 	 Batch 299	LR : 0.00014	Top1 Acc.: 88.77	CE Loss: 0.31	KSVD Loss: 0.00	KL Loss: 0.00	Tot. Loss: 0.31
2024-12-22 06:21:53,824 INFO ################## 
 ---> Validation Epoch 234	Acc.: 83.360	FPR: 64.183	AUROC: 85.997	AUPR: 52.804	AURC: 42.201	EAURC: 27.518	AUPR Succ.: 96.834	ECE: 5.331	NLL: 5.290	Brier: 24.467
2024-12-22 06:21:53,824 INFO Accuracy improved from 83.34 to 83.36!!!
2024-12-22 06:21:53,856 INFO AURC decreased from 42.42 to 42.20!!!
2024-12-22 06:21:53,886 INFO ####### --- Training Epoch 235 --- #######
2024-12-22 06:22:06,705 INFO Epoch 235 	 Batch 99	LR : 0.00014	Top1 Acc.: 88.73	CE Loss: 0.31	KSVD Loss: 0.00	KL Loss: 0.00	Tot. Loss: 0.31
2024-12-22 06:22:19,178 INFO Epoch 235 	 Batch 199	LR : 0.00014	Top1 Acc.: 89.03	CE Loss: 0.31	KSVD Loss: 0.00	KL Loss: 0.00	Tot. Loss: 0.31
2024-12-22 06:22:31,588 INFO Epoch 235 	 Batch 299	LR : 0.00014	Top1 Acc.: 89.52	CE Loss: 0.30	KSVD Loss: 0.00	KL Loss: 0.00	Tot. Loss: 0.30
2024-12-22 06:22:52,851 INFO ################## 
 ---> Validation Epoch 235	Acc.: 83.260	FPR: 68.698	AUROC: 85.464	AUPR: 49.394	AURC: 43.438	EAURC: 28.572	AUPR Succ.: 96.715	ECE: 5.778	NLL: 5.386	Brier: 24.858
2024-12-22 06:22:52,852 INFO ####### --- Training Epoch 236 --- #######
2024-12-22 06:23:05,651 INFO Epoch 236 	 Batch 99	LR : 0.00014	Top1 Acc.: 89.63	CE Loss: 0.30	KSVD Loss: 0.00	KL Loss: 0.00	Tot. Loss: 0.30
2024-12-22 06:23:18,140 INFO Epoch 236 	 Batch 199	LR : 0.00014	Top1 Acc.: 89.52	CE Loss: 0.30	KSVD Loss: 0.00	KL Loss: 0.00	Tot. Loss: 0.30
2024-12-22 06:23:30,626 INFO Epoch 236 	 Batch 299	LR : 0.00014	Top1 Acc.: 88.92	CE Loss: 0.32	KSVD Loss: 0.00	KL Loss: 0.00	Tot. Loss: 0.32
2024-12-22 06:23:51,957 INFO ################## 
 ---> Validation Epoch 236	Acc.: 83.300	FPR: 68.383	AUROC: 85.425	AUPR: 48.509	AURC: 43.411	EAURC: 28.618	AUPR Succ.: 96.712	ECE: 5.558	NLL: 5.364	Brier: 24.744
2024-12-22 06:23:51,958 INFO ####### --- Training Epoch 237 --- #######
2024-12-22 06:24:04,796 INFO Epoch 237 	 Batch 99	LR : 0.00013	Top1 Acc.: 89.34	CE Loss: 0.31	KSVD Loss: 0.00	KL Loss: 0.00	Tot. Loss: 0.31
2024-12-22 06:24:17,365 INFO Epoch 237 	 Batch 199	LR : 0.00013	Top1 Acc.: 89.43	CE Loss: 0.29	KSVD Loss: 0.00	KL Loss: 0.00	Tot. Loss: 0.29
2024-12-22 06:24:29,893 INFO Epoch 237 	 Batch 299	LR : 0.00013	Top1 Acc.: 88.65	CE Loss: 0.31	KSVD Loss: 0.00	KL Loss: 0.00	Tot. Loss: 0.31
2024-12-22 06:24:51,142 INFO ################## 
 ---> Validation Epoch 237	Acc.: 83.080	FPR: 66.076	AUROC: 86.252	AUPR: 52.623	AURC: 42.480	EAURC: 27.282	AUPR Succ.: 96.854	ECE: 5.434	NLL: 5.360	Brier: 24.708
2024-12-22 06:24:51,143 INFO ####### --- Training Epoch 238 --- #######
2024-12-22 06:25:03,946 INFO Epoch 238 	 Batch 99	LR : 0.00013	Top1 Acc.: 89.05	CE Loss: 0.31	KSVD Loss: 0.00	KL Loss: 0.00	Tot. Loss: 0.31
2024-12-22 06:25:16,389 INFO Epoch 238 	 Batch 199	LR : 0.00013	Top1 Acc.: 89.48	CE Loss: 0.29	KSVD Loss: 0.00	KL Loss: 0.00	Tot. Loss: 0.29
2024-12-22 06:25:28,852 INFO Epoch 238 	 Batch 299	LR : 0.00013	Top1 Acc.: 88.95	CE Loss: 0.31	KSVD Loss: 0.00	KL Loss: 0.00	Tot. Loss: 0.31
2024-12-22 06:25:50,153 INFO ################## 
 ---> Validation Epoch 238	Acc.: 83.500	FPR: 67.273	AUROC: 85.458	AUPR: 51.089	AURC: 42.674	EAURC: 28.244	AUPR Succ.: 96.759	ECE: 5.471	NLL: 5.385	Brier: 24.563
2024-12-22 06:25:50,153 INFO Accuracy improved from 83.36 to 83.50!!!
2024-12-22 06:25:50,185 INFO ####### --- Training Epoch 239 --- #######
2024-12-22 06:26:03,031 INFO Epoch 239 	 Batch 99	LR : 0.00013	Top1 Acc.: 89.30	CE Loss: 0.30	KSVD Loss: 0.00	KL Loss: 0.00	Tot. Loss: 0.30
2024-12-22 06:26:15,505 INFO Epoch 239 	 Batch 199	LR : 0.00013	Top1 Acc.: 89.46	CE Loss: 0.29	KSVD Loss: 0.00	KL Loss: 0.00	Tot. Loss: 0.29
2024-12-22 06:26:27,966 INFO Epoch 239 	 Batch 299	LR : 0.00013	Top1 Acc.: 88.57	CE Loss: 0.31	KSVD Loss: 0.00	KL Loss: 0.00	Tot. Loss: 0.31
2024-12-22 06:26:49,217 INFO ################## 
 ---> Validation Epoch 239	Acc.: 83.320	FPR: 67.986	AUROC: 85.546	AUPR: 50.665	AURC: 42.848	EAURC: 28.092	AUPR Succ.: 96.774	ECE: 5.580	NLL: 5.397	Brier: 24.680
2024-12-22 06:26:49,218 INFO ####### --- Training Epoch 240 --- #######
2024-12-22 06:27:02,028 INFO Epoch 240 	 Batch 99	LR : 0.00012	Top1 Acc.: 89.26	CE Loss: 0.30	KSVD Loss: 0.00	KL Loss: 0.00	Tot. Loss: 0.30
2024-12-22 06:27:14,506 INFO Epoch 240 	 Batch 199	LR : 0.00012	Top1 Acc.: 89.42	CE Loss: 0.30	KSVD Loss: 0.00	KL Loss: 0.00	Tot. Loss: 0.31
2024-12-22 06:27:27,032 INFO Epoch 240 	 Batch 299	LR : 0.00012	Top1 Acc.: 89.19	CE Loss: 0.30	KSVD Loss: 0.00	KL Loss: 0.00	Tot. Loss: 0.30
2024-12-22 06:27:48,314 INFO ################## 
 ---> Validation Epoch 240	Acc.: 83.160	FPR: 67.577	AUROC: 85.712	AUPR: 50.678	AURC: 43.278	EAURC: 28.228	AUPR Succ.: 96.751	ECE: 5.779	NLL: 5.482	Brier: 25.009
2024-12-22 06:27:48,315 INFO ####### --- Training Epoch 241 --- #######
2024-12-22 06:28:01,144 INFO Epoch 241 	 Batch 99	LR : 0.00012	Top1 Acc.: 89.37	CE Loss: 0.30	KSVD Loss: 0.00	KL Loss: 0.00	Tot. Loss: 0.30
2024-12-22 06:28:13,628 INFO Epoch 241 	 Batch 199	LR : 0.00012	Top1 Acc.: 88.95	CE Loss: 0.31	KSVD Loss: 0.00	KL Loss: 0.00	Tot. Loss: 0.31
2024-12-22 06:28:26,163 INFO Epoch 241 	 Batch 299	LR : 0.00012	Top1 Acc.: 89.30	CE Loss: 0.30	KSVD Loss: 0.00	KL Loss: 0.00	Tot. Loss: 0.30
2024-12-22 06:28:47,480 INFO ################## 
 ---> Validation Epoch 241	Acc.: 83.260	FPR: 69.176	AUROC: 85.103	AUPR: 49.630	AURC: 44.322	EAURC: 29.456	AUPR Succ.: 96.614	ECE: 5.444	NLL: 5.451	Brier: 25.016
2024-12-22 06:28:47,481 INFO ####### --- Training Epoch 242 --- #######
2024-12-22 06:29:00,251 INFO Epoch 242 	 Batch 99	LR : 0.00012	Top1 Acc.: 89.42	CE Loss: 0.30	KSVD Loss: 0.00	KL Loss: 0.00	Tot. Loss: 0.30
2024-12-22 06:29:12,672 INFO Epoch 242 	 Batch 199	LR : 0.00012	Top1 Acc.: 89.48	CE Loss: 0.30	KSVD Loss: 0.00	KL Loss: 0.00	Tot. Loss: 0.30
2024-12-22 06:29:25,088 INFO Epoch 242 	 Batch 299	LR : 0.00012	Top1 Acc.: 89.47	CE Loss: 0.30	KSVD Loss: 0.00	KL Loss: 0.00	Tot. Loss: 0.30
2024-12-22 06:29:46,365 INFO ################## 
 ---> Validation Epoch 242	Acc.: 83.540	FPR: 71.446	AUROC: 84.971	AUPR: 48.823	AURC: 43.734	EAURC: 29.376	AUPR Succ.: 96.633	ECE: 5.865	NLL: 5.459	Brier: 24.837
2024-12-22 06:29:46,365 INFO Accuracy improved from 83.50 to 83.54!!!
2024-12-22 06:29:46,398 INFO ####### --- Training Epoch 243 --- #######
2024-12-22 06:29:59,240 INFO Epoch 243 	 Batch 99	LR : 0.00011	Top1 Acc.: 89.27	CE Loss: 0.30	KSVD Loss: 0.00	KL Loss: 0.00	Tot. Loss: 0.30
2024-12-22 06:30:11,757 INFO Epoch 243 	 Batch 199	LR : 0.00011	Top1 Acc.: 89.67	CE Loss: 0.29	KSVD Loss: 0.00	KL Loss: 0.00	Tot. Loss: 0.29
2024-12-22 06:30:24,216 INFO Epoch 243 	 Batch 299	LR : 0.00011	Top1 Acc.: 89.68	CE Loss: 0.30	KSVD Loss: 0.00	KL Loss: 0.00	Tot. Loss: 0.30
2024-12-22 06:30:45,498 INFO ################## 
 ---> Validation Epoch 243	Acc.: 83.160	FPR: 66.983	AUROC: 85.703	AUPR: 52.147	AURC: 43.634	EAURC: 28.584	AUPR Succ.: 96.706	ECE: 5.868	NLL: 5.458	Brier: 24.998
2024-12-22 06:30:45,500 INFO ####### --- Training Epoch 244 --- #######
2024-12-22 06:30:58,320 INFO Epoch 244 	 Batch 99	LR : 0.00011	Top1 Acc.: 90.05	CE Loss: 0.29	KSVD Loss: 0.00	KL Loss: 0.00	Tot. Loss: 0.29
2024-12-22 06:31:10,772 INFO Epoch 244 	 Batch 199	LR : 0.00011	Top1 Acc.: 89.45	CE Loss: 0.30	KSVD Loss: 0.00	KL Loss: 0.00	Tot. Loss: 0.30
2024-12-22 06:31:23,195 INFO Epoch 244 	 Batch 299	LR : 0.00011	Top1 Acc.: 89.10	CE Loss: 0.30	KSVD Loss: 0.00	KL Loss: 0.00	Tot. Loss: 0.30
2024-12-22 06:31:44,473 INFO ################## 
 ---> Validation Epoch 244	Acc.: 83.360	FPR: 70.913	AUROC: 85.019	AUPR: 47.704	AURC: 44.247	EAURC: 29.564	AUPR Succ.: 96.607	ECE: 5.501	NLL: 5.462	Brier: 25.005
2024-12-22 06:31:44,474 INFO ####### --- Training Epoch 245 --- #######
2024-12-22 06:31:57,308 INFO Epoch 245 	 Batch 99	LR : 0.00011	Top1 Acc.: 89.66	CE Loss: 0.29	KSVD Loss: 0.00	KL Loss: 0.00	Tot. Loss: 0.29
2024-12-22 06:32:09,847 INFO Epoch 245 	 Batch 199	LR : 0.00011	Top1 Acc.: 89.45	CE Loss: 0.30	KSVD Loss: 0.00	KL Loss: 0.00	Tot. Loss: 0.30
2024-12-22 06:32:22,402 INFO Epoch 245 	 Batch 299	LR : 0.00011	Top1 Acc.: 89.27	CE Loss: 0.30	KSVD Loss: 0.00	KL Loss: 0.00	Tot. Loss: 0.30
2024-12-22 06:32:43,768 INFO ################## 
 ---> Validation Epoch 245	Acc.: 82.720	FPR: 65.509	AUROC: 86.228	AUPR: 53.552	AURC: 43.969	EAURC: 28.096	AUPR Succ.: 96.747	ECE: 6.438	NLL: 5.493	Brier: 25.220
2024-12-22 06:32:43,769 INFO ####### --- Training Epoch 246 --- #######
2024-12-22 06:32:56,543 INFO Epoch 246 	 Batch 99	LR : 0.00010	Top1 Acc.: 89.56	CE Loss: 0.30	KSVD Loss: 0.00	KL Loss: 0.00	Tot. Loss: 0.30
2024-12-22 06:33:08,948 INFO Epoch 246 	 Batch 199	LR : 0.00010	Top1 Acc.: 89.61	CE Loss: 0.29	KSVD Loss: 0.00	KL Loss: 0.00	Tot. Loss: 0.29
2024-12-22 06:33:21,332 INFO Epoch 246 	 Batch 299	LR : 0.00010	Top1 Acc.: 89.77	CE Loss: 0.29	KSVD Loss: 0.00	KL Loss: 0.00	Tot. Loss: 0.29
2024-12-22 06:33:42,585 INFO ################## 
 ---> Validation Epoch 246	Acc.: 83.240	FPR: 67.064	AUROC: 85.735	AUPR: 50.267	AURC: 43.032	EAURC: 28.130	AUPR Succ.: 96.764	ECE: 6.134	NLL: 5.490	Brier: 24.975
2024-12-22 06:33:42,586 INFO ####### --- Training Epoch 247 --- #######
2024-12-22 06:33:55,475 INFO Epoch 247 	 Batch 99	LR : 0.00010	Top1 Acc.: 89.66	CE Loss: 0.30	KSVD Loss: 0.00	KL Loss: 0.00	Tot. Loss: 0.30
2024-12-22 06:34:07,979 INFO Epoch 247 	 Batch 199	LR : 0.00010	Top1 Acc.: 89.77	CE Loss: 0.29	KSVD Loss: 0.00	KL Loss: 0.00	Tot. Loss: 0.29
2024-12-22 06:34:20,477 INFO Epoch 247 	 Batch 299	LR : 0.00010	Top1 Acc.: 89.66	CE Loss: 0.29	KSVD Loss: 0.00	KL Loss: 0.00	Tot. Loss: 0.29
2024-12-22 06:34:41,781 INFO ################## 
 ---> Validation Epoch 247	Acc.: 83.480	FPR: 65.981	AUROC: 85.846	AUPR: 50.654	AURC: 42.222	EAURC: 27.756	AUPR Succ.: 96.811	ECE: 5.870	NLL: 5.380	Brier: 24.538
2024-12-22 06:34:41,782 INFO ####### --- Training Epoch 248 --- #######
2024-12-22 06:34:54,622 INFO Epoch 248 	 Batch 99	LR : 0.00010	Top1 Acc.: 89.33	CE Loss: 0.29	KSVD Loss: 0.00	KL Loss: 0.00	Tot. Loss: 0.29
2024-12-22 06:35:07,093 INFO Epoch 248 	 Batch 199	LR : 0.00010	Top1 Acc.: 89.52	CE Loss: 0.29	KSVD Loss: 0.00	KL Loss: 0.00	Tot. Loss: 0.29
2024-12-22 06:35:19,561 INFO Epoch 248 	 Batch 299	LR : 0.00010	Top1 Acc.: 89.64	CE Loss: 0.29	KSVD Loss: 0.00	KL Loss: 0.00	Tot. Loss: 0.29
2024-12-22 06:35:40,818 INFO ################## 
 ---> Validation Epoch 248	Acc.: 83.100	FPR: 65.207	AUROC: 85.917	AUPR: 52.404	AURC: 43.442	EAURC: 28.282	AUPR Succ.: 96.738	ECE: 6.086	NLL: 5.484	Brier: 24.890
2024-12-22 06:35:40,819 INFO ####### --- Training Epoch 249 --- #######
2024-12-22 06:35:53,685 INFO Epoch 249 	 Batch 99	LR : 0.00010	Top1 Acc.: 89.83	CE Loss: 0.29	KSVD Loss: 0.00	KL Loss: 0.00	Tot. Loss: 0.29
2024-12-22 06:36:06,151 INFO Epoch 249 	 Batch 199	LR : 0.00010	Top1 Acc.: 90.04	CE Loss: 0.29	KSVD Loss: 0.00	KL Loss: 0.00	Tot. Loss: 0.29
2024-12-22 06:36:18,608 INFO Epoch 249 	 Batch 299	LR : 0.00010	Top1 Acc.: 90.23	CE Loss: 0.28	KSVD Loss: 0.00	KL Loss: 0.00	Tot. Loss: 0.28
2024-12-22 06:36:39,890 INFO ################## 
 ---> Validation Epoch 249	Acc.: 83.400	FPR: 68.916	AUROC: 85.461	AUPR: 49.927	AURC: 43.011	EAURC: 28.400	AUPR Succ.: 96.740	ECE: 5.729	NLL: 5.436	Brier: 24.850
2024-12-22 06:36:39,891 INFO ####### --- Training Epoch 250 --- #######
2024-12-22 06:36:52,654 INFO Epoch 250 	 Batch 99	LR : 0.00009	Top1 Acc.: 90.02	CE Loss: 0.28	KSVD Loss: 0.00	KL Loss: 0.00	Tot. Loss: 0.29
2024-12-22 06:37:05,080 INFO Epoch 250 	 Batch 199	LR : 0.00009	Top1 Acc.: 89.80	CE Loss: 0.28	KSVD Loss: 0.00	KL Loss: 0.00	Tot. Loss: 0.28
2024-12-22 06:37:17,512 INFO Epoch 250 	 Batch 299	LR : 0.00009	Top1 Acc.: 89.94	CE Loss: 0.28	KSVD Loss: 0.00	KL Loss: 0.00	Tot. Loss: 0.28
2024-12-22 06:37:38,778 INFO ################## 
 ---> Validation Epoch 250	Acc.: 82.920	FPR: 63.583	AUROC: 86.331	AUPR: 53.013	AURC: 42.998	EAURC: 27.502	AUPR Succ.: 96.822	ECE: 6.592	NLL: 5.499	Brier: 25.000
2024-12-22 06:37:38,779 INFO ####### --- Training Epoch 251 --- #######
2024-12-22 06:37:51,563 INFO Epoch 251 	 Batch 99	LR : 0.00009	Top1 Acc.: 89.39	CE Loss: 0.29	KSVD Loss: 0.00	KL Loss: 0.00	Tot. Loss: 0.29
2024-12-22 06:38:04,005 INFO Epoch 251 	 Batch 199	LR : 0.00009	Top1 Acc.: 89.81	CE Loss: 0.28	KSVD Loss: 0.00	KL Loss: 0.00	Tot. Loss: 0.28
2024-12-22 06:38:16,449 INFO Epoch 251 	 Batch 299	LR : 0.00009	Top1 Acc.: 89.75	CE Loss: 0.28	KSVD Loss: 0.00	KL Loss: 0.00	Tot. Loss: 0.28
2024-12-22 06:38:37,723 INFO ################## 
 ---> Validation Epoch 251	Acc.: 83.380	FPR: 70.517	AUROC: 85.275	AUPR: 49.010	AURC: 43.449	EAURC: 28.802	AUPR Succ.: 96.694	ECE: 5.868	NLL: 5.442	Brier: 24.868
2024-12-22 06:38:37,724 INFO ####### --- Training Epoch 252 --- #######
2024-12-22 06:38:50,513 INFO Epoch 252 	 Batch 99	LR : 0.00009	Top1 Acc.: 90.02	CE Loss: 0.28	KSVD Loss: 0.00	KL Loss: 0.00	Tot. Loss: 0.28
2024-12-22 06:39:03,007 INFO Epoch 252 	 Batch 199	LR : 0.00009	Top1 Acc.: 89.83	CE Loss: 0.28	KSVD Loss: 0.00	KL Loss: 0.00	Tot. Loss: 0.28
2024-12-22 06:39:15,520 INFO Epoch 252 	 Batch 299	LR : 0.00009	Top1 Acc.: 90.02	CE Loss: 0.28	KSVD Loss: 0.00	KL Loss: 0.00	Tot. Loss: 0.28
2024-12-22 06:39:36,788 INFO ################## 
 ---> Validation Epoch 252	Acc.: 83.440	FPR: 67.271	AUROC: 85.591	AUPR: 51.224	AURC: 42.890	EAURC: 28.351	AUPR Succ.: 96.742	ECE: 5.823	NLL: 5.427	Brier: 24.623
2024-12-22 06:39:36,789 INFO ####### --- Training Epoch 253 --- #######
2024-12-22 06:39:49,477 INFO Epoch 253 	 Batch 99	LR : 0.00008	Top1 Acc.: 89.71	CE Loss: 0.29	KSVD Loss: 0.00	KL Loss: 0.00	Tot. Loss: 0.29
2024-12-22 06:40:01,890 INFO Epoch 253 	 Batch 199	LR : 0.00008	Top1 Acc.: 89.87	CE Loss: 0.28	KSVD Loss: 0.00	KL Loss: 0.00	Tot. Loss: 0.28
2024-12-22 06:40:14,386 INFO Epoch 253 	 Batch 299	LR : 0.00008	Top1 Acc.: 89.54	CE Loss: 0.29	KSVD Loss: 0.00	KL Loss: 0.00	Tot. Loss: 0.29
2024-12-22 06:40:35,714 INFO ################## 
 ---> Validation Epoch 253	Acc.: 83.200	FPR: 67.976	AUROC: 85.453	AUPR: 50.438	AURC: 43.504	EAURC: 28.528	AUPR Succ.: 96.721	ECE: 5.939	NLL: 5.457	Brier: 25.002
2024-12-22 06:40:35,715 INFO ####### --- Training Epoch 254 --- #######
2024-12-22 06:40:48,581 INFO Epoch 254 	 Batch 99	LR : 0.00008	Top1 Acc.: 90.13	CE Loss: 0.27	KSVD Loss: 0.00	KL Loss: 0.00	Tot. Loss: 0.27
2024-12-22 06:41:01,007 INFO Epoch 254 	 Batch 199	LR : 0.00008	Top1 Acc.: 90.09	CE Loss: 0.28	KSVD Loss: 0.00	KL Loss: 0.00	Tot. Loss: 0.28
2024-12-22 06:41:13,417 INFO Epoch 254 	 Batch 299	LR : 0.00008	Top1 Acc.: 89.73	CE Loss: 0.28	KSVD Loss: 0.00	KL Loss: 0.00	Tot. Loss: 0.29
2024-12-22 06:41:34,700 INFO ################## 
 ---> Validation Epoch 254	Acc.: 83.420	FPR: 68.275	AUROC: 85.281	AUPR: 51.935	AURC: 43.520	EAURC: 28.945	AUPR Succ.: 96.675	ECE: 6.282	NLL: 5.533	Brier: 24.869
2024-12-22 06:41:34,701 INFO ####### --- Training Epoch 255 --- #######
2024-12-22 06:41:47,587 INFO Epoch 255 	 Batch 99	LR : 0.00008	Top1 Acc.: 90.22	CE Loss: 0.28	KSVD Loss: 0.00	KL Loss: 0.00	Tot. Loss: 0.28
2024-12-22 06:42:00,138 INFO Epoch 255 	 Batch 199	LR : 0.00008	Top1 Acc.: 90.24	CE Loss: 0.27	KSVD Loss: 0.00	KL Loss: 0.00	Tot. Loss: 0.27
2024-12-22 06:42:12,695 INFO Epoch 255 	 Batch 299	LR : 0.00008	Top1 Acc.: 89.95	CE Loss: 0.28	KSVD Loss: 0.00	KL Loss: 0.00	Tot. Loss: 0.28
2024-12-22 06:42:34,017 INFO ################## 
 ---> Validation Epoch 255	Acc.: 83.300	FPR: 66.707	AUROC: 85.793	AUPR: 51.920	AURC: 42.625	EAURC: 27.832	AUPR Succ.: 96.800	ECE: 5.845	NLL: 5.417	Brier: 24.699
2024-12-22 06:42:34,018 INFO ####### --- Training Epoch 256 --- #######
2024-12-22 06:42:46,802 INFO Epoch 256 	 Batch 99	LR : 0.00008	Top1 Acc.: 90.20	CE Loss: 0.28	KSVD Loss: 0.00	KL Loss: 0.00	Tot. Loss: 0.28
2024-12-22 06:42:59,196 INFO Epoch 256 	 Batch 199	LR : 0.00008	Top1 Acc.: 89.77	CE Loss: 0.29	KSVD Loss: 0.00	KL Loss: 0.00	Tot. Loss: 0.29
2024-12-22 06:43:11,583 INFO Epoch 256 	 Batch 299	LR : 0.00008	Top1 Acc.: 89.77	CE Loss: 0.28	KSVD Loss: 0.00	KL Loss: 0.00	Tot. Loss: 0.28
2024-12-22 06:43:32,839 INFO ################## 
 ---> Validation Epoch 256	Acc.: 83.080	FPR: 67.376	AUROC: 86.014	AUPR: 51.891	AURC: 43.112	EAURC: 27.914	AUPR Succ.: 96.782	ECE: 6.223	NLL: 5.479	Brier: 24.904
2024-12-22 06:43:32,840 INFO ####### --- Training Epoch 257 --- #######
2024-12-22 06:43:45,637 INFO Epoch 257 	 Batch 99	LR : 0.00007	Top1 Acc.: 90.53	CE Loss: 0.27	KSVD Loss: 0.00	KL Loss: 0.00	Tot. Loss: 0.27
2024-12-22 06:43:58,153 INFO Epoch 257 	 Batch 199	LR : 0.00007	Top1 Acc.: 90.23	CE Loss: 0.27	KSVD Loss: 0.00	KL Loss: 0.00	Tot. Loss: 0.28
2024-12-22 06:44:10,647 INFO Epoch 257 	 Batch 299	LR : 0.00007	Top1 Acc.: 90.35	CE Loss: 0.28	KSVD Loss: 0.00	KL Loss: 0.00	Tot. Loss: 0.28
2024-12-22 06:44:31,952 INFO ################## 
 ---> Validation Epoch 257	Acc.: 83.160	FPR: 64.964	AUROC: 85.825	AUPR: 51.852	AURC: 43.017	EAURC: 27.967	AUPR Succ.: 96.780	ECE: 6.113	NLL: 5.422	Brier: 24.859
2024-12-22 06:44:31,953 INFO ####### --- Training Epoch 258 --- #######
2024-12-22 06:44:44,775 INFO Epoch 258 	 Batch 99	LR : 0.00007	Top1 Acc.: 90.12	CE Loss: 0.28	KSVD Loss: 0.00	KL Loss: 0.00	Tot. Loss: 0.28
2024-12-22 06:44:57,281 INFO Epoch 258 	 Batch 199	LR : 0.00007	Top1 Acc.: 90.09	CE Loss: 0.27	KSVD Loss: 0.00	KL Loss: 0.00	Tot. Loss: 0.28
2024-12-22 06:45:09,805 INFO Epoch 258 	 Batch 299	LR : 0.00007	Top1 Acc.: 90.30	CE Loss: 0.28	KSVD Loss: 0.00	KL Loss: 0.00	Tot. Loss: 0.28
2024-12-22 06:45:31,118 INFO ################## 
 ---> Validation Epoch 258	Acc.: 82.960	FPR: 64.906	AUROC: 86.141	AUPR: 54.242	AURC: 43.307	EAURC: 27.886	AUPR Succ.: 96.779	ECE: 6.662	NLL: 5.531	Brier: 25.089
2024-12-22 06:45:31,119 INFO ####### --- Training Epoch 259 --- #######
2024-12-22 06:45:43,905 INFO Epoch 259 	 Batch 99	LR : 0.00007	Top1 Acc.: 90.54	CE Loss: 0.27	KSVD Loss: 0.00	KL Loss: 0.00	Tot. Loss: 0.27
2024-12-22 06:45:56,344 INFO Epoch 259 	 Batch 199	LR : 0.00007	Top1 Acc.: 90.18	CE Loss: 0.28	KSVD Loss: 0.00	KL Loss: 0.00	Tot. Loss: 0.28
2024-12-22 06:46:08,772 INFO Epoch 259 	 Batch 299	LR : 0.00007	Top1 Acc.: 90.22	CE Loss: 0.28	KSVD Loss: 0.00	KL Loss: 0.00	Tot. Loss: 0.28
2024-12-22 06:46:30,016 INFO ################## 
 ---> Validation Epoch 259	Acc.: 83.140	FPR: 65.480	AUROC: 86.055	AUPR: 51.757	AURC: 42.654	EAURC: 27.567	AUPR Succ.: 96.824	ECE: 6.362	NLL: 5.496	Brier: 24.983
2024-12-22 06:46:30,017 INFO ####### --- Training Epoch 260 --- #######
2024-12-22 06:46:42,901 INFO Epoch 260 	 Batch 99	LR : 0.00007	Top1 Acc.: 90.12	CE Loss: 0.28	KSVD Loss: 0.00	KL Loss: 0.00	Tot. Loss: 0.28
2024-12-22 06:46:55,387 INFO Epoch 260 	 Batch 199	LR : 0.00007	Top1 Acc.: 90.30	CE Loss: 0.27	KSVD Loss: 0.00	KL Loss: 0.00	Tot. Loss: 0.27
2024-12-22 06:47:07,897 INFO Epoch 260 	 Batch 299	LR : 0.00007	Top1 Acc.: 89.87	CE Loss: 0.28	KSVD Loss: 0.00	KL Loss: 0.00	Tot. Loss: 0.28
2024-12-22 06:47:29,184 INFO ################## 
 ---> Validation Epoch 260	Acc.: 83.340	FPR: 64.226	AUROC: 85.603	AUPR: 51.241	AURC: 43.133	EAURC: 28.413	AUPR Succ.: 96.732	ECE: 6.118	NLL: 5.450	Brier: 24.696
2024-12-22 06:47:29,185 INFO ####### --- Training Epoch 261 --- #######
2024-12-22 06:47:42,047 INFO Epoch 261 	 Batch 99	LR : 0.00006	Top1 Acc.: 90.36	CE Loss: 0.28	KSVD Loss: 0.00	KL Loss: 0.00	Tot. Loss: 0.28
2024-12-22 06:47:54,563 INFO Epoch 261 	 Batch 199	LR : 0.00006	Top1 Acc.: 90.39	CE Loss: 0.26	KSVD Loss: 0.00	KL Loss: 0.00	Tot. Loss: 0.27
2024-12-22 06:48:07,112 INFO Epoch 261 	 Batch 299	LR : 0.00006	Top1 Acc.: 90.06	CE Loss: 0.27	KSVD Loss: 0.00	KL Loss: 0.00	Tot. Loss: 0.27
2024-12-22 06:48:28,435 INFO ################## 
 ---> Validation Epoch 261	Acc.: 83.420	FPR: 66.828	AUROC: 85.507	AUPR: 51.444	AURC: 42.825	EAURC: 28.251	AUPR Succ.: 96.756	ECE: 6.106	NLL: 5.513	Brier: 24.877
2024-12-22 06:48:28,436 INFO ####### --- Training Epoch 262 --- #######
2024-12-22 06:48:41,114 INFO Epoch 262 	 Batch 99	LR : 0.00006	Top1 Acc.: 90.20	CE Loss: 0.27	KSVD Loss: 0.00	KL Loss: 0.00	Tot. Loss: 0.27
2024-12-22 06:48:53,437 INFO Epoch 262 	 Batch 199	LR : 0.00006	Top1 Acc.: 90.21	CE Loss: 0.27	KSVD Loss: 0.00	KL Loss: 0.00	Tot. Loss: 0.27
2024-12-22 06:49:05,727 INFO Epoch 262 	 Batch 299	LR : 0.00006	Top1 Acc.: 90.31	CE Loss: 0.27	KSVD Loss: 0.00	KL Loss: 0.00	Tot. Loss: 0.27
2024-12-22 06:49:26,946 INFO ################## 
 ---> Validation Epoch 262	Acc.: 83.460	FPR: 66.868	AUROC: 85.548	AUPR: 51.660	AURC: 42.789	EAURC: 28.287	AUPR Succ.: 96.751	ECE: 5.990	NLL: 5.469	Brier: 24.700
2024-12-22 06:49:26,947 INFO ####### --- Training Epoch 263 --- #######
2024-12-22 06:49:39,810 INFO Epoch 263 	 Batch 99	LR : 0.00006	Top1 Acc.: 90.48	CE Loss: 0.26	KSVD Loss: 0.00	KL Loss: 0.00	Tot. Loss: 0.26
2024-12-22 06:49:52,254 INFO Epoch 263 	 Batch 199	LR : 0.00006	Top1 Acc.: 90.35	CE Loss: 0.27	KSVD Loss: 0.00	KL Loss: 0.00	Tot. Loss: 0.27
2024-12-22 06:50:04,680 INFO Epoch 263 	 Batch 299	LR : 0.00006	Top1 Acc.: 90.34	CE Loss: 0.27	KSVD Loss: 0.00	KL Loss: 0.00	Tot. Loss: 0.27
2024-12-22 06:50:25,939 INFO ################## 
 ---> Validation Epoch 263	Acc.: 83.280	FPR: 66.866	AUROC: 85.558	AUPR: 50.618	AURC: 43.238	EAURC: 28.408	AUPR Succ.: 96.733	ECE: 6.444	NLL: 5.527	Brier: 24.924
2024-12-22 06:50:25,940 INFO ####### --- Training Epoch 264 --- #######
2024-12-22 06:50:38,753 INFO Epoch 264 	 Batch 99	LR : 0.00006	Top1 Acc.: 90.46	CE Loss: 0.26	KSVD Loss: 0.00	KL Loss: 0.00	Tot. Loss: 0.26
2024-12-22 06:50:51,207 INFO Epoch 264 	 Batch 199	LR : 0.00006	Top1 Acc.: 90.72	CE Loss: 0.27	KSVD Loss: 0.00	KL Loss: 0.00	Tot. Loss: 0.27
2024-12-22 06:51:03,646 INFO Epoch 264 	 Batch 299	LR : 0.00006	Top1 Acc.: 90.59	CE Loss: 0.27	KSVD Loss: 0.00	KL Loss: 0.00	Tot. Loss: 0.27
2024-12-22 06:51:24,924 INFO ################## 
 ---> Validation Epoch 264	Acc.: 83.160	FPR: 63.302	AUROC: 85.848	AUPR: 51.741	AURC: 43.056	EAURC: 28.006	AUPR Succ.: 96.774	ECE: 6.500	NLL: 5.529	Brier: 24.928
2024-12-22 06:51:24,925 INFO ####### --- Training Epoch 265 --- #######
2024-12-22 06:51:37,760 INFO Epoch 265 	 Batch 99	LR : 0.00005	Top1 Acc.: 90.88	CE Loss: 0.26	KSVD Loss: 0.00	KL Loss: 0.00	Tot. Loss: 0.26
2024-12-22 06:51:50,198 INFO Epoch 265 	 Batch 199	LR : 0.00005	Top1 Acc.: 89.91	CE Loss: 0.28	KSVD Loss: 0.00	KL Loss: 0.00	Tot. Loss: 0.28
2024-12-22 06:52:02,661 INFO Epoch 265 	 Batch 299	LR : 0.00005	Top1 Acc.: 90.05	CE Loss: 0.27	KSVD Loss: 0.00	KL Loss: 0.00	Tot. Loss: 0.27
2024-12-22 06:52:23,979 INFO ################## 
 ---> Validation Epoch 265	Acc.: 83.160	FPR: 65.083	AUROC: 85.923	AUPR: 52.909	AURC: 42.890	EAURC: 27.840	AUPR Succ.: 96.793	ECE: 6.320	NLL: 5.519	Brier: 24.939
2024-12-22 06:52:23,980 INFO ####### --- Training Epoch 266 --- #######
2024-12-22 06:52:36,879 INFO Epoch 266 	 Batch 99	LR : 0.00005	Top1 Acc.: 90.35	CE Loss: 0.27	KSVD Loss: 0.00	KL Loss: 0.00	Tot. Loss: 0.27
2024-12-22 06:52:49,434 INFO Epoch 266 	 Batch 199	LR : 0.00005	Top1 Acc.: 90.41	CE Loss: 0.27	KSVD Loss: 0.00	KL Loss: 0.00	Tot. Loss: 0.27
2024-12-22 06:53:01,904 INFO Epoch 266 	 Batch 299	LR : 0.00005	Top1 Acc.: 90.64	CE Loss: 0.26	KSVD Loss: 0.00	KL Loss: 0.00	Tot. Loss: 0.26
2024-12-22 06:53:23,240 INFO ################## 
 ---> Validation Epoch 266	Acc.: 83.180	FPR: 65.874	AUROC: 85.998	AUPR: 52.376	AURC: 42.543	EAURC: 27.530	AUPR Succ.: 96.830	ECE: 6.486	NLL: 5.492	Brier: 24.865
2024-12-22 06:53:23,241 INFO ####### --- Training Epoch 267 --- #######
2024-12-22 06:53:36,129 INFO Epoch 267 	 Batch 99	LR : 0.00005	Top1 Acc.: 90.66	CE Loss: 0.26	KSVD Loss: 0.00	KL Loss: 0.00	Tot. Loss: 0.26
2024-12-22 06:53:48,666 INFO Epoch 267 	 Batch 199	LR : 0.00005	Top1 Acc.: 90.31	CE Loss: 0.27	KSVD Loss: 0.00	KL Loss: 0.00	Tot. Loss: 0.27
2024-12-22 06:54:01,201 INFO Epoch 267 	 Batch 299	LR : 0.00005	Top1 Acc.: 90.91	CE Loss: 0.26	KSVD Loss: 0.00	KL Loss: 0.00	Tot. Loss: 0.26
2024-12-22 06:54:22,502 INFO ################## 
 ---> Validation Epoch 267	Acc.: 83.300	FPR: 66.228	AUROC: 85.718	AUPR: 51.338	AURC: 42.751	EAURC: 27.958	AUPR Succ.: 96.786	ECE: 6.329	NLL: 5.509	Brier: 24.851
2024-12-22 06:54:22,503 INFO ####### --- Training Epoch 268 --- #######
2024-12-22 06:54:35,274 INFO Epoch 268 	 Batch 99	LR : 0.00005	Top1 Acc.: 90.53	CE Loss: 0.26	KSVD Loss: 0.00	KL Loss: 0.00	Tot. Loss: 0.26
2024-12-22 06:54:47,724 INFO Epoch 268 	 Batch 199	LR : 0.00005	Top1 Acc.: 90.34	CE Loss: 0.26	KSVD Loss: 0.00	KL Loss: 0.00	Tot. Loss: 0.27
2024-12-22 06:55:00,175 INFO Epoch 268 	 Batch 299	LR : 0.00005	Top1 Acc.: 90.64	CE Loss: 0.27	KSVD Loss: 0.00	KL Loss: 0.00	Tot. Loss: 0.27
2024-12-22 06:55:21,424 INFO ################## 
 ---> Validation Epoch 268	Acc.: 83.480	FPR: 67.070	AUROC: 85.759	AUPR: 49.965	AURC: 42.081	EAURC: 27.615	AUPR Succ.: 96.831	ECE: 6.314	NLL: 5.466	Brier: 24.728
2024-12-22 06:55:21,425 INFO AURC decreased from 42.20 to 42.08!!!
2024-12-22 06:55:21,457 INFO ####### --- Training Epoch 269 --- #######
2024-12-22 06:55:34,318 INFO Epoch 269 	 Batch 99	LR : 0.00005	Top1 Acc.: 90.59	CE Loss: 0.27	KSVD Loss: 0.00	KL Loss: 0.00	Tot. Loss: 0.27
2024-12-22 06:55:46,818 INFO Epoch 269 	 Batch 199	LR : 0.00005	Top1 Acc.: 90.36	CE Loss: 0.27	KSVD Loss: 0.00	KL Loss: 0.00	Tot. Loss: 0.27
2024-12-22 06:55:59,305 INFO Epoch 269 	 Batch 299	LR : 0.00005	Top1 Acc.: 90.73	CE Loss: 0.26	KSVD Loss: 0.00	KL Loss: 0.00	Tot. Loss: 0.26
2024-12-22 06:56:20,592 INFO ################## 
 ---> Validation Epoch 269	Acc.: 83.560	FPR: 68.005	AUROC: 85.385	AUPR: 49.560	AURC: 42.602	EAURC: 28.280	AUPR Succ.: 96.759	ECE: 6.050	NLL: 5.467	Brier: 24.755
2024-12-22 06:56:20,593 INFO Accuracy improved from 83.54 to 83.56!!!
2024-12-22 06:56:20,624 INFO ####### --- Training Epoch 270 --- #######
2024-12-22 06:56:33,404 INFO Epoch 270 	 Batch 99	LR : 0.00004	Top1 Acc.: 90.52	CE Loss: 0.26	KSVD Loss: 0.00	KL Loss: 0.00	Tot. Loss: 0.26
2024-12-22 06:56:45,829 INFO Epoch 270 	 Batch 199	LR : 0.00004	Top1 Acc.: 90.98	CE Loss: 0.26	KSVD Loss: 0.00	KL Loss: 0.00	Tot. Loss: 0.26
2024-12-22 06:56:58,273 INFO Epoch 270 	 Batch 299	LR : 0.00004	Top1 Acc.: 90.45	CE Loss: 0.27	KSVD Loss: 0.00	KL Loss: 0.00	Tot. Loss: 0.27
2024-12-22 06:57:19,528 INFO ################## 
 ---> Validation Epoch 270	Acc.: 83.340	FPR: 64.826	AUROC: 85.945	AUPR: 51.622	AURC: 42.247	EAURC: 27.527	AUPR Succ.: 96.835	ECE: 6.266	NLL: 5.480	Brier: 24.823
2024-12-22 06:57:19,529 INFO ####### --- Training Epoch 271 --- #######
2024-12-22 06:57:32,339 INFO Epoch 271 	 Batch 99	LR : 0.00004	Top1 Acc.: 90.81	CE Loss: 0.26	KSVD Loss: 0.00	KL Loss: 0.00	Tot. Loss: 0.26
2024-12-22 06:57:44,837 INFO Epoch 271 	 Batch 199	LR : 0.00004	Top1 Acc.: 90.53	CE Loss: 0.27	KSVD Loss: 0.00	KL Loss: 0.00	Tot. Loss: 0.27
2024-12-22 06:57:57,293 INFO Epoch 271 	 Batch 299	LR : 0.00004	Top1 Acc.: 90.82	CE Loss: 0.26	KSVD Loss: 0.00	KL Loss: 0.00	Tot. Loss: 0.26
2024-12-22 06:58:18,556 INFO ################## 
 ---> Validation Epoch 271	Acc.: 83.240	FPR: 68.019	AUROC: 85.757	AUPR: 51.905	AURC: 42.792	EAURC: 27.889	AUPR Succ.: 96.794	ECE: 6.660	NLL: 5.586	Brier: 25.155
2024-12-22 06:58:18,557 INFO ####### --- Training Epoch 272 --- #######
2024-12-22 06:58:31,413 INFO Epoch 272 	 Batch 99	LR : 0.00004	Top1 Acc.: 90.82	CE Loss: 0.26	KSVD Loss: 0.00	KL Loss: 0.00	Tot. Loss: 0.26
2024-12-22 06:58:43,827 INFO Epoch 272 	 Batch 199	LR : 0.00004	Top1 Acc.: 90.95	CE Loss: 0.26	KSVD Loss: 0.00	KL Loss: 0.00	Tot. Loss: 0.26
2024-12-22 06:58:56,292 INFO Epoch 272 	 Batch 299	LR : 0.00004	Top1 Acc.: 90.91	CE Loss: 0.25	KSVD Loss: 0.00	KL Loss: 0.00	Tot. Loss: 0.25
2024-12-22 06:59:17,578 INFO ################## 
 ---> Validation Epoch 272	Acc.: 83.300	FPR: 65.988	AUROC: 85.610	AUPR: 49.409	AURC: 42.940	EAURC: 28.147	AUPR Succ.: 96.766	ECE: 6.505	NLL: 5.526	Brier: 24.963
2024-12-22 06:59:17,579 INFO ####### --- Training Epoch 273 --- #######
2024-12-22 06:59:30,439 INFO Epoch 273 	 Batch 99	LR : 0.00004	Top1 Acc.: 90.18	CE Loss: 0.27	KSVD Loss: 0.00	KL Loss: 0.00	Tot. Loss: 0.27
2024-12-22 06:59:43,007 INFO Epoch 273 	 Batch 199	LR : 0.00004	Top1 Acc.: 90.65	CE Loss: 0.26	KSVD Loss: 0.00	KL Loss: 0.00	Tot. Loss: 0.26
2024-12-22 06:59:55,519 INFO Epoch 273 	 Batch 299	LR : 0.00004	Top1 Acc.: 90.89	CE Loss: 0.26	KSVD Loss: 0.00	KL Loss: 0.00	Tot. Loss: 0.26
2024-12-22 07:00:16,833 INFO ################## 
 ---> Validation Epoch 273	Acc.: 83.280	FPR: 66.986	AUROC: 85.907	AUPR: 52.490	AURC: 42.415	EAURC: 27.585	AUPR Succ.: 96.828	ECE: 6.480	NLL: 5.520	Brier: 25.013
2024-12-22 07:00:16,834 INFO ####### --- Training Epoch 274 --- #######
2024-12-22 07:00:29,768 INFO Epoch 274 	 Batch 99	LR : 0.00004	Top1 Acc.: 91.07	CE Loss: 0.25	KSVD Loss: 0.00	KL Loss: 0.00	Tot. Loss: 0.25
2024-12-22 07:00:42,343 INFO Epoch 274 	 Batch 199	LR : 0.00004	Top1 Acc.: 90.53	CE Loss: 0.26	KSVD Loss: 0.00	KL Loss: 0.00	Tot. Loss: 0.26
2024-12-22 07:00:54,909 INFO Epoch 274 	 Batch 299	LR : 0.00004	Top1 Acc.: 90.57	CE Loss: 0.26	KSVD Loss: 0.00	KL Loss: 0.00	Tot. Loss: 0.26
2024-12-22 07:01:16,272 INFO ################## 
 ---> Validation Epoch 274	Acc.: 83.040	FPR: 63.325	AUROC: 86.370	AUPR: 54.632	AURC: 42.460	EAURC: 27.188	AUPR Succ.: 96.861	ECE: 6.615	NLL: 5.492	Brier: 24.790
2024-12-22 07:01:16,273 INFO ####### --- Training Epoch 275 --- #######
2024-12-22 07:01:29,111 INFO Epoch 275 	 Batch 99	LR : 0.00004	Top1 Acc.: 90.82	CE Loss: 0.26	KSVD Loss: 0.00	KL Loss: 0.00	Tot. Loss: 0.26
2024-12-22 07:01:41,549 INFO Epoch 275 	 Batch 199	LR : 0.00004	Top1 Acc.: 90.83	CE Loss: 0.26	KSVD Loss: 0.00	KL Loss: 0.00	Tot. Loss: 0.26
2024-12-22 07:01:54,016 INFO Epoch 275 	 Batch 299	LR : 0.00004	Top1 Acc.: 90.54	CE Loss: 0.26	KSVD Loss: 0.00	KL Loss: 0.00	Tot. Loss: 0.26
2024-12-22 07:02:15,330 INFO ################## 
 ---> Validation Epoch 275	Acc.: 83.600	FPR: 68.902	AUROC: 85.368	AUPR: 50.797	AURC: 42.442	EAURC: 28.192	AUPR Succ.: 96.770	ECE: 6.256	NLL: 5.498	Brier: 24.756
2024-12-22 07:02:15,331 INFO Accuracy improved from 83.56 to 83.60!!!
2024-12-22 07:02:15,363 INFO ####### --- Training Epoch 276 --- #######
2024-12-22 07:02:28,225 INFO Epoch 276 	 Batch 99	LR : 0.00003	Top1 Acc.: 90.78	CE Loss: 0.26	KSVD Loss: 0.00	KL Loss: 0.00	Tot. Loss: 0.26
2024-12-22 07:02:40,741 INFO Epoch 276 	 Batch 199	LR : 0.00003	Top1 Acc.: 90.88	CE Loss: 0.26	KSVD Loss: 0.00	KL Loss: 0.00	Tot. Loss: 0.26
2024-12-22 07:02:53,274 INFO Epoch 276 	 Batch 299	LR : 0.00003	Top1 Acc.: 91.02	CE Loss: 0.26	KSVD Loss: 0.00	KL Loss: 0.00	Tot. Loss: 0.26
2024-12-22 07:03:14,566 INFO ################## 
 ---> Validation Epoch 276	Acc.: 83.220	FPR: 64.839	AUROC: 85.803	AUPR: 53.003	AURC: 42.933	EAURC: 27.994	AUPR Succ.: 96.778	ECE: 6.396	NLL: 5.489	Brier: 24.855
2024-12-22 07:03:14,567 INFO ####### --- Training Epoch 277 --- #######
2024-12-22 07:03:27,529 INFO Epoch 277 	 Batch 99	LR : 0.00003	Top1 Acc.: 90.95	CE Loss: 0.25	KSVD Loss: 0.00	KL Loss: 0.00	Tot. Loss: 0.26
2024-12-22 07:03:40,143 INFO Epoch 277 	 Batch 199	LR : 0.00003	Top1 Acc.: 90.80	CE Loss: 0.26	KSVD Loss: 0.00	KL Loss: 0.00	Tot. Loss: 0.26
2024-12-22 07:03:52,731 INFO Epoch 277 	 Batch 299	LR : 0.00003	Top1 Acc.: 90.70	CE Loss: 0.26	KSVD Loss: 0.00	KL Loss: 0.00	Tot. Loss: 0.26
2024-12-22 07:04:14,055 INFO ################## 
 ---> Validation Epoch 277	Acc.: 83.860	FPR: 68.649	AUROC: 85.245	AUPR: 49.130	AURC: 41.857	EAURC: 28.068	AUPR Succ.: 96.792	ECE: 6.021	NLL: 5.498	Brier: 24.566
2024-12-22 07:04:14,055 INFO Accuracy improved from 83.60 to 83.86!!!
2024-12-22 07:04:14,087 INFO AURC decreased from 42.08 to 41.86!!!
2024-12-22 07:04:14,118 INFO ####### --- Training Epoch 278 --- #######
2024-12-22 07:04:27,063 INFO Epoch 278 	 Batch 99	LR : 0.00003	Top1 Acc.: 90.55	CE Loss: 0.26	KSVD Loss: 0.00	KL Loss: 0.00	Tot. Loss: 0.26
2024-12-22 07:04:39,634 INFO Epoch 278 	 Batch 199	LR : 0.00003	Top1 Acc.: 91.28	CE Loss: 0.25	KSVD Loss: 0.00	KL Loss: 0.00	Tot. Loss: 0.25
2024-12-22 07:04:52,162 INFO Epoch 278 	 Batch 299	LR : 0.00003	Top1 Acc.: 90.80	CE Loss: 0.26	KSVD Loss: 0.00	KL Loss: 0.00	Tot. Loss: 0.26
2024-12-22 07:05:13,518 INFO ################## 
 ---> Validation Epoch 278	Acc.: 83.560	FPR: 65.572	AUROC: 85.726	AUPR: 51.922	AURC: 41.991	EAURC: 27.669	AUPR Succ.: 96.825	ECE: 6.290	NLL: 5.468	Brier: 24.631
2024-12-22 07:05:13,519 INFO ####### --- Training Epoch 279 --- #######
2024-12-22 07:05:26,403 INFO Epoch 279 	 Batch 99	LR : 0.00003	Top1 Acc.: 90.70	CE Loss: 0.26	KSVD Loss: 0.00	KL Loss: 0.00	Tot. Loss: 0.26
2024-12-22 07:05:38,908 INFO Epoch 279 	 Batch 199	LR : 0.00003	Top1 Acc.: 91.09	CE Loss: 0.25	KSVD Loss: 0.00	KL Loss: 0.00	Tot. Loss: 0.25
2024-12-22 07:05:51,413 INFO Epoch 279 	 Batch 299	LR : 0.00003	Top1 Acc.: 91.18	CE Loss: 0.25	KSVD Loss: 0.00	KL Loss: 0.00	Tot. Loss: 0.25
2024-12-22 07:06:12,670 INFO ################## 
 ---> Validation Epoch 279	Acc.: 83.480	FPR: 67.676	AUROC: 85.469	AUPR: 51.394	AURC: 42.654	EAURC: 28.188	AUPR Succ.: 96.766	ECE: 6.307	NLL: 5.519	Brier: 24.852
2024-12-22 07:06:12,671 INFO ####### --- Training Epoch 280 --- #######
2024-12-22 07:06:25,385 INFO Epoch 280 	 Batch 99	LR : 0.00003	Top1 Acc.: 91.08	CE Loss: 0.26	KSVD Loss: 0.00	KL Loss: 0.00	Tot. Loss: 0.26
2024-12-22 07:06:37,851 INFO Epoch 280 	 Batch 199	LR : 0.00003	Top1 Acc.: 90.87	CE Loss: 0.25	KSVD Loss: 0.00	KL Loss: 0.00	Tot. Loss: 0.26
2024-12-22 07:06:50,303 INFO Epoch 280 	 Batch 299	LR : 0.00003	Top1 Acc.: 90.62	CE Loss: 0.26	KSVD Loss: 0.00	KL Loss: 0.00	Tot. Loss: 0.26
2024-12-22 07:07:11,610 INFO ################## 
 ---> Validation Epoch 280	Acc.: 83.400	FPR: 66.386	AUROC: 85.964	AUPR: 53.026	AURC: 41.937	EAURC: 27.327	AUPR Succ.: 96.860	ECE: 6.417	NLL: 5.479	Brier: 24.691
2024-12-22 07:07:11,611 INFO ####### --- Training Epoch 281 --- #######
2024-12-22 07:07:24,340 INFO Epoch 281 	 Batch 99	LR : 0.00003	Top1 Acc.: 90.79	CE Loss: 0.26	KSVD Loss: 0.00	KL Loss: 0.00	Tot. Loss: 0.26
2024-12-22 07:07:36,756 INFO Epoch 281 	 Batch 199	LR : 0.00003	Top1 Acc.: 90.45	CE Loss: 0.27	KSVD Loss: 0.00	KL Loss: 0.00	Tot. Loss: 0.27
2024-12-22 07:07:49,169 INFO Epoch 281 	 Batch 299	LR : 0.00003	Top1 Acc.: 90.69	CE Loss: 0.26	KSVD Loss: 0.00	KL Loss: 0.00	Tot. Loss: 0.26
2024-12-22 07:08:10,435 INFO ################## 
 ---> Validation Epoch 281	Acc.: 83.480	FPR: 64.165	AUROC: 85.654	AUPR: 51.545	AURC: 42.279	EAURC: 27.813	AUPR Succ.: 96.807	ECE: 6.299	NLL: 5.492	Brier: 24.660
2024-12-22 07:08:10,436 INFO ####### --- Training Epoch 282 --- #######
2024-12-22 07:08:23,221 INFO Epoch 282 	 Batch 99	LR : 0.00003	Top1 Acc.: 90.67	CE Loss: 0.26	KSVD Loss: 0.00	KL Loss: 0.00	Tot. Loss: 0.26
2024-12-22 07:08:35,672 INFO Epoch 282 	 Batch 199	LR : 0.00003	Top1 Acc.: 90.98	CE Loss: 0.25	KSVD Loss: 0.00	KL Loss: 0.00	Tot. Loss: 0.25
2024-12-22 07:08:48,132 INFO Epoch 282 	 Batch 299	LR : 0.00003	Top1 Acc.: 91.02	CE Loss: 0.25	KSVD Loss: 0.00	KL Loss: 0.00	Tot. Loss: 0.25
2024-12-22 07:09:09,402 INFO ################## 
 ---> Validation Epoch 282	Acc.: 83.420	FPR: 67.069	AUROC: 85.756	AUPR: 50.920	AURC: 42.209	EAURC: 27.634	AUPR Succ.: 96.827	ECE: 6.372	NLL: 5.466	Brier: 24.722
2024-12-22 07:09:09,403 INFO ####### --- Training Epoch 283 --- #######
2024-12-22 07:09:22,132 INFO Epoch 283 	 Batch 99	LR : 0.00002	Top1 Acc.: 91.03	CE Loss: 0.25	KSVD Loss: 0.00	KL Loss: 0.00	Tot. Loss: 0.25
2024-12-22 07:09:34,567 INFO Epoch 283 	 Batch 199	LR : 0.00002	Top1 Acc.: 90.57	CE Loss: 0.26	KSVD Loss: 0.00	KL Loss: 0.00	Tot. Loss: 0.26
2024-12-22 07:09:47,008 INFO Epoch 283 	 Batch 299	LR : 0.00002	Top1 Acc.: 90.70	CE Loss: 0.26	KSVD Loss: 0.00	KL Loss: 0.00	Tot. Loss: 0.26
2024-12-22 07:10:08,296 INFO ################## 
 ---> Validation Epoch 283	Acc.: 83.700	FPR: 67.730	AUROC: 85.377	AUPR: 48.945	AURC: 42.034	EAURC: 27.963	AUPR Succ.: 96.800	ECE: 6.204	NLL: 5.485	Brier: 24.719
2024-12-22 07:10:08,297 INFO ####### --- Training Epoch 284 --- #######
2024-12-22 07:10:21,052 INFO Epoch 284 	 Batch 99	LR : 0.00002	Top1 Acc.: 91.12	CE Loss: 0.25	KSVD Loss: 0.00	KL Loss: 0.00	Tot. Loss: 0.25
2024-12-22 07:10:33,448 INFO Epoch 284 	 Batch 199	LR : 0.00002	Top1 Acc.: 90.96	CE Loss: 0.26	KSVD Loss: 0.00	KL Loss: 0.00	Tot. Loss: 0.26
2024-12-22 07:10:45,653 INFO Epoch 284 	 Batch 299	LR : 0.00002	Top1 Acc.: 90.70	CE Loss: 0.26	KSVD Loss: 0.00	KL Loss: 0.00	Tot. Loss: 0.26
2024-12-22 07:11:06,805 INFO ################## 
 ---> Validation Epoch 284	Acc.: 83.500	FPR: 66.061	AUROC: 85.715	AUPR: 51.726	AURC: 42.277	EAURC: 27.847	AUPR Succ.: 96.802	ECE: 6.373	NLL: 5.496	Brier: 24.610
2024-12-22 07:11:06,806 INFO ####### --- Training Epoch 285 --- #######
2024-12-22 07:11:19,486 INFO Epoch 285 	 Batch 99	LR : 0.00002	Top1 Acc.: 91.27	CE Loss: 0.25	KSVD Loss: 0.00	KL Loss: 0.00	Tot. Loss: 0.25
2024-12-22 07:11:31,837 INFO Epoch 285 	 Batch 199	LR : 0.00002	Top1 Acc.: 90.94	CE Loss: 0.26	KSVD Loss: 0.00	KL Loss: 0.00	Tot. Loss: 0.26
2024-12-22 07:11:44,201 INFO Epoch 285 	 Batch 299	LR : 0.00002	Top1 Acc.: 90.78	CE Loss: 0.26	KSVD Loss: 0.00	KL Loss: 0.00	Tot. Loss: 0.26
2024-12-22 07:12:05,461 INFO ################## 
 ---> Validation Epoch 285	Acc.: 83.440	FPR: 63.889	AUROC: 86.056	AUPR: 53.379	AURC: 41.871	EAURC: 27.333	AUPR Succ.: 96.856	ECE: 6.431	NLL: 5.456	Brier: 24.514
2024-12-22 07:12:05,462 INFO ####### --- Training Epoch 286 --- #######
2024-12-22 07:12:18,126 INFO Epoch 286 	 Batch 99	LR : 0.00002	Top1 Acc.: 90.86	CE Loss: 0.26	KSVD Loss: 0.00	KL Loss: 0.00	Tot. Loss: 0.26
2024-12-22 07:12:30,493 INFO Epoch 286 	 Batch 199	LR : 0.00002	Top1 Acc.: 91.27	CE Loss: 0.25	KSVD Loss: 0.00	KL Loss: 0.00	Tot. Loss: 0.25
2024-12-22 07:12:42,852 INFO Epoch 286 	 Batch 299	LR : 0.00002	Top1 Acc.: 91.04	CE Loss: 0.25	KSVD Loss: 0.00	KL Loss: 0.00	Tot. Loss: 0.25
2024-12-22 07:13:04,093 INFO ################## 
 ---> Validation Epoch 286	Acc.: 83.600	FPR: 65.610	AUROC: 85.511	AUPR: 51.493	AURC: 42.346	EAURC: 28.096	AUPR Succ.: 96.777	ECE: 6.330	NLL: 5.499	Brier: 24.625
2024-12-22 07:13:04,094 INFO ####### --- Training Epoch 287 --- #######
2024-12-22 07:13:16,793 INFO Epoch 287 	 Batch 99	LR : 0.00002	Top1 Acc.: 90.77	CE Loss: 0.25	KSVD Loss: 0.00	KL Loss: 0.00	Tot. Loss: 0.25
2024-12-22 07:13:29,214 INFO Epoch 287 	 Batch 199	LR : 0.00002	Top1 Acc.: 91.19	CE Loss: 0.25	KSVD Loss: 0.00	KL Loss: 0.00	Tot. Loss: 0.25
2024-12-22 07:13:41,621 INFO Epoch 287 	 Batch 299	LR : 0.00002	Top1 Acc.: 91.20	CE Loss: 0.25	KSVD Loss: 0.00	KL Loss: 0.00	Tot. Loss: 0.25
2024-12-22 07:14:02,859 INFO ################## 
 ---> Validation Epoch 287	Acc.: 83.460	FPR: 64.329	AUROC: 85.952	AUPR: 52.404	AURC: 41.841	EAURC: 27.339	AUPR Succ.: 96.859	ECE: 6.443	NLL: 5.453	Brier: 24.533
2024-12-22 07:14:02,860 INFO AURC decreased from 41.86 to 41.84!!!
2024-12-22 07:14:02,891 INFO ####### --- Training Epoch 288 --- #######
2024-12-22 07:14:15,395 INFO Epoch 288 	 Batch 99	LR : 0.00002	Top1 Acc.: 91.17	CE Loss: 0.25	KSVD Loss: 0.00	KL Loss: 0.00	Tot. Loss: 0.25
2024-12-22 07:14:27,604 INFO Epoch 288 	 Batch 199	LR : 0.00002	Top1 Acc.: 91.39	CE Loss: 0.25	KSVD Loss: 0.00	KL Loss: 0.00	Tot. Loss: 0.25
2024-12-22 07:14:39,810 INFO Epoch 288 	 Batch 299	LR : 0.00002	Top1 Acc.: 91.26	CE Loss: 0.25	KSVD Loss: 0.00	KL Loss: 0.00	Tot. Loss: 0.25
2024-12-22 07:15:00,984 INFO ################## 
 ---> Validation Epoch 288	Acc.: 83.740	FPR: 68.143	AUROC: 85.385	AUPR: 48.471	AURC: 41.913	EAURC: 27.912	AUPR Succ.: 96.807	ECE: 6.289	NLL: 5.476	Brier: 24.584
2024-12-22 07:15:00,985 INFO ####### --- Training Epoch 289 --- #######
2024-12-22 07:15:13,604 INFO Epoch 289 	 Batch 99	LR : 0.00002	Top1 Acc.: 91.05	CE Loss: 0.25	KSVD Loss: 0.00	KL Loss: 0.00	Tot. Loss: 0.25
2024-12-22 07:15:25,886 INFO Epoch 289 	 Batch 199	LR : 0.00002	Top1 Acc.: 91.10	CE Loss: 0.25	KSVD Loss: 0.00	KL Loss: 0.00	Tot. Loss: 0.25
2024-12-22 07:15:38,214 INFO Epoch 289 	 Batch 299	LR : 0.00002	Top1 Acc.: 90.68	CE Loss: 0.26	KSVD Loss: 0.00	KL Loss: 0.00	Tot. Loss: 0.26
2024-12-22 07:15:59,387 INFO ################## 
 ---> Validation Epoch 289	Acc.: 83.580	FPR: 66.017	AUROC: 85.748	AUPR: 50.503	AURC: 41.797	EAURC: 27.511	AUPR Succ.: 96.845	ECE: 6.419	NLL: 5.468	Brier: 24.594
2024-12-22 07:15:59,388 INFO AURC decreased from 41.84 to 41.80!!!
2024-12-22 07:15:59,419 INFO ####### --- Training Epoch 290 --- #######
2024-12-22 07:16:12,116 INFO Epoch 290 	 Batch 99	LR : 0.00002	Top1 Acc.: 90.64	CE Loss: 0.26	KSVD Loss: 0.00	KL Loss: 0.00	Tot. Loss: 0.26
2024-12-22 07:16:24,491 INFO Epoch 290 	 Batch 199	LR : 0.00002	Top1 Acc.: 91.14	CE Loss: 0.25	KSVD Loss: 0.00	KL Loss: 0.00	Tot. Loss: 0.25
2024-12-22 07:16:36,900 INFO Epoch 290 	 Batch 299	LR : 0.00002	Top1 Acc.: 91.54	CE Loss: 0.24	KSVD Loss: 0.00	KL Loss: 0.00	Tot. Loss: 0.24
2024-12-22 07:16:58,142 INFO ################## 
 ---> Validation Epoch 290	Acc.: 83.600	FPR: 66.098	AUROC: 85.604	AUPR: 51.182	AURC: 42.129	EAURC: 27.879	AUPR Succ.: 96.803	ECE: 6.401	NLL: 5.490	Brier: 24.591
2024-12-22 07:16:58,143 INFO ####### --- Training Epoch 291 --- #######
2024-12-22 07:17:10,682 INFO Epoch 291 	 Batch 99	LR : 0.00002	Top1 Acc.: 90.92	CE Loss: 0.26	KSVD Loss: 0.00	KL Loss: 0.00	Tot. Loss: 0.26
2024-12-22 07:17:22,874 INFO Epoch 291 	 Batch 199	LR : 0.00002	Top1 Acc.: 90.53	CE Loss: 0.26	KSVD Loss: 0.00	KL Loss: 0.00	Tot. Loss: 0.26
2024-12-22 07:17:35,058 INFO Epoch 291 	 Batch 299	LR : 0.00002	Top1 Acc.: 90.94	CE Loss: 0.26	KSVD Loss: 0.00	KL Loss: 0.00	Tot. Loss: 0.26
2024-12-22 07:17:56,188 INFO ################## 
 ---> Validation Epoch 291	Acc.: 83.700	FPR: 67.485	AUROC: 85.452	AUPR: 49.806	AURC: 42.042	EAURC: 27.971	AUPR Succ.: 96.797	ECE: 6.231	NLL: 5.478	Brier: 24.638
2024-12-22 07:17:56,189 INFO ####### --- Training Epoch 292 --- #######
2024-12-22 07:18:08,816 INFO Epoch 292 	 Batch 99	LR : 0.00002	Top1 Acc.: 90.98	CE Loss: 0.25	KSVD Loss: 0.00	KL Loss: 0.00	Tot. Loss: 0.25
2024-12-22 07:18:21,124 INFO Epoch 292 	 Batch 199	LR : 0.00002	Top1 Acc.: 91.14	CE Loss: 0.25	KSVD Loss: 0.00	KL Loss: 0.00	Tot. Loss: 0.25
2024-12-22 07:18:33,612 INFO Epoch 292 	 Batch 299	LR : 0.00002	Top1 Acc.: 91.38	CE Loss: 0.25	KSVD Loss: 0.00	KL Loss: 0.00	Tot. Loss: 0.25
2024-12-22 07:18:54,871 INFO ################## 
 ---> Validation Epoch 292	Acc.: 83.480	FPR: 63.801	AUROC: 85.958	AUPR: 52.138	AURC: 41.805	EAURC: 27.339	AUPR Succ.: 96.859	ECE: 6.518	NLL: 5.469	Brier: 24.565
2024-12-22 07:18:54,872 INFO ####### --- Training Epoch 293 --- #######
2024-12-22 07:19:07,604 INFO Epoch 293 	 Batch 99	LR : 0.00001	Top1 Acc.: 91.41	CE Loss: 0.25	KSVD Loss: 0.00	KL Loss: 0.00	Tot. Loss: 0.25
2024-12-22 07:19:20,015 INFO Epoch 293 	 Batch 199	LR : 0.00001	Top1 Acc.: 91.25	CE Loss: 0.25	KSVD Loss: 0.00	KL Loss: 0.00	Tot. Loss: 0.25
2024-12-22 07:19:32,454 INFO Epoch 293 	 Batch 299	LR : 0.00001	Top1 Acc.: 91.05	CE Loss: 0.25	KSVD Loss: 0.00	KL Loss: 0.00	Tot. Loss: 0.25
2024-12-22 07:19:53,676 INFO ################## 
 ---> Validation Epoch 293	Acc.: 83.580	FPR: 66.382	AUROC: 85.550	AUPR: 49.750	AURC: 42.146	EAURC: 27.860	AUPR Succ.: 96.807	ECE: 6.488	NLL: 5.491	Brier: 24.720
2024-12-22 07:19:53,677 INFO ####### --- Training Epoch 294 --- #######
2024-12-22 07:20:06,404 INFO Epoch 294 	 Batch 99	LR : 0.00001	Top1 Acc.: 91.15	CE Loss: 0.25	KSVD Loss: 0.00	KL Loss: 0.00	Tot. Loss: 0.25
2024-12-22 07:20:18,746 INFO Epoch 294 	 Batch 199	LR : 0.00001	Top1 Acc.: 90.99	CE Loss: 0.25	KSVD Loss: 0.00	KL Loss: 0.00	Tot. Loss: 0.25
2024-12-22 07:20:31,058 INFO Epoch 294 	 Batch 299	LR : 0.00001	Top1 Acc.: 90.84	CE Loss: 0.25	KSVD Loss: 0.00	KL Loss: 0.00	Tot. Loss: 0.25
2024-12-22 07:20:52,248 INFO ################## 
 ---> Validation Epoch 294	Acc.: 83.420	FPR: 65.380	AUROC: 86.038	AUPR: 52.225	AURC: 41.785	EAURC: 27.210	AUPR Succ.: 96.873	ECE: 6.546	NLL: 5.477	Brier: 24.637
2024-12-22 07:20:52,249 INFO AURC decreased from 41.80 to 41.78!!!
2024-12-22 07:20:52,280 INFO ####### --- Training Epoch 295 --- #######
2024-12-22 07:21:04,954 INFO Epoch 295 	 Batch 99	LR : 0.00001	Top1 Acc.: 91.31	CE Loss: 0.25	KSVD Loss: 0.00	KL Loss: 0.00	Tot. Loss: 0.25
2024-12-22 07:21:17,282 INFO Epoch 295 	 Batch 199	LR : 0.00001	Top1 Acc.: 90.84	CE Loss: 0.26	KSVD Loss: 0.00	KL Loss: 0.00	Tot. Loss: 0.26
2024-12-22 07:21:29,583 INFO Epoch 295 	 Batch 299	LR : 0.00001	Top1 Acc.: 91.30	CE Loss: 0.25	KSVD Loss: 0.00	KL Loss: 0.00	Tot. Loss: 0.25
2024-12-22 07:21:50,775 INFO ################## 
 ---> Validation Epoch 295	Acc.: 83.640	FPR: 68.582	AUROC: 85.467	AUPR: 49.251	AURC: 42.093	EAURC: 27.914	AUPR Succ.: 96.803	ECE: 6.285	NLL: 5.490	Brier: 24.713
2024-12-22 07:21:50,776 INFO ####### --- Training Epoch 296 --- #######
2024-12-22 07:22:03,370 INFO Epoch 296 	 Batch 99	LR : 0.00001	Top1 Acc.: 91.35	CE Loss: 0.25	KSVD Loss: 0.00	KL Loss: 0.00	Tot. Loss: 0.25
2024-12-22 07:22:15,666 INFO Epoch 296 	 Batch 199	LR : 0.00001	Top1 Acc.: 90.91	CE Loss: 0.25	KSVD Loss: 0.00	KL Loss: 0.00	Tot. Loss: 0.25
2024-12-22 07:22:27,950 INFO Epoch 296 	 Batch 299	LR : 0.00001	Top1 Acc.: 90.89	CE Loss: 0.25	KSVD Loss: 0.00	KL Loss: 0.00	Tot. Loss: 0.25
2024-12-22 07:22:49,116 INFO ################## 
 ---> Validation Epoch 296	Acc.: 83.500	FPR: 66.545	AUROC: 85.714	AUPR: 51.267	AURC: 42.232	EAURC: 27.802	AUPR Succ.: 96.808	ECE: 6.440	NLL: 5.510	Brier: 24.712
2024-12-22 07:22:49,117 INFO ####### --- Training Epoch 297 --- #######
2024-12-22 07:23:01,775 INFO Epoch 297 	 Batch 99	LR : 0.00001	Top1 Acc.: 91.12	CE Loss: 0.25	KSVD Loss: 0.00	KL Loss: 0.00	Tot. Loss: 0.25
2024-12-22 07:23:14,047 INFO Epoch 297 	 Batch 199	LR : 0.00001	Top1 Acc.: 91.16	CE Loss: 0.25	KSVD Loss: 0.00	KL Loss: 0.00	Tot. Loss: 0.25
2024-12-22 07:23:26,193 INFO Epoch 297 	 Batch 299	LR : 0.00001	Top1 Acc.: 91.34	CE Loss: 0.25	KSVD Loss: 0.00	KL Loss: 0.00	Tot. Loss: 0.25
2024-12-22 07:23:47,290 INFO ################## 
 ---> Validation Epoch 297	Acc.: 83.720	FPR: 67.322	AUROC: 85.378	AUPR: 48.566	AURC: 42.057	EAURC: 28.021	AUPR Succ.: 96.793	ECE: 6.385	NLL: 5.489	Brier: 24.631
2024-12-22 07:23:47,291 INFO ####### --- Training Epoch 298 --- #######
2024-12-22 07:23:59,897 INFO Epoch 298 	 Batch 99	LR : 0.00001	Top1 Acc.: 91.52	CE Loss: 0.25	KSVD Loss: 0.00	KL Loss: 0.00	Tot. Loss: 0.25
2024-12-22 07:24:12,180 INFO Epoch 298 	 Batch 199	LR : 0.00001	Top1 Acc.: 91.02	CE Loss: 0.25	KSVD Loss: 0.00	KL Loss: 0.00	Tot. Loss: 0.25
2024-12-22 07:24:24,428 INFO Epoch 298 	 Batch 299	LR : 0.00001	Top1 Acc.: 90.87	CE Loss: 0.26	KSVD Loss: 0.00	KL Loss: 0.00	Tot. Loss: 0.26
2024-12-22 07:24:45,544 INFO ################## 
 ---> Validation Epoch 298	Acc.: 83.500	FPR: 64.970	AUROC: 85.831	AUPR: 51.687	AURC: 41.985	EAURC: 27.555	AUPR Succ.: 96.836	ECE: 6.464	NLL: 5.491	Brier: 24.642
2024-12-22 07:24:45,545 INFO ####### --- Training Epoch 299 --- #######
2024-12-22 07:24:58,142 INFO Epoch 299 	 Batch 99	LR : 0.00001	Top1 Acc.: 90.95	CE Loss: 0.25	KSVD Loss: 0.00	KL Loss: 0.00	Tot. Loss: 0.25
2024-12-22 07:25:10,439 INFO Epoch 299 	 Batch 199	LR : 0.00001	Top1 Acc.: 91.42	CE Loss: 0.24	KSVD Loss: 0.00	KL Loss: 0.00	Tot. Loss: 0.25
2024-12-22 07:25:22,772 INFO Epoch 299 	 Batch 299	LR : 0.00001	Top1 Acc.: 91.24	CE Loss: 0.24	KSVD Loss: 0.00	KL Loss: 0.00	Tot. Loss: 0.25
2024-12-22 07:25:43,954 INFO ################## 
 ---> Validation Epoch 299	Acc.: 83.780	FPR: 67.818	AUROC: 85.369	AUPR: 48.300	AURC: 41.840	EAURC: 27.910	AUPR Succ.: 96.807	ECE: 6.381	NLL: 5.482	Brier: 24.613
2024-12-23 18:35:14,833 INFO Testing model_1 ...
2024-12-23 18:35:42,566 INFO Testing model_1 ...
2024-12-23 18:35:59,355 INFO Testing model_1 ...
2024-12-23 18:36:04,995 INFO Using vit_cifar ...
2024-12-23 18:36:58,100 INFO ################## 
 ---> Test MSP results：	Acc.: 82.270	FPR: 65.595	AUROC: 85.905	AUPR: 52.530	AURC: 45.605	EAURC: 28.866	AUPR Succ.: 96.651	ECE: 7.039	NLL: 5.941	Brier: 26.216
2024-12-23 18:36:58,139 INFO Testing on corruption: brightness, severity: 1
2024-12-23 18:38:38,164 INFO Testing model_1 ...
2024-12-23 18:38:43,530 INFO Using vit_cifar ...
2024-12-23 18:39:26,356 INFO Testing model_1 ...
2024-12-23 18:39:33,207 INFO Using vit_cifar ...
2024-12-23 18:40:14,170 INFO ################## 
 ---> Test MSP results：	Acc.: 82.270	FPR: 65.595	AUROC: 85.905	AUPR: 52.531	AURC: 45.605	EAURC: 28.866	AUPR Succ.: 96.651	ECE: 7.039	NLL: 5.941	Brier: 26.216
2024-12-23 18:40:14,170 INFO Testing on corruption: brightness, severity: 1
2024-12-23 18:45:15,776 INFO Testing model_1 ...
2024-12-23 18:45:21,312 INFO Using vit_cifar ...
2024-12-23 18:46:14,724 INFO ################## 
 ---> Test MSP results：	Acc.: 82.270	FPR: 65.595	AUROC: 85.905	AUPR: 52.531	AURC: 45.605	EAURC: 28.866	AUPR Succ.: 96.651	ECE: 7.039	NLL: 5.941	Brier: 26.216
2024-12-23 18:46:14,724 INFO Testing on corruption: brightness, severity: 1
2024-12-23 18:47:10,137 INFO Testing model_1 ...
2024-12-23 18:47:15,171 INFO Using vit_cifar ...
2024-12-23 18:48:08,385 INFO ################## 
 ---> Test MSP results：	Acc.: 82.270	FPR: 65.595	AUROC: 85.905	AUPR: 52.531	AURC: 45.605	EAURC: 28.866	AUPR Succ.: 96.651	ECE: 7.039	NLL: 5.941	Brier: 26.216
2024-12-23 18:48:08,386 INFO Testing on corruption: brightness, severity: 1
2024-12-23 18:49:21,400 INFO Testing on corruption: brightness, severity: 2
2024-12-23 18:50:23,035 INFO Testing on corruption: brightness, severity: 3
2024-12-23 18:51:24,696 INFO Testing on corruption: brightness, severity: 4
2024-12-23 18:52:24,859 INFO Testing on corruption: brightness, severity: 5
2024-12-23 18:53:26,303 INFO Testing on corruption: contrast, severity: 1
2024-12-23 18:54:27,963 INFO Testing on corruption: contrast, severity: 2
2024-12-23 18:55:30,020 INFO Testing on corruption: contrast, severity: 3
2024-12-23 18:56:33,211 INFO Testing on corruption: contrast, severity: 4
2024-12-23 18:57:34,751 INFO Testing on corruption: contrast, severity: 5
2024-12-23 18:58:36,464 INFO Testing on corruption: defocus_blur, severity: 1
2024-12-23 19:00:25,399 INFO Testing on corruption: defocus_blur, severity: 2
2024-12-23 19:01:37,012 INFO Testing on corruption: defocus_blur, severity: 3
2024-12-23 19:03:24,921 INFO Testing on corruption: defocus_blur, severity: 4
