2024-12-22 18:34:57,962 INFO {
    "attn_type": "kep_svgp",
    "backbone": "mlp",
    "batch_size": 128,
    "beta1": 0.9,
    "beta2": 0.999,
    "concate": true,
    "corruption_dir": "./data",
    "dataset": "cifar10",
    "depth": 7,
    "eta_kl": 1.0,
    "eta_ksvd": 10.0,
    "gpu": "1",
    "hdim": 384,
    "ksvd_layers": 7,
    "low_rank": 10,
    "lr": 0.001,
    "min_lr": 1e-05,
    "model": "diffusion",
    "nb_cls": 10,
    "nb_epochs": 300,
    "nb_run": 1,
    "nb_worker": 4,
    "num_heads": 12,
    "pretrained_dir": "../experiments/CIFAR10_out/vit_out_cat",
    "rank_multi": 10,
    "save_dir": "../experiments/CIFAR10_out/diffusion",
    "seed": 0,
    "subcommand": "Cifar10",
    "test_dir": "../data/CIFAR10/test",
    "train_dir": "../data/CIFAR10/train",
    "val_dir": "../data/CIFAR10/val",
    "wandb_key": "6cf7b84d1bd52c9eb1e5eade43f583a8059231f2",
    "warmup_epoch": 5,
    "weight_decay": 5e-05
}
2024-12-22 18:34:58,116 INFO ####################################################################################################
1 / 1 Running
2024-12-22 18:34:58,127 INFO Using diffusion ...
2024-12-22 18:35:00,825 INFO Using q_distribution ...
2024-12-22 18:35:00,848 INFO ####### --- Training Epoch 0 --- #######
2024-12-22 18:36:03,036 INFO {
    "attn_type": "kep_svgp",
    "backbone": "mlp",
    "batch_size": 128,
    "beta1": 0.9,
    "beta2": 0.999,
    "concate": true,
    "corruption_dir": "./data",
    "dataset": "cifar10",
    "depth": 7,
    "eta_kl": 1.0,
    "eta_ksvd": 10.0,
    "gpu": "1",
    "hdim": 384,
    "ksvd_layers": 7,
    "low_rank": 10,
    "lr": 0.001,
    "min_lr": 1e-05,
    "model": "diffusion",
    "nb_cls": 10,
    "nb_epochs": 300,
    "nb_run": 1,
    "nb_worker": 4,
    "num_heads": 12,
    "pretrained_dir": "../experiments/CIFAR10_out/vit_out_cat",
    "rank_multi": 10,
    "save_dir": "../experiments/CIFAR10_out/diffusion",
    "seed": 0,
    "subcommand": "Cifar10",
    "test_dir": "../data/CIFAR10/test",
    "train_dir": "../data/CIFAR10/train",
    "val_dir": "../data/CIFAR10/val",
    "wandb_key": "6cf7b84d1bd52c9eb1e5eade43f583a8059231f2",
    "warmup_epoch": 5,
    "weight_decay": 5e-05
}
2024-12-22 18:36:03,187 INFO ####################################################################################################
1 / 1 Running
2024-12-22 18:36:03,198 INFO Using diffusion ...
2024-12-22 18:36:05,913 INFO Using q_distribution ...
2024-12-22 18:36:05,938 INFO ####### --- Training Epoch 0 --- #######
2024-12-22 18:38:55,634 INFO {
    "attn_type": "kep_svgp",
    "backbone": "mlp",
    "batch_size": 128,
    "beta1": 0.9,
    "beta2": 0.999,
    "concate": true,
    "corruption_dir": "./data",
    "dataset": "cifar10",
    "depth": 7,
    "eta_kl": 1.0,
    "eta_ksvd": 10.0,
    "gpu": "1",
    "hdim": 384,
    "ksvd_layers": 7,
    "low_rank": 10,
    "lr": 0.001,
    "min_lr": 1e-05,
    "model": "diffusion",
    "nb_cls": 10,
    "nb_epochs": 300,
    "nb_run": 1,
    "nb_worker": 4,
    "num_heads": 12,
    "pretrained_dir": "../experiments/CIFAR10_out/vit_out_cat",
    "rank_multi": 10,
    "save_dir": "../experiments/CIFAR10_out/diffusion",
    "seed": 0,
    "subcommand": "Cifar10",
    "test_dir": "../data/CIFAR10/test",
    "train_dir": "../data/CIFAR10/train",
    "val_dir": "../data/CIFAR10/val",
    "wandb_key": "6cf7b84d1bd52c9eb1e5eade43f583a8059231f2",
    "warmup_epoch": 5,
    "weight_decay": 5e-05
}
2024-12-22 18:38:55,786 INFO ####################################################################################################
1 / 1 Running
2024-12-22 18:38:55,796 INFO Using diffusion ...
2024-12-22 18:38:58,564 INFO Using q_distribution ...
2024-12-22 18:38:58,588 INFO ####### --- Training Epoch 0 --- #######
2024-12-22 18:39:39,124 INFO {
    "attn_type": "kep_svgp",
    "backbone": "mlp",
    "batch_size": 128,
    "beta1": 0.9,
    "beta2": 0.999,
    "concate": true,
    "corruption_dir": "./data",
    "dataset": "cifar10",
    "depth": 7,
    "eta_kl": 1.0,
    "eta_ksvd": 10.0,
    "gpu": "1",
    "hdim": 384,
    "ksvd_layers": 7,
    "low_rank": 10,
    "lr": 0.001,
    "min_lr": 1e-05,
    "model": "diffusion",
    "nb_cls": 10,
    "nb_epochs": 300,
    "nb_run": 1,
    "nb_worker": 4,
    "num_heads": 12,
    "pretrained_dir": "../experiments/CIFAR10_out/vit_out_cat",
    "rank_multi": 10,
    "save_dir": "../experiments/CIFAR10_out/diffusion",
    "seed": 0,
    "subcommand": "Cifar10",
    "test_dir": "../data/CIFAR10/test",
    "train_dir": "../data/CIFAR10/train",
    "val_dir": "../data/CIFAR10/val",
    "wandb_key": "6cf7b84d1bd52c9eb1e5eade43f583a8059231f2",
    "warmup_epoch": 5,
    "weight_decay": 5e-05
}
2024-12-22 18:39:39,277 INFO ####################################################################################################
1 / 1 Running
2024-12-22 18:39:39,288 INFO Using diffusion ...
2024-12-22 18:39:42,002 INFO Using q_distribution ...
2024-12-22 18:39:42,026 INFO ####### --- Training Epoch 0 --- #######
2024-12-22 18:45:47,975 INFO {
    "attn_type": "kep_svgp",
    "backbone": "mlp",
    "batch_size": 128,
    "beta1": 0.9,
    "beta2": 0.999,
    "concate": true,
    "corruption_dir": "./data",
    "dataset": "cifar10",
    "depth": 7,
    "eta_kl": 1.0,
    "eta_ksvd": 10.0,
    "gpu": "1",
    "hdim": 384,
    "ksvd_layers": 7,
    "low_rank": 10,
    "lr": 0.001,
    "min_lr": 1e-05,
    "model": "diffusion",
    "nb_cls": 10,
    "nb_epochs": 300,
    "nb_run": 1,
    "nb_worker": 4,
    "num_heads": 12,
    "pretrained_dir": "../experiments/CIFAR10_out/vit_out_cat",
    "rank_multi": 10,
    "save_dir": "../experiments/CIFAR10_out/diffusion",
    "seed": 0,
    "subcommand": "Cifar10",
    "test_dir": "../data/CIFAR10/test",
    "train_dir": "../data/CIFAR10/train",
    "val_dir": "../data/CIFAR10/val",
    "wandb_key": "6cf7b84d1bd52c9eb1e5eade43f583a8059231f2",
    "warmup_epoch": 5,
    "weight_decay": 5e-05
}
2024-12-22 18:45:48,125 INFO ####################################################################################################
1 / 1 Running
2024-12-22 18:45:48,136 INFO Using diffusion ...
2024-12-22 18:45:50,865 INFO Using q_distribution ...
2024-12-22 18:45:50,889 INFO ####### --- Training Epoch 0 --- #######
2024-12-22 18:46:34,755 INFO {
    "attn_type": "kep_svgp",
    "backbone": "mlp",
    "batch_size": 128,
    "beta1": 0.9,
    "beta2": 0.999,
    "concate": true,
    "corruption_dir": "./data",
    "dataset": "cifar10",
    "depth": 7,
    "eta_kl": 1.0,
    "eta_ksvd": 10.0,
    "gpu": "1",
    "hdim": 384,
    "ksvd_layers": 7,
    "low_rank": 10,
    "lr": 0.001,
    "min_lr": 1e-05,
    "model": "diffusion",
    "nb_cls": 10,
    "nb_epochs": 300,
    "nb_run": 1,
    "nb_worker": 4,
    "num_heads": 12,
    "pretrained_dir": "../experiments/CIFAR10_out/vit_out_cat",
    "rank_multi": 10,
    "save_dir": "../experiments/CIFAR10_out/diffusion",
    "seed": 0,
    "subcommand": "Cifar10",
    "test_dir": "../data/CIFAR10/test",
    "train_dir": "../data/CIFAR10/train",
    "val_dir": "../data/CIFAR10/val",
    "wandb_key": "6cf7b84d1bd52c9eb1e5eade43f583a8059231f2",
    "warmup_epoch": 5,
    "weight_decay": 5e-05
}
2024-12-22 18:46:34,912 INFO ####################################################################################################
1 / 1 Running
2024-12-22 18:46:34,923 INFO Using diffusion ...
2024-12-22 18:46:37,621 INFO Using q_distribution ...
2024-12-22 18:46:37,646 INFO ####### --- Training Epoch 0 --- #######
2024-12-22 18:47:12,895 INFO {
    "attn_type": "kep_svgp",
    "backbone": "mlp",
    "batch_size": 128,
    "beta1": 0.9,
    "beta2": 0.999,
    "concate": true,
    "corruption_dir": "./data",
    "dataset": "cifar10",
    "depth": 7,
    "eta_kl": 1.0,
    "eta_ksvd": 10.0,
    "gpu": "1",
    "hdim": 384,
    "ksvd_layers": 7,
    "low_rank": 10,
    "lr": 0.001,
    "min_lr": 1e-05,
    "model": "diffusion",
    "nb_cls": 10,
    "nb_epochs": 300,
    "nb_run": 1,
    "nb_worker": 4,
    "num_heads": 12,
    "pretrained_dir": "../experiments/CIFAR10_out/vit_out_cat",
    "rank_multi": 10,
    "save_dir": "../experiments/CIFAR10_out/diffusion",
    "seed": 0,
    "subcommand": "Cifar10",
    "test_dir": "../data/CIFAR10/test",
    "train_dir": "../data/CIFAR10/train",
    "val_dir": "../data/CIFAR10/val",
    "wandb_key": "6cf7b84d1bd52c9eb1e5eade43f583a8059231f2",
    "warmup_epoch": 5,
    "weight_decay": 5e-05
}
2024-12-22 18:47:13,063 INFO ####################################################################################################
1 / 1 Running
2024-12-22 18:47:13,074 INFO Using diffusion ...
2024-12-22 18:47:15,797 INFO Using q_distribution ...
2024-12-22 18:47:15,821 INFO ####### --- Training Epoch 0 --- #######
2024-12-22 18:47:29,307 INFO Epoch 0 	 Batch 99	LR : 0.00000	Tot. Loss: 2.48
2024-12-22 18:47:42,589 INFO Epoch 0 	 Batch 199	LR : 0.00000	Tot. Loss: 2.46
2024-12-22 18:47:55,978 INFO Epoch 0 	 Batch 299	LR : 0.00000	Tot. Loss: 2.46
2024-12-22 18:48:04,310 INFO ################## 
 ---> Validation Epoch 0	Acc.: 13.800	FPR: 91.647	AUROC: 61.071	AUPR: 89.688	AURC: 805.825	EAURC: 217.134	AUPR Succ.: 21.999	ECE: 70.204	NLL: 92.754	Brier: 148.651
2024-12-22 18:48:04,311 INFO Accuracy improved from 0.00 to 13.80!!!
2024-12-22 18:48:04,319 INFO AUROC improved from 0.00 to 61.07!!!
2024-12-22 18:48:04,326 INFO AURC decreased from 1000000.00 to 805.82!!!
2024-12-22 18:48:04,334 INFO ####### --- Training Epoch 1 --- #######
2024-12-22 18:49:21,806 INFO {
    "attn_type": "kep_svgp",
    "backbone": "mlp",
    "batch_size": 128,
    "beta1": 0.9,
    "beta2": 0.999,
    "concate": true,
    "corruption_dir": "./data",
    "dataset": "cifar10",
    "depth": 7,
    "eta_kl": 1.0,
    "eta_ksvd": 10.0,
    "gpu": "1",
    "hdim": 384,
    "ksvd_layers": 7,
    "low_rank": 10,
    "lr": 0.001,
    "min_lr": 1e-05,
    "model": "diffusion",
    "nb_cls": 10,
    "nb_epochs": 300,
    "nb_run": 1,
    "nb_worker": 4,
    "num_heads": 12,
    "pretrained_dir": "../experiments/CIFAR10_out/vit_out_cat",
    "rank_multi": 10,
    "save_dir": "../experiments/CIFAR10_out/diffusion",
    "seed": 0,
    "subcommand": "Cifar10",
    "test_dir": "../data/CIFAR10/test",
    "train_dir": "../data/CIFAR10/train",
    "val_dir": "../data/CIFAR10/val",
    "wandb_key": "6cf7b84d1bd52c9eb1e5eade43f583a8059231f2",
    "warmup_epoch": 5,
    "weight_decay": 5e-05
}
2024-12-22 18:49:21,956 INFO ####################################################################################################
1 / 1 Running
2024-12-22 18:49:21,973 INFO Using diffusion ...
2024-12-22 18:49:24,714 INFO Using q_distribution ...
2024-12-22 18:49:24,738 INFO ####### --- Training Epoch 0 --- #######
2024-12-22 18:49:43,428 INFO Epoch 0 	 Batch 99	LR : 0.00000	Tot. Loss: 2.46
2024-12-22 18:50:02,007 INFO Epoch 0 	 Batch 199	LR : 0.00000	Tot. Loss: 2.46
2024-12-22 18:50:20,779 INFO Epoch 0 	 Batch 299	LR : 0.00000	Tot. Loss: 2.47
2024-12-22 18:50:32,435 INFO ################## 
 ---> Validation Epoch 0	Acc.: 15.160	FPR: 92.126	AUROC: 62.278	AUPR: 88.876	AURC: 784.116	EAURC: 221.710	AUPR Succ.: 24.459	ECE: 60.054	NLL: 97.156	Brier: 135.550
2024-12-22 18:50:32,435 INFO Accuracy improved from 0.00 to 15.16!!!
2024-12-22 18:50:32,452 INFO AUROC improved from 0.00 to 62.28!!!
2024-12-22 18:50:32,466 INFO AURC decreased from 1000000.00 to 784.12!!!
2024-12-22 18:50:32,479 INFO ####### --- Training Epoch 1 --- #######
2024-12-22 18:50:51,759 INFO Epoch 1 	 Batch 99	LR : 0.00020	Tot. Loss: 1.65
2024-12-22 18:51:10,831 INFO Epoch 1 	 Batch 199	LR : 0.00020	Tot. Loss: 1.35
2024-12-22 18:51:29,992 INFO Epoch 1 	 Batch 299	LR : 0.00020	Tot. Loss: 1.32
2024-12-22 18:51:41,808 INFO ################## 
 ---> Validation Epoch 1	Acc.: 12.520	FPR: 93.164	AUROC: 60.026	AUPR: 90.302	AURC: 834.618	EAURC: 219.964	AUPR Succ.: 17.657	ECE: 43.504	NLL: 137.369	Brier: 126.139
2024-12-22 18:51:41,809 INFO ####### --- Training Epoch 2 --- #######
2024-12-22 18:52:01,308 INFO Epoch 2 	 Batch 99	LR : 0.00040	Tot. Loss: 1.30
2024-12-22 18:52:20,552 INFO Epoch 2 	 Batch 199	LR : 0.00040	Tot. Loss: 1.26
2024-12-22 18:52:39,823 INFO Epoch 2 	 Batch 299	LR : 0.00040	Tot. Loss: 1.26
2024-12-22 18:52:51,677 INFO ################## 
 ---> Validation Epoch 2	Acc.: 10.720	FPR: 96.550	AUROC: 50.197	AUPR: 89.014	AURC: 894.572	EAURC: 241.156	AUPR Succ.: 10.610	ECE: 58.603	NLL: 132.849	Brier: 134.596
2024-12-22 18:52:51,679 INFO ####### --- Training Epoch 3 --- #######
2024-12-22 18:53:11,253 INFO Epoch 3 	 Batch 99	LR : 0.00060	Tot. Loss: 1.25
2024-12-22 18:53:30,562 INFO Epoch 3 	 Batch 199	LR : 0.00060	Tot. Loss: 1.24
2024-12-22 18:53:49,900 INFO Epoch 3 	 Batch 299	LR : 0.00060	Tot. Loss: 1.24
2024-12-22 18:54:01,811 INFO ################## 
 ---> Validation Epoch 3	Acc.: 9.980	FPR: 92.691	AUROC: 48.622	AUPR: 90.186	AURC: 911.949	EAURC: 241.747	AUPR Succ.: 9.089	ECE: 71.867	NLL: 132.233	Brier: 149.095
2024-12-22 18:54:01,812 INFO ####### --- Training Epoch 4 --- #######
2024-12-22 18:54:21,471 INFO Epoch 4 	 Batch 99	LR : 0.00080	Tot. Loss: 1.23
2024-12-22 18:54:40,858 INFO Epoch 4 	 Batch 199	LR : 0.00080	Tot. Loss: 1.23
2024-12-22 18:55:00,254 INFO Epoch 4 	 Batch 299	LR : 0.00080	Tot. Loss: 1.23
2024-12-22 18:55:12,216 INFO ################## 
 ---> Validation Epoch 4	Acc.: 9.980	FPR: 94.846	AUROC: 42.749	AUPR: 88.700	AURC: 927.204	EAURC: 257.001	AUPR Succ.: 7.978	ECE: 75.647	NLL: 129.334	Brier: 155.005
2024-12-22 18:55:12,217 INFO ####### --- Training Epoch 5 --- #######
2024-12-22 18:55:31,908 INFO Epoch 5 	 Batch 99	LR : 0.00100	Tot. Loss: 1.22
2024-12-22 18:55:51,325 INFO Epoch 5 	 Batch 199	LR : 0.00100	Tot. Loss: 1.22
2024-12-22 18:56:10,740 INFO Epoch 5 	 Batch 299	LR : 0.00100	Tot. Loss: 1.23
2024-12-22 18:56:22,702 INFO ################## 
 ---> Validation Epoch 5	Acc.: 9.960	FPR: 95.224	AUROC: 40.582	AUPR: 88.289	AURC: 932.527	EAURC: 261.863	AUPR Succ.: 7.639	ECE: 77.590	NLL: 129.972	Brier: 158.118
2024-12-22 18:56:22,704 INFO ####### --- Training Epoch 6 --- #######
2024-12-22 18:56:42,412 INFO Epoch 6 	 Batch 99	LR : 0.00100	Tot. Loss: 1.22
2024-12-22 18:57:01,849 INFO Epoch 6 	 Batch 199	LR : 0.00100	Tot. Loss: 1.22
2024-12-22 18:57:21,274 INFO Epoch 6 	 Batch 299	LR : 0.00100	Tot. Loss: 1.21
2024-12-22 18:57:33,237 INFO ################## 
 ---> Validation Epoch 6	Acc.: 10.000	FPR: 95.400	AUROC: 38.308	AUPR: 87.602	AURC: 936.915	EAURC: 267.173	AUPR Succ.: 7.377	ECE: 72.946	NLL: 129.721	Brier: 151.400
2024-12-22 18:57:33,238 INFO ####### --- Training Epoch 7 --- #######
2024-12-22 18:57:52,961 INFO Epoch 7 	 Batch 99	LR : 0.00100	Tot. Loss: 1.21
2024-12-22 18:58:12,396 INFO Epoch 7 	 Batch 199	LR : 0.00100	Tot. Loss: 1.21
2024-12-22 18:58:31,834 INFO Epoch 7 	 Batch 299	LR : 0.00100	Tot. Loss: 1.21
2024-12-22 18:58:43,793 INFO ################## 
 ---> Validation Epoch 7	Acc.: 9.980	FPR: 95.290	AUROC: 39.670	AUPR: 88.015	AURC: 934.187	EAURC: 263.985	AUPR Succ.: 7.533	ECE: 79.942	NLL: 135.514	Brier: 161.724
2024-12-22 18:58:43,795 INFO ####### --- Training Epoch 8 --- #######
2024-12-22 18:59:03,542 INFO Epoch 8 	 Batch 99	LR : 0.00100	Tot. Loss: 1.21
2024-12-22 18:59:22,995 INFO Epoch 8 	 Batch 199	LR : 0.00100	Tot. Loss: 1.21
2024-12-22 18:59:42,448 INFO Epoch 8 	 Batch 299	LR : 0.00100	Tot. Loss: 1.20
2024-12-22 18:59:54,481 INFO ################## 
 ---> Validation Epoch 8	Acc.: 10.140	FPR: 96.951	AUROC: 33.121	AUPR: 85.699	AURC: 945.112	EAURC: 278.584	AUPR Succ.: 6.926	ECE: 62.862	NLL: 127.324	Brier: 140.004
2024-12-22 18:59:54,483 INFO ####### --- Training Epoch 9 --- #######
2024-12-22 19:00:14,234 INFO Epoch 9 	 Batch 99	LR : 0.00100	Tot. Loss: 1.21
2024-12-22 19:00:33,702 INFO Epoch 9 	 Batch 199	LR : 0.00100	Tot. Loss: 1.21
2024-12-22 19:00:53,160 INFO Epoch 9 	 Batch 299	LR : 0.00100	Tot. Loss: 1.20
2024-12-22 19:01:05,136 INFO ################## 
 ---> Validation Epoch 9	Acc.: 10.100	FPR: 96.307	AUROC: 35.158	AUPR: 86.514	AURC: 941.277	EAURC: 273.833	AUPR Succ.: 7.111	ECE: 54.167	NLL: 129.592	Brier: 133.102
2024-12-22 19:01:05,138 INFO ####### --- Training Epoch 10 --- #######
2024-12-22 19:01:24,878 INFO Epoch 10 	 Batch 99	LR : 0.00100	Tot. Loss: 1.21
2024-12-22 19:01:44,335 INFO Epoch 10 	 Batch 199	LR : 0.00100	Tot. Loss: 1.20
2024-12-22 19:02:03,801 INFO Epoch 10 	 Batch 299	LR : 0.00100	Tot. Loss: 1.21
2024-12-22 19:02:15,797 INFO ################## 
 ---> Validation Epoch 10	Acc.: 10.200	FPR: 96.793	AUROC: 35.463	AUPR: 86.381	AURC: 939.552	EAURC: 274.396	AUPR Succ.: 7.225	ECE: 54.415	NLL: 128.819	Brier: 133.570
2024-12-22 19:02:15,799 INFO ####### --- Training Epoch 11 --- #######
2024-12-22 19:02:35,550 INFO Epoch 11 	 Batch 99	LR : 0.00100	Tot. Loss: 1.21
2024-12-22 19:02:55,017 INFO Epoch 11 	 Batch 199	LR : 0.00100	Tot. Loss: 1.21
2024-12-22 19:03:14,482 INFO Epoch 11 	 Batch 299	LR : 0.00100	Tot. Loss: 1.20
2024-12-22 19:03:26,452 INFO ################## 
 ---> Validation Epoch 11	Acc.: 9.800	FPR: 96.297	AUROC: 36.660	AUPR: 87.359	AURC: 940.349	EAURC: 265.983	AUPR Succ.: 7.054	ECE: 50.748	NLL: 129.223	Brier: 129.989
2024-12-22 19:03:26,454 INFO ####### --- Training Epoch 12 --- #######
2024-12-22 19:03:46,202 INFO Epoch 12 	 Batch 99	LR : 0.00100	Tot. Loss: 1.20
2024-12-22 19:04:05,678 INFO Epoch 12 	 Batch 199	LR : 0.00100	Tot. Loss: 1.21
2024-12-22 19:04:25,157 INFO Epoch 12 	 Batch 299	LR : 0.00100	Tot. Loss: 1.20
2024-12-22 19:04:37,130 INFO ################## 
 ---> Validation Epoch 12	Acc.: 9.800	FPR: 96.275	AUROC: 44.522	AUPR: 88.736	AURC: 920.406	EAURC: 246.040	AUPR Succ.: 8.292	ECE: 46.245	NLL: 131.092	Brier: 128.021
2024-12-22 19:04:37,132 INFO ####### --- Training Epoch 13 --- #######
2024-12-22 19:04:56,893 INFO Epoch 13 	 Batch 99	LR : 0.00100	Tot. Loss: 1.20
2024-12-22 19:05:16,381 INFO Epoch 13 	 Batch 199	LR : 0.00100	Tot. Loss: 1.21
2024-12-22 19:05:35,855 INFO Epoch 13 	 Batch 299	LR : 0.00100	Tot. Loss: 1.20
2024-12-22 19:05:47,829 INFO ################## 
 ---> Validation Epoch 13	Acc.: 9.740	FPR: 95.834	AUROC: 54.573	AUPR: 90.946	AURC: 883.121	EAURC: 207.358	AUPR Succ.: 12.252	ECE: 48.211	NLL: 131.952	Brier: 129.095
2024-12-22 19:05:47,830 INFO ####### --- Training Epoch 14 --- #######
2024-12-22 19:06:07,603 INFO Epoch 14 	 Batch 99	LR : 0.00100	Tot. Loss: 1.20
2024-12-22 19:06:27,071 INFO Epoch 14 	 Batch 199	LR : 0.00100	Tot. Loss: 1.20
2024-12-22 19:06:46,553 INFO Epoch 14 	 Batch 299	LR : 0.00100	Tot. Loss: 1.20
2024-12-22 19:06:58,552 INFO ################## 
 ---> Validation Epoch 14	Acc.: 9.720	FPR: 92.401	AUROC: 54.887	AUPR: 91.275	AURC: 883.206	EAURC: 206.978	AUPR Succ.: 12.238	ECE: 50.833	NLL: 136.584	Brier: 131.337
2024-12-22 19:06:58,553 INFO ####### --- Training Epoch 15 --- #######
2024-12-22 19:07:18,312 INFO Epoch 15 	 Batch 99	LR : 0.00100	Tot. Loss: 1.20
2024-12-22 19:07:37,777 INFO Epoch 15 	 Batch 199	LR : 0.00100	Tot. Loss: 1.20
2024-12-22 19:07:57,257 INFO Epoch 15 	 Batch 299	LR : 0.00100	Tot. Loss: 1.20
2024-12-22 19:08:09,250 INFO ################## 
 ---> Validation Epoch 15	Acc.: 10.000	FPR: 94.889	AUROC: 53.980	AUPR: 90.592	AURC: 882.179	EAURC: 212.437	AUPR Succ.: 12.289	ECE: 51.501	NLL: 132.882	Brier: 131.923
2024-12-22 19:08:09,252 INFO ####### --- Training Epoch 16 --- #######
2024-12-22 19:08:29,031 INFO Epoch 16 	 Batch 99	LR : 0.00100	Tot. Loss: 1.20
2024-12-22 19:08:48,539 INFO Epoch 16 	 Batch 199	LR : 0.00100	Tot. Loss: 1.20
2024-12-22 19:09:08,032 INFO Epoch 16 	 Batch 299	LR : 0.00100	Tot. Loss: 1.19
2024-12-22 19:09:20,018 INFO ################## 
 ---> Validation Epoch 16	Acc.: 10.040	FPR: 91.129	AUROC: 57.247	AUPR: 91.743	AURC: 875.346	EAURC: 206.524	AUPR Succ.: 13.087	ECE: 59.996	NLL: 136.911	Brier: 137.825
2024-12-22 19:09:20,020 INFO ####### --- Training Epoch 17 --- #######
2024-12-22 19:09:39,808 INFO Epoch 17 	 Batch 99	LR : 0.00100	Tot. Loss: 1.20
2024-12-22 19:09:59,272 INFO Epoch 17 	 Batch 199	LR : 0.00100	Tot. Loss: 1.20
2024-12-22 19:10:18,734 INFO Epoch 17 	 Batch 299	LR : 0.00100	Tot. Loss: 1.20
2024-12-22 19:10:30,702 INFO ################## 
 ---> Validation Epoch 17	Acc.: 10.140	FPR: 91.988	AUROC: 55.879	AUPR: 91.402	AURC: 879.448	EAURC: 212.920	AUPR Succ.: 12.424	ECE: 69.049	NLL: 138.385	Brier: 147.364
2024-12-22 19:10:30,704 INFO ####### --- Training Epoch 18 --- #######
2024-12-22 19:10:50,461 INFO Epoch 18 	 Batch 99	LR : 0.00100	Tot. Loss: 1.20
2024-12-22 19:11:09,899 INFO Epoch 18 	 Batch 199	LR : 0.00100	Tot. Loss: 1.20
2024-12-22 19:11:29,341 INFO Epoch 18 	 Batch 299	LR : 0.00100	Tot. Loss: 1.20
2024-12-22 19:11:41,309 INFO ################## 
 ---> Validation Epoch 18	Acc.: 10.100	FPR: 90.945	AUROC: 57.400	AUPR: 91.986	AURC: 874.885	EAURC: 207.441	AUPR Succ.: 13.070	ECE: 65.821	NLL: 137.540	Brier: 143.352
2024-12-22 19:11:41,310 INFO ####### --- Training Epoch 19 --- #######
2024-12-22 19:12:01,013 INFO Epoch 19 	 Batch 99	LR : 0.00100	Tot. Loss: 1.20
2024-12-22 19:12:20,428 INFO Epoch 19 	 Batch 199	LR : 0.00100	Tot. Loss: 1.20
2024-12-22 19:12:39,837 INFO Epoch 19 	 Batch 299	LR : 0.00100	Tot. Loss: 1.19
2024-12-22 19:12:51,789 INFO ################## 
 ---> Validation Epoch 19	Acc.: 10.160	FPR: 93.522	AUROC: 54.869	AUPR: 91.042	AURC: 882.757	EAURC: 216.687	AUPR Succ.: 11.987	ECE: 70.201	NLL: 137.958	Brier: 148.778
2024-12-22 19:12:51,790 INFO ####### --- Training Epoch 20 --- #######
2024-12-22 19:13:11,493 INFO Epoch 20 	 Batch 99	LR : 0.00099	Tot. Loss: 1.19
2024-12-22 19:13:30,901 INFO Epoch 20 	 Batch 199	LR : 0.00099	Tot. Loss: 1.20
2024-12-22 19:13:50,312 INFO Epoch 20 	 Batch 299	LR : 0.00099	Tot. Loss: 1.19
2024-12-22 19:14:02,286 INFO ################## 
 ---> Validation Epoch 20	Acc.: 10.220	FPR: 92.448	AUROC: 57.135	AUPR: 91.378	AURC: 871.956	EAURC: 207.256	AUPR Succ.: 13.592	ECE: 64.783	NLL: 140.795	Brier: 142.666
2024-12-22 19:14:02,288 INFO ####### --- Training Epoch 21 --- #######
2024-12-22 19:14:21,984 INFO Epoch 21 	 Batch 99	LR : 0.00099	Tot. Loss: 1.19
2024-12-22 19:14:41,392 INFO Epoch 21 	 Batch 199	LR : 0.00099	Tot. Loss: 1.19
2024-12-22 19:15:00,794 INFO Epoch 21 	 Batch 299	LR : 0.00099	Tot. Loss: 1.20
2024-12-22 19:15:12,743 INFO ################## 
 ---> Validation Epoch 21	Acc.: 10.160	FPR: 92.654	AUROC: 57.584	AUPR: 91.764	AURC: 872.546	EAURC: 206.476	AUPR Succ.: 13.407	ECE: 65.955	NLL: 141.187	Brier: 143.660
2024-12-22 19:15:12,744 INFO ####### --- Training Epoch 22 --- #######
2024-12-22 19:15:32,438 INFO Epoch 22 	 Batch 99	LR : 0.00099	Tot. Loss: 1.19
2024-12-22 19:15:51,837 INFO Epoch 22 	 Batch 199	LR : 0.00099	Tot. Loss: 1.19
2024-12-22 19:16:11,240 INFO Epoch 22 	 Batch 299	LR : 0.00099	Tot. Loss: 1.20
2024-12-22 19:16:23,187 INFO ################## 
 ---> Validation Epoch 22	Acc.: 10.140	FPR: 91.142	AUROC: 56.743	AUPR: 91.605	AURC: 874.843	EAURC: 208.316	AUPR Succ.: 13.142	ECE: 65.081	NLL: 141.252	Brier: 142.983
2024-12-22 19:16:23,188 INFO ####### --- Training Epoch 23 --- #######
2024-12-22 19:16:42,881 INFO Epoch 23 	 Batch 99	LR : 0.00099	Tot. Loss: 1.19
2024-12-22 19:17:02,282 INFO Epoch 23 	 Batch 199	LR : 0.00099	Tot. Loss: 1.19
2024-12-22 19:17:21,672 INFO Epoch 23 	 Batch 299	LR : 0.00099	Tot. Loss: 1.20
2024-12-22 19:17:33,626 INFO ################## 
 ---> Validation Epoch 23	Acc.: 10.200	FPR: 90.356	AUROC: 57.993	AUPR: 91.662	AURC: 867.968	EAURC: 202.812	AUPR Succ.: 14.269	ECE: 63.886	NLL: 139.460	Brier: 141.728
2024-12-22 19:17:33,627 INFO ####### --- Training Epoch 24 --- #######
2024-12-22 19:17:53,339 INFO Epoch 24 	 Batch 99	LR : 0.00099	Tot. Loss: 1.19
2024-12-22 19:18:12,728 INFO Epoch 24 	 Batch 199	LR : 0.00099	Tot. Loss: 1.19
2024-12-22 19:18:32,131 INFO Epoch 24 	 Batch 299	LR : 0.00099	Tot. Loss: 1.19
2024-12-22 19:18:44,095 INFO ################## 
 ---> Validation Epoch 24	Acc.: 10.220	FPR: 91.290	AUROC: 58.155	AUPR: 91.702	AURC: 868.301	EAURC: 203.601	AUPR Succ.: 14.138	ECE: 64.301	NLL: 139.363	Brier: 141.823
2024-12-22 19:18:44,096 INFO ####### --- Training Epoch 25 --- #######
2024-12-22 19:19:03,798 INFO Epoch 25 	 Batch 99	LR : 0.00099	Tot. Loss: 1.19
2024-12-22 19:19:23,205 INFO Epoch 25 	 Batch 199	LR : 0.00099	Tot. Loss: 1.19
2024-12-22 19:19:42,599 INFO Epoch 25 	 Batch 299	LR : 0.00099	Tot. Loss: 1.20
2024-12-22 19:19:54,539 INFO ################## 
 ---> Validation Epoch 25	Acc.: 10.160	FPR: 92.965	AUROC: 55.869	AUPR: 91.333	AURC: 878.116	EAURC: 212.046	AUPR Succ.: 12.610	ECE: 66.699	NLL: 141.038	Brier: 144.637
2024-12-22 19:19:54,540 INFO ####### --- Training Epoch 26 --- #######
2024-12-22 19:20:14,228 INFO Epoch 26 	 Batch 99	LR : 0.00099	Tot. Loss: 1.19
2024-12-22 19:20:33,617 INFO Epoch 26 	 Batch 199	LR : 0.00099	Tot. Loss: 1.18
2024-12-22 19:20:53,007 INFO Epoch 26 	 Batch 299	LR : 0.00099	Tot. Loss: 1.19
2024-12-22 19:21:04,929 INFO ################## 
 ---> Validation Epoch 26	Acc.: 10.080	FPR: 89.190	AUROC: 58.389	AUPR: 92.106	AURC: 870.711	EAURC: 202.808	AUPR Succ.: 13.723	ECE: 62.216	NLL: 140.271	Brier: 139.678
2024-12-22 19:21:04,930 INFO ####### --- Training Epoch 27 --- #######
2024-12-22 19:21:24,593 INFO Epoch 27 	 Batch 99	LR : 0.00099	Tot. Loss: 1.19
2024-12-22 19:21:43,976 INFO Epoch 27 	 Batch 199	LR : 0.00099	Tot. Loss: 1.19
2024-12-22 19:22:03,356 INFO Epoch 27 	 Batch 299	LR : 0.00099	Tot. Loss: 1.18
2024-12-22 19:22:15,301 INFO ################## 
 ---> Validation Epoch 27	Acc.: 10.140	FPR: 92.388	AUROC: 55.717	AUPR: 91.398	AURC: 878.416	EAURC: 211.888	AUPR Succ.: 12.611	ECE: 67.658	NLL: 142.038	Brier: 145.918
2024-12-22 19:22:15,302 INFO ####### --- Training Epoch 28 --- #######
2024-12-22 19:22:34,975 INFO Epoch 28 	 Batch 99	LR : 0.00099	Tot. Loss: 1.18
2024-12-22 19:22:54,359 INFO Epoch 28 	 Batch 199	LR : 0.00099	Tot. Loss: 1.18
2024-12-22 19:23:13,745 INFO Epoch 28 	 Batch 299	LR : 0.00099	Tot. Loss: 1.19
2024-12-22 19:23:25,681 INFO ################## 
 ---> Validation Epoch 28	Acc.: 10.240	FPR: 90.642	AUROC: 57.189	AUPR: 91.534	AURC: 871.557	EAURC: 207.314	AUPR Succ.: 13.594	ECE: 60.629	NLL: 142.002	Brier: 138.789
2024-12-22 19:23:25,682 INFO ####### --- Training Epoch 29 --- #######
2024-12-22 19:23:45,334 INFO Epoch 29 	 Batch 99	LR : 0.00099	Tot. Loss: 1.19
2024-12-22 19:24:04,711 INFO Epoch 29 	 Batch 199	LR : 0.00099	Tot. Loss: 1.19
2024-12-22 19:24:24,086 INFO Epoch 29 	 Batch 299	LR : 0.00099	Tot. Loss: 1.19
2024-12-22 19:24:36,026 INFO ################## 
 ---> Validation Epoch 29	Acc.: 10.160	FPR: 90.516	AUROC: 57.284	AUPR: 91.564	AURC: 871.493	EAURC: 205.423	AUPR Succ.: 13.658	ECE: 63.967	NLL: 139.032	Brier: 141.675
2024-12-22 19:24:36,027 INFO ####### --- Training Epoch 30 --- #######
2024-12-22 19:24:55,718 INFO Epoch 30 	 Batch 99	LR : 0.00098	Tot. Loss: 1.18
2024-12-22 19:25:15,089 INFO Epoch 30 	 Batch 199	LR : 0.00098	Tot. Loss: 1.18
2024-12-22 19:25:34,464 INFO Epoch 30 	 Batch 299	LR : 0.00098	Tot. Loss: 1.19
2024-12-22 19:25:46,416 INFO ################## 
 ---> Validation Epoch 30	Acc.: 10.060	FPR: 88.059	AUROC: 57.875	AUPR: 92.013	AURC: 872.458	EAURC: 204.097	AUPR Succ.: 13.480	ECE: 60.849	NLL: 136.082	Brier: 138.059
2024-12-22 19:25:46,417 INFO ####### --- Training Epoch 31 --- #######
2024-12-22 19:26:06,076 INFO Epoch 31 	 Batch 99	LR : 0.00098	Tot. Loss: 1.19
2024-12-22 19:26:25,447 INFO Epoch 31 	 Batch 199	LR : 0.00098	Tot. Loss: 1.18
2024-12-22 19:26:44,839 INFO Epoch 31 	 Batch 299	LR : 0.00098	Tot. Loss: 1.19
2024-12-22 19:26:56,741 INFO ################## 
 ---> Validation Epoch 31	Acc.: 10.160	FPR: 90.650	AUROC: 57.480	AUPR: 91.777	AURC: 871.441	EAURC: 205.371	AUPR Succ.: 13.632	ECE: 58.076	NLL: 137.084	Brier: 136.107
2024-12-22 19:26:56,742 INFO ####### --- Training Epoch 32 --- #######
2024-12-22 19:27:16,433 INFO Epoch 32 	 Batch 99	LR : 0.00098	Tot. Loss: 1.19
2024-12-22 19:27:35,808 INFO Epoch 32 	 Batch 199	LR : 0.00098	Tot. Loss: 1.18
2024-12-22 19:27:55,182 INFO Epoch 32 	 Batch 299	LR : 0.00098	Tot. Loss: 1.18
2024-12-22 19:28:07,096 INFO ################## 
 ---> Validation Epoch 32	Acc.: 10.100	FPR: 90.857	AUROC: 56.751	AUPR: 91.565	AURC: 875.311	EAURC: 207.867	AUPR Succ.: 13.059	ECE: 57.753	NLL: 137.305	Brier: 135.826
2024-12-22 19:28:07,097 INFO ####### --- Training Epoch 33 --- #######
2024-12-22 19:28:26,766 INFO Epoch 33 	 Batch 99	LR : 0.00098	Tot. Loss: 1.19
2024-12-22 19:28:46,141 INFO Epoch 33 	 Batch 199	LR : 0.00098	Tot. Loss: 1.18
2024-12-22 19:29:05,515 INFO Epoch 33 	 Batch 299	LR : 0.00098	Tot. Loss: 1.19
2024-12-22 19:29:17,457 INFO ################## 
 ---> Validation Epoch 33	Acc.: 10.180	FPR: 91.227	AUROC: 56.614	AUPR: 91.488	AURC: 875.117	EAURC: 209.504	AUPR Succ.: 13.013	ECE: 56.241	NLL: 135.988	Brier: 134.504
2024-12-22 19:29:17,459 INFO ####### --- Training Epoch 34 --- #######
2024-12-22 19:29:37,126 INFO Epoch 34 	 Batch 99	LR : 0.00098	Tot. Loss: 1.18
2024-12-22 19:29:56,513 INFO Epoch 34 	 Batch 199	LR : 0.00098	Tot. Loss: 1.18
2024-12-22 19:30:15,900 INFO Epoch 34 	 Batch 299	LR : 0.00098	Tot. Loss: 1.18
2024-12-22 19:30:27,868 INFO ################## 
 ---> Validation Epoch 34	Acc.: 10.080	FPR: 89.457	AUROC: 57.392	AUPR: 91.906	AURC: 873.643	EAURC: 205.740	AUPR Succ.: 13.308	ECE: 60.438	NLL: 137.880	Brier: 137.691
2024-12-22 19:30:27,870 INFO ####### --- Training Epoch 35 --- #######
2024-12-22 19:30:47,534 INFO Epoch 35 	 Batch 99	LR : 0.00098	Tot. Loss: 1.19
2024-12-22 19:31:06,903 INFO Epoch 35 	 Batch 199	LR : 0.00098	Tot. Loss: 1.18
2024-12-22 19:31:26,275 INFO Epoch 35 	 Batch 299	LR : 0.00098	Tot. Loss: 1.18
2024-12-22 19:31:38,220 INFO ################## 
 ---> Validation Epoch 35	Acc.: 10.120	FPR: 91.055	AUROC: 56.814	AUPR: 91.717	AURC: 876.546	EAURC: 209.561	AUPR Succ.: 12.812	ECE: 56.922	NLL: 134.163	Brier: 134.919
2024-12-22 19:31:38,221 INFO ####### --- Training Epoch 36 --- #######
2024-12-22 19:31:57,894 INFO Epoch 36 	 Batch 99	LR : 0.00098	Tot. Loss: 1.19
2024-12-22 19:32:17,265 INFO Epoch 36 	 Batch 199	LR : 0.00098	Tot. Loss: 1.18
2024-12-22 19:32:36,644 INFO Epoch 36 	 Batch 299	LR : 0.00098	Tot. Loss: 1.18
2024-12-22 19:32:48,574 INFO ################## 
 ---> Validation Epoch 36	Acc.: 10.100	FPR: 92.258	AUROC: 57.235	AUPR: 91.873	AURC: 874.387	EAURC: 206.943	AUPR Succ.: 13.138	ECE: 68.253	NLL: 134.930	Brier: 145.808
2024-12-22 19:32:48,575 INFO ####### --- Training Epoch 37 --- #######
2024-12-22 19:33:08,230 INFO Epoch 37 	 Batch 99	LR : 0.00097	Tot. Loss: 1.18
2024-12-22 19:33:27,608 INFO Epoch 37 	 Batch 199	LR : 0.00097	Tot. Loss: 1.19
2024-12-22 19:33:46,993 INFO Epoch 37 	 Batch 299	LR : 0.00097	Tot. Loss: 1.18
2024-12-22 19:33:58,947 INFO ################## 
 ---> Validation Epoch 37	Acc.: 10.100	FPR: 90.211	AUROC: 56.250	AUPR: 91.603	AURC: 878.301	EAURC: 210.857	AUPR Succ.: 12.576	ECE: 62.169	NLL: 134.845	Brier: 139.613
2024-12-22 19:33:58,949 INFO ####### --- Training Epoch 38 --- #######
2024-12-22 19:34:18,621 INFO Epoch 38 	 Batch 99	LR : 0.00097	Tot. Loss: 1.18
2024-12-22 19:34:38,013 INFO Epoch 38 	 Batch 199	LR : 0.00097	Tot. Loss: 1.18
2024-12-22 19:34:57,395 INFO Epoch 38 	 Batch 299	LR : 0.00097	Tot. Loss: 1.18
2024-12-22 19:35:09,353 INFO ################## 
 ---> Validation Epoch 38	Acc.: 10.300	FPR: 93.311	AUROC: 55.973	AUPR: 90.992	AURC: 873.495	EAURC: 210.617	AUPR Succ.: 13.295	ECE: 56.319	NLL: 134.227	Brier: 134.677
2024-12-22 19:35:09,354 INFO ####### --- Training Epoch 39 --- #######
2024-12-22 19:35:29,014 INFO Epoch 39 	 Batch 99	LR : 0.00097	Tot. Loss: 1.18
2024-12-22 19:35:48,412 INFO Epoch 39 	 Batch 199	LR : 0.00097	Tot. Loss: 1.18
2024-12-22 19:36:07,798 INFO Epoch 39 	 Batch 299	LR : 0.00097	Tot. Loss: 1.18
2024-12-22 19:36:19,736 INFO ################## 
 ---> Validation Epoch 39	Acc.: 10.240	FPR: 92.558	AUROC: 57.316	AUPR: 91.521	AURC: 871.799	EAURC: 207.555	AUPR Succ.: 13.485	ECE: 61.805	NLL: 134.181	Brier: 139.128
2024-12-22 19:36:19,737 INFO ####### --- Training Epoch 40 --- #######
2024-12-22 19:36:39,425 INFO Epoch 40 	 Batch 99	LR : 0.00097	Tot. Loss: 1.18
2024-12-22 19:36:53,933 INFO {
    "attn_type": "kep_svgp",
    "backbone": "mlp",
    "batch_size": 128,
    "beta1": 0.9,
    "beta2": 0.999,
    "concate": true,
    "corruption_dir": "./data",
    "dataset": "cifar10",
    "depth": 7,
    "eta_kl": 1.0,
    "eta_ksvd": 10.0,
    "gpu": "1",
    "hdim": 384,
    "ksvd_layers": 7,
    "low_rank": 10,
    "lr": 0.001,
    "min_lr": 1e-05,
    "model": "diffusion",
    "nb_cls": 10,
    "nb_epochs": 300,
    "nb_run": 1,
    "nb_worker": 4,
    "num_heads": 12,
    "pretrained_dir": "../experiments/CIFAR10_out/vit_out_cat",
    "rank_multi": 10,
    "save_dir": "../experiments/CIFAR10_out/diffusion",
    "seed": 0,
    "subcommand": "Cifar10",
    "test_dir": "../data/CIFAR10/test",
    "train_dir": "../data/CIFAR10/train",
    "val_dir": "../data/CIFAR10/val",
    "wandb_key": "6cf7b84d1bd52c9eb1e5eade43f583a8059231f2",
    "warmup_epoch": 5,
    "weight_decay": 5e-05
}
2024-12-22 19:36:54,083 INFO ####################################################################################################
1 / 1 Running
2024-12-22 19:36:54,100 INFO Using diffusion ...
2024-12-22 19:36:56,805 INFO Using q_distribution ...
2024-12-22 19:36:56,829 INFO ####### --- Training Epoch 0 --- #######
2024-12-22 19:37:49,254 INFO {
    "attn_type": "kep_svgp",
    "backbone": "mlp",
    "batch_size": 128,
    "beta1": 0.9,
    "beta2": 0.999,
    "concate": true,
    "corruption_dir": "./data",
    "dataset": "cifar10",
    "depth": 7,
    "eta_kl": 1.0,
    "eta_ksvd": 10.0,
    "gpu": "1",
    "hdim": 384,
    "ksvd_layers": 7,
    "low_rank": 10,
    "lr": 0.001,
    "min_lr": 1e-05,
    "model": "diffusion",
    "nb_cls": 10,
    "nb_epochs": 300,
    "nb_run": 1,
    "nb_worker": 4,
    "num_heads": 12,
    "pretrained_dir": "../experiments/CIFAR10_out/vit_out_cat",
    "rank_multi": 10,
    "save_dir": "../experiments/CIFAR10_out/diffusion",
    "seed": 0,
    "subcommand": "Cifar10",
    "test_dir": "../data/CIFAR10/test",
    "train_dir": "../data/CIFAR10/train",
    "val_dir": "../data/CIFAR10/val",
    "wandb_key": "6cf7b84d1bd52c9eb1e5eade43f583a8059231f2",
    "warmup_epoch": 5,
    "weight_decay": 5e-05
}
2024-12-22 19:37:49,404 INFO ####################################################################################################
1 / 1 Running
2024-12-22 19:37:49,421 INFO Using diffusion ...
2024-12-22 19:37:52,136 INFO Using q_distribution ...
2024-12-22 19:37:52,160 INFO ####### --- Training Epoch 0 --- #######
2024-12-22 19:38:10,782 INFO Epoch 0 	 Batch 99	LR : 0.00000	Tot. Loss: 0.76
2024-12-22 19:38:29,288 INFO Epoch 0 	 Batch 199	LR : 0.00000	Tot. Loss: 0.76
2024-12-22 19:38:47,968 INFO Epoch 0 	 Batch 299	LR : 0.00000	Tot. Loss: 0.76
2024-12-22 19:38:59,605 INFO ################## 
 ---> Validation Epoch 0	Acc.: 15.160	FPR: 92.126	AUROC: 62.278	AUPR: 88.876	AURC: 784.116	EAURC: 221.710	AUPR Succ.: 24.459	ECE: 60.054	NLL: 97.156	Brier: 135.550
2024-12-22 19:38:59,606 INFO Accuracy improved from 0.00 to 15.16!!!
2024-12-22 19:38:59,623 INFO AUROC improved from 0.00 to 62.28!!!
2024-12-22 19:38:59,636 INFO AURC decreased from 1000000.00 to 784.12!!!
2024-12-22 19:38:59,651 INFO ####### --- Training Epoch 1 --- #######
2024-12-22 19:39:18,759 INFO Epoch 1 	 Batch 99	LR : 0.00020	Tot. Loss: 0.58
2024-12-22 19:39:37,638 INFO Epoch 1 	 Batch 199	LR : 0.00020	Tot. Loss: 0.43
2024-12-22 19:39:56,601 INFO Epoch 1 	 Batch 299	LR : 0.00020	Tot. Loss: 0.37
2024-12-22 19:40:08,361 INFO ################## 
 ---> Validation Epoch 1	Acc.: 44.540	FPR: 84.529	AUROC: 71.431	AUPR: 72.469	AURC: 364.731	EAURC: 170.363	AUPR Succ.: 70.150	ECE: 24.724	NLL: 20.898	Brier: 76.531
2024-12-22 19:40:08,362 INFO Accuracy improved from 15.16 to 44.54!!!
2024-12-22 19:40:08,378 INFO AUROC improved from 62.28 to 71.43!!!
2024-12-22 19:40:08,391 INFO AURC decreased from 784.12 to 364.73!!!
2024-12-22 19:40:08,544 INFO ####### --- Training Epoch 2 --- #######
2024-12-22 19:40:27,856 INFO Epoch 2 	 Batch 99	LR : 0.00040	Tot. Loss: 0.32
2024-12-22 19:40:46,888 INFO Epoch 2 	 Batch 199	LR : 0.00040	Tot. Loss: 0.29
2024-12-22 19:41:05,935 INFO Epoch 2 	 Batch 299	LR : 0.00040	Tot. Loss: 0.27
2024-12-22 19:41:17,721 INFO ################## 
 ---> Validation Epoch 2	Acc.: 64.480	FPR: 81.419	AUROC: 76.631	AUPR: 59.297	AURC: 169.780	EAURC: 97.528	AUPR Succ.: 86.633	ECE: 14.233	NLL: 11.698	Brier: 50.829
2024-12-22 19:41:17,721 INFO Accuracy improved from 44.54 to 64.48!!!
2024-12-22 19:41:17,737 INFO AUROC improved from 71.43 to 76.63!!!
2024-12-22 19:41:17,751 INFO AURC decreased from 364.73 to 169.78!!!
2024-12-22 19:41:17,765 INFO ####### --- Training Epoch 3 --- #######
2024-12-22 19:41:37,127 INFO Epoch 3 	 Batch 99	LR : 0.00060	Tot. Loss: 0.25
2024-12-22 19:41:56,172 INFO Epoch 3 	 Batch 199	LR : 0.00060	Tot. Loss: 0.24
2024-12-22 19:42:15,229 INFO Epoch 3 	 Batch 299	LR : 0.00060	Tot. Loss: 0.23
2024-12-22 19:42:26,994 INFO ################## 
 ---> Validation Epoch 3	Acc.: 73.220	FPR: 75.803	AUROC: 80.467	AUPR: 56.284	AURC: 101.632	EAURC: 62.060	AUPR Succ.: 92.186	ECE: 10.173	NLL: 8.574	Brier: 38.824
2024-12-22 19:42:26,995 INFO Accuracy improved from 64.48 to 73.22!!!
2024-12-22 19:42:27,011 INFO AUROC improved from 76.63 to 80.47!!!
2024-12-22 19:42:27,024 INFO AURC decreased from 169.78 to 101.63!!!
2024-12-22 19:42:27,038 INFO ####### --- Training Epoch 4 --- #######
2024-12-22 19:42:46,415 INFO Epoch 4 	 Batch 99	LR : 0.00080	Tot. Loss: 0.22
2024-12-22 19:43:05,493 INFO Epoch 4 	 Batch 199	LR : 0.00080	Tot. Loss: 0.22
2024-12-22 19:43:24,572 INFO Epoch 4 	 Batch 299	LR : 0.00080	Tot. Loss: 0.21
2024-12-22 19:43:36,364 INFO ################## 
 ---> Validation Epoch 4	Acc.: 74.160	FPR: 75.851	AUROC: 80.701	AUPR: 54.626	AURC: 95.571	EAURC: 58.869	AUPR Succ.: 92.661	ECE: 10.295	NLL: 8.259	Brier: 37.796
2024-12-22 19:43:36,364 INFO Accuracy improved from 73.22 to 74.16!!!
2024-12-22 19:43:36,380 INFO AUROC improved from 80.47 to 80.70!!!
2024-12-22 19:43:36,393 INFO AURC decreased from 101.63 to 95.57!!!
2024-12-22 19:43:36,408 INFO ####### --- Training Epoch 5 --- #######
2024-12-22 19:43:55,782 INFO Epoch 5 	 Batch 99	LR : 0.00100	Tot. Loss: 0.21
2024-12-22 19:44:14,863 INFO Epoch 5 	 Batch 199	LR : 0.00100	Tot. Loss: 0.20
2024-12-22 19:44:33,947 INFO Epoch 5 	 Batch 299	LR : 0.00100	Tot. Loss: 0.20
2024-12-22 19:44:45,715 INFO ################## 
 ---> Validation Epoch 5	Acc.: 75.680	FPR: 75.247	AUROC: 82.446	AUPR: 55.528	AURC: 82.240	EAURC: 49.927	AUPR Succ.: 93.855	ECE: 9.615	NLL: 7.643	Brier: 35.172
2024-12-22 19:44:45,716 INFO Accuracy improved from 74.16 to 75.68!!!
2024-12-22 19:44:45,732 INFO AUROC improved from 80.70 to 82.45!!!
2024-12-22 19:44:45,745 INFO AURC decreased from 95.57 to 82.24!!!
2024-12-22 19:44:45,760 INFO ####### --- Training Epoch 6 --- #######
2024-12-22 19:45:05,142 INFO Epoch 6 	 Batch 99	LR : 0.00100	Tot. Loss: 0.20
2024-12-22 19:45:24,227 INFO Epoch 6 	 Batch 199	LR : 0.00100	Tot. Loss: 0.19
2024-12-22 19:45:43,316 INFO Epoch 6 	 Batch 299	LR : 0.00100	Tot. Loss: 0.19
2024-12-22 19:45:55,109 INFO ################## 
 ---> Validation Epoch 6	Acc.: 76.360	FPR: 75.296	AUROC: 82.109	AUPR: 54.142	AURC: 79.856	EAURC: 49.407	AUPR Succ.: 93.969	ECE: 9.084	NLL: 7.555	Brier: 34.809
2024-12-22 19:45:55,110 INFO Accuracy improved from 75.68 to 76.36!!!
2024-12-22 19:45:55,125 INFO AURC decreased from 82.24 to 79.86!!!
2024-12-22 19:45:55,139 INFO ####### --- Training Epoch 7 --- #######
2024-12-22 19:46:14,496 INFO Epoch 7 	 Batch 99	LR : 0.00100	Tot. Loss: 0.19
2024-12-22 19:46:33,579 INFO Epoch 7 	 Batch 199	LR : 0.00100	Tot. Loss: 0.19
2024-12-22 19:46:52,662 INFO Epoch 7 	 Batch 299	LR : 0.00100	Tot. Loss: 0.19
2024-12-22 19:47:04,492 INFO ################## 
 ---> Validation Epoch 7	Acc.: 78.320	FPR: 73.339	AUROC: 82.642	AUPR: 51.391	AURC: 69.372	EAURC: 43.961	AUPR Succ.: 94.732	ECE: 8.016	NLL: 6.985	Brier: 32.302
2024-12-22 19:47:04,492 INFO Accuracy improved from 76.36 to 78.32!!!
2024-12-22 19:47:04,508 INFO AUROC improved from 82.45 to 82.64!!!
2024-12-22 19:47:04,521 INFO AURC decreased from 79.86 to 69.37!!!
2024-12-22 19:47:04,536 INFO ####### --- Training Epoch 8 --- #######
2024-12-22 19:47:23,917 INFO Epoch 8 	 Batch 99	LR : 0.00100	Tot. Loss: 0.19
2024-12-22 19:47:43,029 INFO Epoch 8 	 Batch 199	LR : 0.00100	Tot. Loss: 0.19
2024-12-22 19:48:02,123 INFO Epoch 8 	 Batch 299	LR : 0.00100	Tot. Loss: 0.18
2024-12-22 19:48:13,987 INFO ################## 
 ---> Validation Epoch 8	Acc.: 77.100	FPR: 73.450	AUROC: 82.837	AUPR: 53.699	AURC: 74.140	EAURC: 45.652	AUPR Succ.: 94.462	ECE: 9.526	NLL: 7.404	Brier: 33.835
2024-12-22 19:48:13,987 INFO AUROC improved from 82.64 to 82.84!!!
2024-12-22 19:48:14,008 INFO ####### --- Training Epoch 9 --- #######
2024-12-22 19:48:33,384 INFO Epoch 9 	 Batch 99	LR : 0.00100	Tot. Loss: 0.18
2024-12-22 19:48:52,474 INFO Epoch 9 	 Batch 199	LR : 0.00100	Tot. Loss: 0.18
2024-12-22 19:49:11,576 INFO Epoch 9 	 Batch 299	LR : 0.00100	Tot. Loss: 0.18
2024-12-22 19:49:23,380 INFO ################## 
 ---> Validation Epoch 9	Acc.: 77.960	FPR: 74.955	AUROC: 83.530	AUPR: 54.421	AURC: 68.396	EAURC: 42.097	AUPR Succ.: 94.931	ECE: 8.712	NLL: 7.004	Brier: 32.275
2024-12-22 19:49:23,381 INFO AUROC improved from 82.84 to 83.53!!!
2024-12-22 19:49:23,397 INFO AURC decreased from 69.37 to 68.40!!!
2024-12-22 19:49:23,411 INFO ####### --- Training Epoch 10 --- #######
2024-12-22 19:49:42,793 INFO Epoch 10 	 Batch 99	LR : 0.00100	Tot. Loss: 0.18
2024-12-22 19:50:01,880 INFO Epoch 10 	 Batch 199	LR : 0.00100	Tot. Loss: 0.18
2024-12-22 19:50:20,970 INFO Epoch 10 	 Batch 299	LR : 0.00100	Tot. Loss: 0.18
2024-12-22 19:50:32,740 INFO ################## 
 ---> Validation Epoch 10	Acc.: 79.980	FPR: 72.228	AUROC: 83.486	AUPR: 50.864	AURC: 60.176	EAURC: 38.646	AUPR Succ.: 95.434	ECE: 7.034	NLL: 6.444	Brier: 29.683
2024-12-22 19:50:32,741 INFO Accuracy improved from 78.32 to 79.98!!!
2024-12-22 19:50:32,756 INFO AURC decreased from 68.40 to 60.18!!!
2024-12-22 19:50:32,770 INFO ####### --- Training Epoch 11 --- #######
2024-12-22 19:50:52,141 INFO Epoch 11 	 Batch 99	LR : 0.00100	Tot. Loss: 0.18
2024-12-22 19:51:11,229 INFO Epoch 11 	 Batch 199	LR : 0.00100	Tot. Loss: 0.18
2024-12-22 19:51:30,316 INFO Epoch 11 	 Batch 299	LR : 0.00100	Tot. Loss: 0.18
2024-12-22 19:51:42,118 INFO ################## 
 ---> Validation Epoch 11	Acc.: 79.320	FPR: 74.565	AUROC: 83.071	AUPR: 51.609	AURC: 63.997	EAURC: 40.965	AUPR Succ.: 95.132	ECE: 7.762	NLL: 6.736	Brier: 30.774
2024-12-22 19:51:42,119 INFO ####### --- Training Epoch 12 --- #######
2024-12-22 19:52:01,496 INFO Epoch 12 	 Batch 99	LR : 0.00100	Tot. Loss: 0.18
2024-12-22 19:52:20,569 INFO Epoch 12 	 Batch 199	LR : 0.00100	Tot. Loss: 0.18
2024-12-22 19:52:39,651 INFO Epoch 12 	 Batch 299	LR : 0.00100	Tot. Loss: 0.18
2024-12-22 19:52:51,459 INFO ################## 
 ---> Validation Epoch 12	Acc.: 79.240	FPR: 70.617	AUROC: 83.882	AUPR: 53.675	AURC: 62.320	EAURC: 39.103	AUPR Succ.: 95.342	ECE: 7.659	NLL: 6.725	Brier: 30.667
2024-12-22 19:52:51,460 INFO AUROC improved from 83.53 to 83.88!!!
2024-12-22 19:52:51,477 INFO ####### --- Training Epoch 13 --- #######
2024-12-22 19:53:10,845 INFO Epoch 13 	 Batch 99	LR : 0.00100	Tot. Loss: 0.18
2024-12-22 19:53:29,928 INFO Epoch 13 	 Batch 199	LR : 0.00100	Tot. Loss: 0.18
2024-12-22 19:53:49,017 INFO Epoch 13 	 Batch 299	LR : 0.00100	Tot. Loss: 0.18
2024-12-22 19:54:00,824 INFO ################## 
 ---> Validation Epoch 13	Acc.: 79.520	FPR: 73.242	AUROC: 83.588	AUPR: 52.326	AURC: 61.625	EAURC: 39.054	AUPR Succ.: 95.369	ECE: 7.268	NLL: 6.574	Brier: 30.365
2024-12-22 19:54:00,825 INFO ####### --- Training Epoch 14 --- #######
2024-12-22 19:54:20,186 INFO Epoch 14 	 Batch 99	LR : 0.00100	Tot. Loss: 0.18
2024-12-22 19:54:39,261 INFO Epoch 14 	 Batch 199	LR : 0.00100	Tot. Loss: 0.18
2024-12-22 19:54:58,337 INFO Epoch 14 	 Batch 299	LR : 0.00100	Tot. Loss: 0.18
2024-12-22 19:55:10,124 INFO ################## 
 ---> Validation Epoch 14	Acc.: 78.680	FPR: 71.482	AUROC: 83.207	AUPR: 52.610	AURC: 66.135	EAURC: 41.595	AUPR Succ.: 95.030	ECE: 8.552	NLL: 6.917	Brier: 31.789
2024-12-22 19:55:10,125 INFO ####### --- Training Epoch 15 --- #######
2024-12-22 19:55:29,500 INFO Epoch 15 	 Batch 99	LR : 0.00100	Tot. Loss: 0.18
2024-12-22 19:55:48,558 INFO Epoch 15 	 Batch 199	LR : 0.00100	Tot. Loss: 0.18
2024-12-22 19:56:07,624 INFO Epoch 15 	 Batch 299	LR : 0.00100	Tot. Loss: 0.18
2024-12-22 19:56:19,406 INFO ################## 
 ---> Validation Epoch 15	Acc.: 78.860	FPR: 72.375	AUROC: 82.634	AUPR: 51.560	AURC: 67.096	EAURC: 42.986	AUPR Succ.: 94.873	ECE: 7.759	NLL: 6.856	Brier: 31.528
2024-12-22 19:56:19,408 INFO ####### --- Training Epoch 16 --- #######
2024-12-22 19:56:38,763 INFO Epoch 16 	 Batch 99	LR : 0.00100	Tot. Loss: 0.18
2024-12-22 19:56:57,824 INFO Epoch 16 	 Batch 199	LR : 0.00100	Tot. Loss: 0.18
2024-12-22 19:57:16,887 INFO Epoch 16 	 Batch 299	LR : 0.00100	Tot. Loss: 0.18
2024-12-22 19:57:28,650 INFO ################## 
 ---> Validation Epoch 16	Acc.: 80.120	FPR: 71.831	AUROC: 83.947	AUPR: 52.006	AURC: 58.717	EAURC: 37.499	AUPR Succ.: 95.569	ECE: 6.724	NLL: 6.356	Brier: 29.296
2024-12-22 19:57:28,650 INFO Accuracy improved from 79.98 to 80.12!!!
2024-12-22 19:57:28,666 INFO AUROC improved from 83.88 to 83.95!!!
2024-12-22 19:57:28,680 INFO AURC decreased from 60.18 to 58.72!!!
2024-12-22 19:57:28,694 INFO ####### --- Training Epoch 17 --- #######
2024-12-22 19:57:48,036 INFO Epoch 17 	 Batch 99	LR : 0.00100	Tot. Loss: 0.18
2024-12-22 19:58:07,093 INFO Epoch 17 	 Batch 199	LR : 0.00100	Tot. Loss: 0.18
2024-12-22 19:58:26,149 INFO Epoch 17 	 Batch 299	LR : 0.00100	Tot. Loss: 0.18
2024-12-22 19:58:37,901 INFO ################## 
 ---> Validation Epoch 17	Acc.: 78.260	FPR: 72.953	AUROC: 83.151	AUPR: 53.425	AURC: 68.580	EAURC: 43.022	AUPR Succ.: 94.830	ECE: 8.136	NLL: 6.897	Brier: 31.941
2024-12-22 19:58:37,902 INFO ####### --- Training Epoch 18 --- #######
2024-12-22 19:58:57,251 INFO Epoch 18 	 Batch 99	LR : 0.00100	Tot. Loss: 0.18
2024-12-22 19:59:16,312 INFO Epoch 18 	 Batch 199	LR : 0.00100	Tot. Loss: 0.18
2024-12-22 19:59:35,380 INFO Epoch 18 	 Batch 299	LR : 0.00100	Tot. Loss: 0.17
2024-12-22 19:59:47,126 INFO ################## 
 ---> Validation Epoch 18	Acc.: 78.280	FPR: 72.192	AUROC: 82.795	AUPR: 53.495	AURC: 69.496	EAURC: 43.987	AUPR Succ.: 94.718	ECE: 8.291	NLL: 6.864	Brier: 31.932
2024-12-22 19:59:47,127 INFO ####### --- Training Epoch 19 --- #######
2024-12-22 20:00:06,519 INFO Epoch 19 	 Batch 99	LR : 0.00100	Tot. Loss: 0.18
2024-12-22 20:00:25,585 INFO Epoch 19 	 Batch 199	LR : 0.00100	Tot. Loss: 0.18
2024-12-22 20:00:44,657 INFO Epoch 19 	 Batch 299	LR : 0.00100	Tot. Loss: 0.17
2024-12-22 20:00:56,448 INFO ################## 
 ---> Validation Epoch 19	Acc.: 78.160	FPR: 70.696	AUROC: 83.247	AUPR: 53.589	AURC: 68.577	EAURC: 42.773	AUPR Succ.: 94.857	ECE: 8.312	NLL: 6.918	Brier: 31.984
2024-12-22 20:00:56,450 INFO ####### --- Training Epoch 20 --- #######
2024-12-22 20:01:15,808 INFO Epoch 20 	 Batch 99	LR : 0.00099	Tot. Loss: 0.17
2024-12-22 20:01:34,866 INFO Epoch 20 	 Batch 199	LR : 0.00099	Tot. Loss: 0.18
2024-12-22 20:01:53,930 INFO Epoch 20 	 Batch 299	LR : 0.00099	Tot. Loss: 0.17
2024-12-22 20:02:05,714 INFO ################## 
 ---> Validation Epoch 20	Acc.: 79.800	FPR: 72.475	AUROC: 83.620	AUPR: 51.738	AURC: 60.408	EAURC: 38.474	AUPR Succ.: 95.448	ECE: 7.242	NLL: 6.489	Brier: 29.901
2024-12-22 20:02:05,715 INFO ####### --- Training Epoch 21 --- #######
2024-12-22 20:02:25,078 INFO Epoch 21 	 Batch 99	LR : 0.00099	Tot. Loss: 0.17
2024-12-22 20:02:44,137 INFO Epoch 21 	 Batch 199	LR : 0.00099	Tot. Loss: 0.17
2024-12-22 20:03:03,203 INFO Epoch 21 	 Batch 299	LR : 0.00099	Tot. Loss: 0.17
2024-12-22 20:03:15,079 INFO ################## 
 ---> Validation Epoch 21	Acc.: 79.820	FPR: 72.547	AUROC: 83.433	AUPR: 51.623	AURC: 61.022	EAURC: 39.133	AUPR Succ.: 95.369	ECE: 7.078	NLL: 6.452	Brier: 29.883
2024-12-22 20:03:15,080 INFO ####### --- Training Epoch 22 --- #######
2024-12-22 20:03:34,430 INFO Epoch 22 	 Batch 99	LR : 0.00099	Tot. Loss: 0.17
2024-12-22 20:03:53,474 INFO Epoch 22 	 Batch 199	LR : 0.00099	Tot. Loss: 0.17
2024-12-22 20:04:12,531 INFO Epoch 22 	 Batch 299	LR : 0.00099	Tot. Loss: 0.17
2024-12-22 20:04:24,329 INFO ################## 
 ---> Validation Epoch 22	Acc.: 78.960	FPR: 69.106	AUROC: 83.746	AUPR: 54.145	AURC: 63.806	EAURC: 39.933	AUPR Succ.: 95.232	ECE: 7.369	NLL: 6.569	Brier: 30.712
2024-12-22 20:04:24,330 INFO ####### --- Training Epoch 23 --- #######
2024-12-22 20:04:43,696 INFO Epoch 23 	 Batch 99	LR : 0.00099	Tot. Loss: 0.17
2024-12-22 20:05:02,756 INFO Epoch 23 	 Batch 199	LR : 0.00099	Tot. Loss: 0.17
2024-12-22 20:05:21,818 INFO Epoch 23 	 Batch 299	LR : 0.00099	Tot. Loss: 0.17
2024-12-22 20:05:33,609 INFO ################## 
 ---> Validation Epoch 23	Acc.: 78.940	FPR: 72.840	AUROC: 83.362	AUPR: 52.473	AURC: 65.137	EAURC: 41.216	AUPR Succ.: 95.078	ECE: 7.976	NLL: 6.792	Brier: 31.026
2024-12-22 20:05:33,610 INFO ####### --- Training Epoch 24 --- #######
2024-12-22 20:05:52,976 INFO Epoch 24 	 Batch 99	LR : 0.00099	Tot. Loss: 0.17
2024-12-22 20:06:12,075 INFO Epoch 24 	 Batch 199	LR : 0.00099	Tot. Loss: 0.17
2024-12-22 20:06:31,156 INFO Epoch 24 	 Batch 299	LR : 0.00099	Tot. Loss: 0.17
2024-12-22 20:06:42,952 INFO ################## 
 ---> Validation Epoch 24	Acc.: 78.200	FPR: 71.560	AUROC: 83.319	AUPR: 53.091	AURC: 68.300	EAURC: 42.595	AUPR Succ.: 94.878	ECE: 8.449	NLL: 6.967	Brier: 31.935
2024-12-22 20:06:42,953 INFO ####### --- Training Epoch 25 --- #######
2024-12-22 20:07:02,344 INFO Epoch 25 	 Batch 99	LR : 0.00099	Tot. Loss: 0.17
2024-12-22 20:07:21,411 INFO Epoch 25 	 Batch 199	LR : 0.00099	Tot. Loss: 0.17
2024-12-22 20:07:40,476 INFO Epoch 25 	 Batch 299	LR : 0.00099	Tot. Loss: 0.17
2024-12-22 20:07:52,243 INFO ################## 
 ---> Validation Epoch 25	Acc.: 80.460	FPR: 71.341	AUROC: 83.477	AUPR: 50.601	AURC: 58.375	EAURC: 37.903	AUPR Succ.: 95.542	ECE: 6.896	NLL: 6.349	Brier: 29.183
2024-12-22 20:07:52,243 INFO Accuracy improved from 80.12 to 80.46!!!
2024-12-22 20:07:52,259 INFO AURC decreased from 58.72 to 58.38!!!
2024-12-22 20:07:52,273 INFO ####### --- Training Epoch 26 --- #######
2024-12-22 20:08:11,612 INFO Epoch 26 	 Batch 99	LR : 0.00099	Tot. Loss: 0.17
2024-12-22 20:08:30,701 INFO Epoch 26 	 Batch 199	LR : 0.00099	Tot. Loss: 0.17
2024-12-22 20:08:49,803 INFO Epoch 26 	 Batch 299	LR : 0.00099	Tot. Loss: 0.17
2024-12-22 20:09:01,606 INFO ################## 
 ---> Validation Epoch 26	Acc.: 79.860	FPR: 73.784	AUROC: 82.873	AUPR: 49.943	AURC: 62.139	EAURC: 40.340	AUPR Succ.: 95.235	ECE: 6.883	NLL: 6.580	Brier: 30.209
2024-12-22 20:09:01,608 INFO ####### --- Training Epoch 27 --- #######
2024-12-22 20:09:20,966 INFO Epoch 27 	 Batch 99	LR : 0.00099	Tot. Loss: 0.17
2024-12-22 20:09:40,046 INFO Epoch 27 	 Batch 199	LR : 0.00099	Tot. Loss: 0.17
2024-12-22 20:09:59,109 INFO Epoch 27 	 Batch 299	LR : 0.00099	Tot. Loss: 0.17
2024-12-22 20:10:10,912 INFO ################## 
 ---> Validation Epoch 27	Acc.: 79.320	FPR: 71.373	AUROC: 84.157	AUPR: 54.294	AURC: 61.158	EAURC: 38.126	AUPR Succ.: 95.462	ECE: 7.619	NLL: 6.601	Brier: 30.339
2024-12-22 20:10:10,913 INFO AUROC improved from 83.95 to 84.16!!!
2024-12-22 20:10:10,930 INFO ####### --- Training Epoch 28 --- #######
2024-12-22 20:10:30,289 INFO Epoch 28 	 Batch 99	LR : 0.00099	Tot. Loss: 0.17
2024-12-22 20:10:49,355 INFO Epoch 28 	 Batch 199	LR : 0.00099	Tot. Loss: 0.17
2024-12-22 20:11:08,442 INFO Epoch 28 	 Batch 299	LR : 0.00099	Tot. Loss: 0.17
2024-12-22 20:11:20,237 INFO ################## 
 ---> Validation Epoch 28	Acc.: 79.620	FPR: 74.289	AUROC: 83.492	AUPR: 50.252	AURC: 61.655	EAURC: 39.312	AUPR Succ.: 95.341	ECE: 7.520	NLL: 6.568	Brier: 30.247
2024-12-22 20:11:20,238 INFO ####### --- Training Epoch 29 --- #######
2024-12-22 20:11:39,584 INFO Epoch 29 	 Batch 99	LR : 0.00099	Tot. Loss: 0.17
2024-12-22 20:11:58,643 INFO Epoch 29 	 Batch 199	LR : 0.00099	Tot. Loss: 0.17
2024-12-22 20:12:17,700 INFO Epoch 29 	 Batch 299	LR : 0.00099	Tot. Loss: 0.17
2024-12-22 20:12:29,490 INFO ################## 
 ---> Validation Epoch 29	Acc.: 79.060	FPR: 70.296	AUROC: 83.609	AUPR: 52.332	AURC: 63.709	EAURC: 40.071	AUPR Succ.: 95.222	ECE: 7.712	NLL: 6.676	Brier: 30.749
2024-12-22 20:12:29,492 INFO ####### --- Training Epoch 30 --- #######
2024-12-22 20:12:48,851 INFO Epoch 30 	 Batch 99	LR : 0.00098	Tot. Loss: 0.17
2024-12-22 20:13:07,910 INFO Epoch 30 	 Batch 199	LR : 0.00098	Tot. Loss: 0.17
2024-12-22 20:13:26,974 INFO Epoch 30 	 Batch 299	LR : 0.00098	Tot. Loss: 0.17
2024-12-22 20:13:38,759 INFO ################## 
 ---> Validation Epoch 30	Acc.: 80.660	FPR: 71.251	AUROC: 83.306	AUPR: 49.908	AURC: 57.898	EAURC: 37.858	AUPR Succ.: 95.556	ECE: 6.457	NLL: 6.324	Brier: 28.946
2024-12-22 20:13:38,760 INFO Accuracy improved from 80.46 to 80.66!!!
2024-12-22 20:13:38,776 INFO AURC decreased from 58.38 to 57.90!!!
2024-12-22 20:13:38,790 INFO ####### --- Training Epoch 31 --- #######
2024-12-22 20:13:58,150 INFO Epoch 31 	 Batch 99	LR : 0.00098	Tot. Loss: 0.17
2024-12-22 20:14:17,232 INFO Epoch 31 	 Batch 199	LR : 0.00098	Tot. Loss: 0.17
2024-12-22 20:14:36,293 INFO Epoch 31 	 Batch 299	LR : 0.00098	Tot. Loss: 0.17
2024-12-22 20:14:48,064 INFO ################## 
 ---> Validation Epoch 31	Acc.: 80.100	FPR: 73.568	AUROC: 83.050	AUPR: 48.993	AURC: 60.920	EAURC: 39.658	AUPR Succ.: 95.323	ECE: 7.330	NLL: 6.467	Brier: 29.838
2024-12-22 20:14:48,066 INFO ####### --- Training Epoch 32 --- #######
2024-12-22 20:15:07,426 INFO Epoch 32 	 Batch 99	LR : 0.00098	Tot. Loss: 0.17
2024-12-22 20:15:26,505 INFO Epoch 32 	 Batch 199	LR : 0.00098	Tot. Loss: 0.17
2024-12-22 20:15:45,586 INFO Epoch 32 	 Batch 299	LR : 0.00098	Tot. Loss: 0.17
2024-12-22 20:15:57,381 INFO ################## 
 ---> Validation Epoch 32	Acc.: 80.220	FPR: 70.779	AUROC: 83.833	AUPR: 51.810	AURC: 58.552	EAURC: 37.555	AUPR Succ.: 95.568	ECE: 6.942	NLL: 6.417	Brier: 29.392
2024-12-22 20:15:57,383 INFO ####### --- Training Epoch 33 --- #######
2024-12-22 20:16:16,748 INFO Epoch 33 	 Batch 99	LR : 0.00098	Tot. Loss: 0.17
2024-12-22 20:16:35,817 INFO Epoch 33 	 Batch 199	LR : 0.00098	Tot. Loss: 0.17
2024-12-22 20:16:54,895 INFO Epoch 33 	 Batch 299	LR : 0.00098	Tot. Loss: 0.17
2024-12-22 20:16:54,945 INFO {
    "attn_type": "kep_svgp",
    "backbone": "mlp",
    "batch_size": 128,
    "beta1": 0.9,
    "beta2": 0.999,
    "concate": true,
    "corruption_dir": "./data",
    "dataset": "cifar10",
    "depth": 7,
    "eta_kl": 1.0,
    "eta_ksvd": 10.0,
    "gpu": "1",
    "hdim": 384,
    "ksvd_layers": 7,
    "low_rank": 10,
    "lr": 0.001,
    "min_lr": 1e-05,
    "model": "diffusion",
    "nb_cls": 10,
    "nb_epochs": 300,
    "nb_run": 1,
    "nb_worker": 4,
    "num_heads": 12,
    "pretrained_dir": "../experiments/CIFAR10_out/vit_out_cat",
    "rank_multi": 10,
    "save_dir": "../experiments/CIFAR10_out/diffusion",
    "seed": 0,
    "subcommand": "Cifar10",
    "test_dir": "../data/CIFAR10/test",
    "train_dir": "../data/CIFAR10/train",
    "val_dir": "../data/CIFAR10/val",
    "wandb_key": "6cf7b84d1bd52c9eb1e5eade43f583a8059231f2",
    "warmup_epoch": 5,
    "weight_decay": 5e-05
}
2024-12-22 20:16:55,107 INFO ####################################################################################################
1 / 1 Running
2024-12-22 20:16:55,137 INFO Using diffusion ...
2024-12-22 20:17:00,015 INFO Using q_distribution ...
2024-12-22 20:17:00,239 INFO ####### --- Training Epoch 0 --- #######
2024-12-22 20:17:07,068 INFO ################## 
 ---> Validation Epoch 33	Acc.: 80.540	FPR: 73.484	AUROC: 83.445	AUPR: 49.538	AURC: 57.943	EAURC: 37.645	AUPR Succ.: 95.578	ECE: 6.587	NLL: 6.348	Brier: 29.187
2024-12-22 20:17:07,069 INFO ####### --- Training Epoch 34 --- #######
2024-12-22 20:17:26,427 INFO Epoch 34 	 Batch 99	LR : 0.00098	Tot. Loss: 0.17
2024-12-22 20:17:45,481 INFO Epoch 34 	 Batch 199	LR : 0.00098	Tot. Loss: 0.17
2024-12-22 20:17:56,663 INFO {
    "attn_type": "kep_svgp",
    "backbone": "mlp",
    "batch_size": 128,
    "beta1": 0.9,
    "beta2": 0.999,
    "concate": true,
    "corruption_dir": "./data",
    "dataset": "cifar10",
    "depth": 7,
    "eta_kl": 1.0,
    "eta_ksvd": 10.0,
    "gpu": "1",
    "hdim": 384,
    "ksvd_layers": 7,
    "low_rank": 10,
    "lr": 0.001,
    "min_lr": 1e-05,
    "model": "diffusion",
    "nb_cls": 10,
    "nb_epochs": 300,
    "nb_run": 1,
    "nb_worker": 4,
    "num_heads": 12,
    "pretrained_dir": "../experiments/CIFAR10_out/vit_out_cat",
    "rank_multi": 10,
    "save_dir": "../experiments/CIFAR10_out/diffusion",
    "seed": 0,
    "subcommand": "Cifar10",
    "test_dir": "../data/CIFAR10/test",
    "train_dir": "../data/CIFAR10/train",
    "val_dir": "../data/CIFAR10/val",
    "wandb_key": "6cf7b84d1bd52c9eb1e5eade43f583a8059231f2",
    "warmup_epoch": 5,
    "weight_decay": 5e-05
}
2024-12-22 20:17:56,818 INFO ####################################################################################################
1 / 1 Running
2024-12-22 20:17:56,835 INFO Using diffusion ...
2024-12-22 20:18:01,584 INFO Using q_distribution ...
2024-12-22 20:18:01,812 INFO ####### --- Training Epoch 0 --- #######
2024-12-22 20:18:04,958 INFO Epoch 34 	 Batch 299	LR : 0.00098	Tot. Loss: 0.17
2024-12-22 20:18:16,738 INFO ################## 
 ---> Validation Epoch 34	Acc.: 79.820	FPR: 72.349	AUROC: 83.438	AUPR: 49.658	AURC: 60.806	EAURC: 38.918	AUPR Succ.: 95.398	ECE: 7.586	NLL: 6.483	Brier: 29.948
2024-12-22 20:18:16,739 INFO ####### --- Training Epoch 35 --- #######
2024-12-22 20:18:21,387 INFO {
    "attn_type": "kep_svgp",
    "backbone": "mlp",
    "batch_size": 128,
    "beta1": 0.9,
    "beta2": 0.999,
    "concate": true,
    "corruption_dir": "./data",
    "dataset": "cifar10",
    "depth": 7,
    "eta_kl": 1.0,
    "eta_ksvd": 10.0,
    "gpu": "1",
    "hdim": 384,
    "ksvd_layers": 7,
    "low_rank": 10,
    "lr": 0.001,
    "min_lr": 1e-05,
    "model": "diffusion",
    "nb_cls": 10,
    "nb_epochs": 300,
    "nb_run": 1,
    "nb_worker": 4,
    "num_heads": 12,
    "pretrained_dir": "../experiments/CIFAR10_out/vit_out_cat",
    "rank_multi": 10,
    "save_dir": "../experiments/CIFAR10_out/diffusion",
    "seed": 0,
    "subcommand": "Cifar10",
    "test_dir": "../data/CIFAR10/test",
    "train_dir": "../data/CIFAR10/train",
    "val_dir": "../data/CIFAR10/val",
    "wandb_key": "6cf7b84d1bd52c9eb1e5eade43f583a8059231f2",
    "warmup_epoch": 5,
    "weight_decay": 5e-05
}
2024-12-22 20:18:21,543 INFO ####################################################################################################
1 / 1 Running
2024-12-22 20:18:21,561 INFO Using diffusion ...
2024-12-22 20:18:26,381 INFO Using q_distribution ...
2024-12-22 20:18:26,615 INFO ####### --- Training Epoch 0 --- #######
2024-12-22 20:18:47,159 INFO Epoch 35 	 Batch 99	LR : 0.00098	Tot. Loss: 0.17
2024-12-22 20:19:09,674 INFO Epoch 0 	 Batch 99	LR : 0.00000	Tot. Loss: 0.76
2024-12-22 20:19:27,698 INFO Epoch 35 	 Batch 199	LR : 0.00098	Tot. Loss: 0.17
2024-12-22 20:19:52,506 INFO Epoch 0 	 Batch 199	LR : 0.00000	Tot. Loss: 0.76
2024-12-22 20:20:08,223 INFO Epoch 35 	 Batch 299	LR : 0.00098	Tot. Loss: 0.17
2024-12-22 20:20:23,177 INFO ################## 
 ---> Validation Epoch 35	Acc.: 79.740	FPR: 71.471	AUROC: 83.946	AUPR: 52.404	AURC: 59.955	EAURC: 37.885	AUPR Succ.: 95.510	ECE: 7.415	NLL: 6.470	Brier: 29.802
2024-12-22 20:20:23,178 INFO ####### --- Training Epoch 36 --- #######
2024-12-22 20:20:50,033 INFO {
    "attn_type": "kep_svgp",
    "backbone": "mlp",
    "batch_size": 128,
    "beta1": 0.9,
    "beta2": 0.999,
    "concate": true,
    "corruption_dir": "./data",
    "dataset": "cifar10",
    "depth": 7,
    "eta_kl": 1.0,
    "eta_ksvd": 10.0,
    "gpu": "1",
    "hdim": 384,
    "ksvd_layers": 7,
    "low_rank": 10,
    "lr": 0.001,
    "min_lr": 1e-05,
    "model": "diffusion",
    "nb_cls": 10,
    "nb_epochs": 300,
    "nb_run": 1,
    "nb_worker": 4,
    "num_heads": 12,
    "pretrained_dir": "../experiments/CIFAR10_out/vit_out_cat",
    "rank_multi": 10,
    "save_dir": "../experiments/CIFAR10_out/diffusion",
    "seed": 0,
    "subcommand": "Cifar10",
    "test_dir": "../data/CIFAR10/test",
    "train_dir": "../data/CIFAR10/train",
    "val_dir": "../data/CIFAR10/val",
    "wandb_key": "6cf7b84d1bd52c9eb1e5eade43f583a8059231f2",
    "warmup_epoch": 5,
    "weight_decay": 5e-05
}
2024-12-22 20:20:50,201 INFO ####################################################################################################
1 / 1 Running
2024-12-22 20:20:50,220 INFO Using diffusion ...
2024-12-22 20:20:52,927 INFO Using q_distribution ...
2024-12-22 20:20:52,951 INFO ####### --- Training Epoch 0 --- #######
2024-12-22 20:21:13,108 INFO Epoch 0 	 Batch 99	LR : 0.00000	Tot. Loss: 0.76
2024-12-22 20:21:33,017 INFO Epoch 0 	 Batch 199	LR : 0.00000	Tot. Loss: 0.76
2024-12-22 20:21:53,005 INFO Epoch 0 	 Batch 299	LR : 0.00000	Tot. Loss: 0.76
2024-12-22 20:22:05,265 INFO ################## 
 ---> Validation Epoch 0	Acc.: 15.160	FPR: 92.126	AUROC: 62.278	AUPR: 88.876	AURC: 784.116	EAURC: 221.710	AUPR Succ.: 24.459	ECE: 60.054	NLL: 97.156	Brier: 135.550
2024-12-22 20:22:05,266 INFO Accuracy improved from 0.00 to 15.16!!!
2024-12-22 20:22:05,283 INFO AUROC improved from 0.00 to 62.28!!!
2024-12-22 20:22:05,296 INFO AURC decreased from 1000000.00 to 784.12!!!
2024-12-22 20:22:05,311 INFO ####### --- Training Epoch 1 --- #######
2024-12-22 20:22:25,668 INFO Epoch 1 	 Batch 99	LR : 0.00020	Tot. Loss: 0.58
2024-12-22 20:22:45,750 INFO Epoch 1 	 Batch 199	LR : 0.00020	Tot. Loss: 0.43
2024-12-22 20:23:05,854 INFO Epoch 1 	 Batch 299	LR : 0.00020	Tot. Loss: 0.37
2024-12-22 20:23:18,137 INFO ################## 
 ---> Validation Epoch 1	Acc.: 44.540	FPR: 84.529	AUROC: 71.505	AUPR: 72.681	AURC: 364.343	EAURC: 169.975	AUPR Succ.: 70.206	ECE: 24.701	NLL: 20.877	Brier: 76.464
2024-12-22 20:23:18,138 INFO Accuracy improved from 15.16 to 44.54!!!
2024-12-22 20:23:18,154 INFO AUROC improved from 62.28 to 71.50!!!
2024-12-22 20:23:18,168 INFO AURC decreased from 784.12 to 364.34!!!
2024-12-22 20:23:18,182 INFO ####### --- Training Epoch 2 --- #######
2024-12-22 20:23:38,579 INFO Epoch 2 	 Batch 99	LR : 0.00040	Tot. Loss: 0.32
2024-12-22 20:23:58,683 INFO Epoch 2 	 Batch 199	LR : 0.00040	Tot. Loss: 0.29
2024-12-22 20:24:18,797 INFO Epoch 2 	 Batch 299	LR : 0.00040	Tot. Loss: 0.27
2024-12-22 20:24:31,109 INFO ################## 
 ---> Validation Epoch 2	Acc.: 64.560	FPR: 81.546	AUROC: 76.599	AUPR: 59.082	AURC: 169.370	EAURC: 97.468	AUPR Succ.: 86.655	ECE: 14.143	NLL: 11.676	Brier: 50.754
2024-12-22 20:24:31,109 INFO Accuracy improved from 44.54 to 64.56!!!
2024-12-22 20:24:31,125 INFO AUROC improved from 71.50 to 76.60!!!
2024-12-22 20:24:31,139 INFO AURC decreased from 364.34 to 169.37!!!
2024-12-22 20:24:31,153 INFO ####### --- Training Epoch 3 --- #######
2024-12-22 20:24:51,574 INFO Epoch 3 	 Batch 99	LR : 0.00060	Tot. Loss: 0.25
2024-12-22 20:25:11,684 INFO Epoch 3 	 Batch 199	LR : 0.00060	Tot. Loss: 0.24
2024-12-22 20:25:31,799 INFO Epoch 3 	 Batch 299	LR : 0.00060	Tot. Loss: 0.23
2024-12-22 20:25:44,104 INFO ################## 
 ---> Validation Epoch 3	Acc.: 73.220	FPR: 75.728	AUROC: 80.525	AUPR: 56.692	AURC: 101.478	EAURC: 61.906	AUPR Succ.: 92.203	ECE: 10.189	NLL: 8.565	Brier: 38.786
2024-12-22 20:25:44,104 INFO Accuracy improved from 64.56 to 73.22!!!
2024-12-22 20:25:44,120 INFO AUROC improved from 76.60 to 80.52!!!
2024-12-22 20:25:44,134 INFO AURC decreased from 169.37 to 101.48!!!
2024-12-22 20:25:44,148 INFO ####### --- Training Epoch 4 --- #######
2024-12-22 20:26:04,552 INFO Epoch 4 	 Batch 99	LR : 0.00080	Tot. Loss: 0.22
2024-12-22 20:26:24,666 INFO Epoch 4 	 Batch 199	LR : 0.00080	Tot. Loss: 0.22
2024-12-22 20:26:44,787 INFO Epoch 4 	 Batch 299	LR : 0.00080	Tot. Loss: 0.21
2024-12-22 20:26:57,077 INFO ################## 
 ---> Validation Epoch 4	Acc.: 74.020	FPR: 75.597	AUROC: 80.812	AUPR: 55.157	AURC: 95.993	EAURC: 58.871	AUPR Succ.: 92.647	ECE: 10.417	NLL: 8.274	Brier: 37.874
2024-12-22 20:26:57,078 INFO Accuracy improved from 73.22 to 74.02!!!
2024-12-22 20:26:57,094 INFO AUROC improved from 80.52 to 80.81!!!
2024-12-22 20:26:57,107 INFO AURC decreased from 101.48 to 95.99!!!
2024-12-22 20:26:57,121 INFO ####### --- Training Epoch 5 --- #######
2024-12-22 20:27:17,526 INFO Epoch 5 	 Batch 99	LR : 0.00100	Tot. Loss: 0.21
2024-12-22 20:27:37,643 INFO Epoch 5 	 Batch 199	LR : 0.00100	Tot. Loss: 0.20
2024-12-22 20:27:57,754 INFO Epoch 5 	 Batch 299	LR : 0.00100	Tot. Loss: 0.20
2024-12-22 20:28:10,075 INFO ################## 
 ---> Validation Epoch 5	Acc.: 75.480	FPR: 74.307	AUROC: 82.448	AUPR: 55.943	AURC: 83.184	EAURC: 50.311	AUPR Succ.: 93.795	ECE: 9.764	NLL: 7.699	Brier: 35.409
2024-12-22 20:28:10,075 INFO Accuracy improved from 74.02 to 75.48!!!
2024-12-22 20:28:10,092 INFO AUROC improved from 80.81 to 82.45!!!
2024-12-22 20:28:10,105 INFO AURC decreased from 95.99 to 83.18!!!
2024-12-22 20:28:10,119 INFO ####### --- Training Epoch 6 --- #######
2024-12-22 20:28:30,529 INFO Epoch 6 	 Batch 99	LR : 0.00100	Tot. Loss: 0.20
2024-12-22 20:28:50,625 INFO Epoch 6 	 Batch 199	LR : 0.00100	Tot. Loss: 0.19
2024-12-22 20:29:10,723 INFO Epoch 6 	 Batch 299	LR : 0.00100	Tot. Loss: 0.19
2024-12-22 20:29:23,037 INFO ################## 
 ---> Validation Epoch 6	Acc.: 76.320	FPR: 75.338	AUROC: 82.373	AUPR: 54.956	AURC: 79.271	EAURC: 48.714	AUPR Succ.: 94.048	ECE: 9.082	NLL: 7.536	Brier: 34.691
2024-12-22 20:29:23,038 INFO Accuracy improved from 75.48 to 76.32!!!
2024-12-22 20:29:23,054 INFO AURC decreased from 83.18 to 79.27!!!
2024-12-22 20:29:23,069 INFO ####### --- Training Epoch 7 --- #######
2024-12-22 20:29:43,451 INFO Epoch 7 	 Batch 99	LR : 0.00100	Tot. Loss: 0.19
2024-12-22 20:30:03,546 INFO Epoch 7 	 Batch 199	LR : 0.00100	Tot. Loss: 0.19
2024-12-22 20:30:23,643 INFO Epoch 7 	 Batch 299	LR : 0.00100	Tot. Loss: 0.19
2024-12-22 20:30:35,928 INFO ################## 
 ---> Validation Epoch 7	Acc.: 78.040	FPR: 73.133	AUROC: 82.909	AUPR: 53.002	AURC: 69.822	EAURC: 43.722	AUPR Succ.: 94.744	ECE: 8.131	NLL: 7.012	Brier: 32.476
2024-12-22 20:30:35,928 INFO Accuracy improved from 76.32 to 78.04!!!
2024-12-22 20:30:35,944 INFO AUROC improved from 82.45 to 82.91!!!
2024-12-22 20:30:35,958 INFO AURC decreased from 79.27 to 69.82!!!
2024-12-22 20:30:35,972 INFO ####### --- Training Epoch 8 --- #######
2024-12-22 20:30:56,369 INFO Epoch 8 	 Batch 99	LR : 0.00100	Tot. Loss: 0.19
2024-12-22 20:31:16,462 INFO Epoch 8 	 Batch 199	LR : 0.00100	Tot. Loss: 0.19
2024-12-22 20:31:36,564 INFO Epoch 8 	 Batch 299	LR : 0.00100	Tot. Loss: 0.18
2024-12-22 20:31:48,931 INFO ################## 
 ---> Validation Epoch 8	Acc.: 76.960	FPR: 71.267	AUROC: 83.157	AUPR: 55.085	AURC: 73.982	EAURC: 45.129	AUPR Succ.: 94.512	ECE: 9.638	NLL: 7.381	Brier: 33.725
2024-12-22 20:31:48,932 INFO AUROC improved from 82.91 to 83.16!!!
2024-12-22 20:31:49,026 INFO ####### --- Training Epoch 9 --- #######
2024-12-22 20:32:09,431 INFO Epoch 9 	 Batch 99	LR : 0.00100	Tot. Loss: 0.18
2024-12-22 20:32:29,536 INFO Epoch 9 	 Batch 199	LR : 0.00100	Tot. Loss: 0.18
2024-12-22 20:32:49,651 INFO Epoch 9 	 Batch 299	LR : 0.00100	Tot. Loss: 0.18
2024-12-22 20:33:01,982 INFO ################## 
 ---> Validation Epoch 9	Acc.: 78.260	FPR: 76.265	AUROC: 83.142	AUPR: 52.800	AURC: 68.061	EAURC: 42.502	AUPR Succ.: 94.903	ECE: 8.180	NLL: 6.967	Brier: 32.150
2024-12-22 20:33:01,982 INFO Accuracy improved from 78.04 to 78.26!!!
2024-12-22 20:33:01,998 INFO AURC decreased from 69.82 to 68.06!!!
2024-12-22 20:33:02,013 INFO ####### --- Training Epoch 10 --- #######
2024-12-22 20:33:22,414 INFO Epoch 10 	 Batch 99	LR : 0.00100	Tot. Loss: 0.18
2024-12-22 20:33:42,520 INFO Epoch 10 	 Batch 199	LR : 0.00100	Tot. Loss: 0.18
2024-12-22 20:34:02,638 INFO Epoch 10 	 Batch 299	LR : 0.00100	Tot. Loss: 0.18
2024-12-22 20:34:14,936 INFO ################## 
 ---> Validation Epoch 10	Acc.: 80.160	FPR: 75.101	AUROC: 83.029	AUPR: 49.094	AURC: 60.502	EAURC: 39.372	AUPR Succ.: 95.362	ECE: 6.911	NLL: 6.471	Brier: 29.755
2024-12-22 20:34:14,936 INFO Accuracy improved from 78.26 to 80.16!!!
2024-12-22 20:34:14,952 INFO AURC decreased from 68.06 to 60.50!!!
2024-12-22 20:34:14,966 INFO ####### --- Training Epoch 11 --- #######
2024-12-22 20:34:35,378 INFO Epoch 11 	 Batch 99	LR : 0.00100	Tot. Loss: 0.18
2024-12-22 20:34:55,508 INFO Epoch 11 	 Batch 199	LR : 0.00100	Tot. Loss: 0.18
2024-12-22 20:35:15,647 INFO Epoch 11 	 Batch 299	LR : 0.00100	Tot. Loss: 0.18
2024-12-22 20:35:27,950 INFO ################## 
 ---> Validation Epoch 11	Acc.: 79.140	FPR: 75.360	AUROC: 82.948	AUPR: 51.653	AURC: 65.148	EAURC: 41.697	AUPR Succ.: 95.037	ECE: 7.878	NLL: 6.788	Brier: 31.037
2024-12-22 20:35:27,951 INFO ####### --- Training Epoch 12 --- #######
2024-12-22 20:35:48,423 INFO Epoch 12 	 Batch 99	LR : 0.00100	Tot. Loss: 0.18
2024-12-22 20:36:08,581 INFO Epoch 12 	 Batch 199	LR : 0.00100	Tot. Loss: 0.18
2024-12-22 20:36:28,745 INFO Epoch 12 	 Batch 299	LR : 0.00100	Tot. Loss: 0.18
2024-12-22 20:36:41,079 INFO ################## 
 ---> Validation Epoch 12	Acc.: 79.180	FPR: 70.221	AUROC: 83.840	AUPR: 53.399	AURC: 62.688	EAURC: 39.331	AUPR Succ.: 95.312	ECE: 7.651	NLL: 6.760	Brier: 30.795
2024-12-22 20:36:41,080 INFO AUROC improved from 83.16 to 83.84!!!
2024-12-22 20:36:41,096 INFO ####### --- Training Epoch 13 --- #######
2024-12-22 20:37:01,540 INFO Epoch 13 	 Batch 99	LR : 0.00100	Tot. Loss: 0.18
2024-12-22 20:37:21,700 INFO Epoch 13 	 Batch 199	LR : 0.00100	Tot. Loss: 0.18
2024-12-22 20:37:41,865 INFO Epoch 13 	 Batch 299	LR : 0.00100	Tot. Loss: 0.18
2024-12-22 20:37:54,197 INFO ################## 
 ---> Validation Epoch 13	Acc.: 79.480	FPR: 71.442	AUROC: 83.916	AUPR: 52.906	AURC: 61.063	EAURC: 38.400	AUPR Succ.: 95.440	ECE: 7.346	NLL: 6.538	Brier: 30.154
2024-12-22 20:37:54,198 INFO AUROC improved from 83.84 to 83.92!!!
2024-12-22 20:37:54,215 INFO ####### --- Training Epoch 14 --- #######
2024-12-22 20:38:14,684 INFO Epoch 14 	 Batch 99	LR : 0.00100	Tot. Loss: 0.18
2024-12-22 20:38:34,877 INFO Epoch 14 	 Batch 199	LR : 0.00100	Tot. Loss: 0.18
2024-12-22 20:38:55,061 INFO Epoch 14 	 Batch 299	LR : 0.00100	Tot. Loss: 0.18
2024-12-22 20:39:07,405 INFO ################## 
 ---> Validation Epoch 14	Acc.: 78.580	FPR: 69.468	AUROC: 83.669	AUPR: 54.669	AURC: 65.453	EAURC: 40.672	AUPR Succ.: 95.129	ECE: 8.633	NLL: 6.896	Brier: 31.617
2024-12-22 20:39:07,407 INFO ####### --- Training Epoch 15 --- #######
2024-12-22 20:39:27,884 INFO Epoch 15 	 Batch 99	LR : 0.00100	Tot. Loss: 0.18
2024-12-22 20:39:48,079 INFO Epoch 15 	 Batch 199	LR : 0.00100	Tot. Loss: 0.18
2024-12-22 20:40:08,278 INFO Epoch 15 	 Batch 299	LR : 0.00100	Tot. Loss: 0.18
2024-12-22 20:40:20,624 INFO ################## 
 ---> Validation Epoch 15	Acc.: 78.920	FPR: 70.873	AUROC: 83.251	AUPR: 53.219	AURC: 65.335	EAURC: 41.367	AUPR Succ.: 95.061	ECE: 7.836	NLL: 6.757	Brier: 31.055
2024-12-22 20:40:20,625 INFO ####### --- Training Epoch 16 --- #######
2024-12-22 20:40:41,129 INFO Epoch 16 	 Batch 99	LR : 0.00100	Tot. Loss: 0.18
2024-12-22 20:41:01,326 INFO Epoch 16 	 Batch 199	LR : 0.00100	Tot. Loss: 0.18
2024-12-22 20:41:21,544 INFO Epoch 16 	 Batch 299	LR : 0.00100	Tot. Loss: 0.18
2024-12-22 20:41:33,903 INFO ################## 
 ---> Validation Epoch 16	Acc.: 80.300	FPR: 71.269	AUROC: 84.042	AUPR: 51.250	AURC: 57.677	EAURC: 36.856	AUPR Succ.: 95.653	ECE: 6.774	NLL: 6.294	Brier: 28.987
2024-12-22 20:41:33,903 INFO Accuracy improved from 80.16 to 80.30!!!
2024-12-22 20:41:33,919 INFO AUROC improved from 83.92 to 84.04!!!
2024-12-22 20:41:33,932 INFO AURC decreased from 60.50 to 57.68!!!
2024-12-22 20:41:33,946 INFO ####### --- Training Epoch 17 --- #######
2024-12-22 20:41:54,440 INFO Epoch 17 	 Batch 99	LR : 0.00100	Tot. Loss: 0.18
2024-12-22 20:42:14,636 INFO Epoch 17 	 Batch 199	LR : 0.00100	Tot. Loss: 0.18
2024-12-22 20:42:34,859 INFO Epoch 17 	 Batch 299	LR : 0.00100	Tot. Loss: 0.18
2024-12-22 20:42:47,227 INFO ################## 
 ---> Validation Epoch 17	Acc.: 78.440	FPR: 71.800	AUROC: 83.297	AUPR: 53.293	AURC: 67.466	EAURC: 42.347	AUPR Succ.: 94.918	ECE: 8.069	NLL: 6.839	Brier: 31.633
2024-12-22 20:42:47,228 INFO ####### --- Training Epoch 18 --- #######
2024-12-22 20:43:07,727 INFO Epoch 18 	 Batch 99	LR : 0.00100	Tot. Loss: 0.18
2024-12-22 20:43:27,966 INFO Epoch 18 	 Batch 199	LR : 0.00100	Tot. Loss: 0.18
2024-12-22 20:43:48,203 INFO Epoch 18 	 Batch 299	LR : 0.00100	Tot. Loss: 0.17
2024-12-22 20:44:00,577 INFO ################## 
 ---> Validation Epoch 18	Acc.: 78.540	FPR: 73.998	AUROC: 82.570	AUPR: 52.511	AURC: 68.804	EAURC: 43.927	AUPR Succ.: 94.743	ECE: 8.034	NLL: 6.853	Brier: 31.843
2024-12-22 20:44:00,578 INFO ####### --- Training Epoch 19 --- #######
2024-12-22 20:44:21,085 INFO Epoch 19 	 Batch 99	LR : 0.00100	Tot. Loss: 0.18
2024-12-22 20:44:41,294 INFO Epoch 19 	 Batch 199	LR : 0.00100	Tot. Loss: 0.18
2024-12-22 20:45:01,510 INFO Epoch 19 	 Batch 299	LR : 0.00100	Tot. Loss: 0.17
2024-12-22 20:45:13,920 INFO ################## 
 ---> Validation Epoch 19	Acc.: 78.680	FPR: 71.857	AUROC: 83.372	AUPR: 53.044	AURC: 65.954	EAURC: 41.413	AUPR Succ.: 95.046	ECE: 7.855	NLL: 6.764	Brier: 31.252
2024-12-22 20:45:13,921 INFO ####### --- Training Epoch 20 --- #######
2024-12-22 20:45:34,421 INFO Epoch 20 	 Batch 99	LR : 0.00099	Tot. Loss: 0.17
2024-12-22 20:45:54,626 INFO Epoch 20 	 Batch 199	LR : 0.00099	Tot. Loss: 0.17
2024-12-22 20:46:14,851 INFO Epoch 20 	 Batch 299	LR : 0.00099	Tot. Loss: 0.17
2024-12-22 20:46:27,217 INFO ################## 
 ---> Validation Epoch 20	Acc.: 79.800	FPR: 71.188	AUROC: 83.766	AUPR: 51.434	AURC: 60.129	EAURC: 38.195	AUPR Succ.: 95.478	ECE: 7.318	NLL: 6.484	Brier: 29.714
2024-12-22 20:46:27,219 INFO ####### --- Training Epoch 21 --- #######
2024-12-22 20:46:47,706 INFO Epoch 21 	 Batch 99	LR : 0.00099	Tot. Loss: 0.17
2024-12-22 20:47:07,915 INFO Epoch 21 	 Batch 199	LR : 0.00099	Tot. Loss: 0.17
2024-12-22 20:47:28,132 INFO Epoch 21 	 Batch 299	LR : 0.00099	Tot. Loss: 0.17
2024-12-22 20:47:40,497 INFO ################## 
 ---> Validation Epoch 21	Acc.: 80.140	FPR: 75.428	AUROC: 83.031	AUPR: 49.481	AURC: 60.543	EAURC: 39.370	AUPR Succ.: 95.362	ECE: 6.785	NLL: 6.436	Brier: 29.815
2024-12-22 20:47:40,498 INFO ####### --- Training Epoch 22 --- #######
2024-12-22 20:48:01,024 INFO Epoch 22 	 Batch 99	LR : 0.00099	Tot. Loss: 0.17
2024-12-22 20:48:21,237 INFO Epoch 22 	 Batch 199	LR : 0.00099	Tot. Loss: 0.17
2024-12-22 20:48:41,469 INFO Epoch 22 	 Batch 299	LR : 0.00099	Tot. Loss: 0.17
2024-12-22 20:48:53,843 INFO ################## 
 ---> Validation Epoch 22	Acc.: 78.840	FPR: 70.510	AUROC: 83.725	AUPR: 54.194	AURC: 64.302	EAURC: 40.144	AUPR Succ.: 95.202	ECE: 7.610	NLL: 6.648	Brier: 30.995
2024-12-22 20:48:53,845 INFO ####### --- Training Epoch 23 --- #######
2024-12-22 20:49:14,354 INFO Epoch 23 	 Batch 99	LR : 0.00099	Tot. Loss: 0.17
2024-12-22 20:49:34,574 INFO Epoch 23 	 Batch 199	LR : 0.00099	Tot. Loss: 0.17
2024-12-22 20:49:54,794 INFO Epoch 23 	 Batch 299	LR : 0.00099	Tot. Loss: 0.17
2024-12-22 20:50:07,129 INFO ################## 
 ---> Validation Epoch 23	Acc.: 78.780	FPR: 75.872	AUROC: 83.107	AUPR: 52.416	AURC: 66.325	EAURC: 42.024	AUPR Succ.: 94.979	ECE: 8.085	NLL: 6.901	Brier: 31.479
2024-12-22 20:50:07,131 INFO ####### --- Training Epoch 24 --- #######
2024-12-22 20:50:27,618 INFO Epoch 24 	 Batch 99	LR : 0.00099	Tot. Loss: 0.17
2024-12-22 20:50:47,808 INFO Epoch 24 	 Batch 199	LR : 0.00099	Tot. Loss: 0.17
2024-12-22 20:51:07,997 INFO Epoch 24 	 Batch 299	LR : 0.00099	Tot. Loss: 0.17
2024-12-22 20:51:20,332 INFO ################## 
 ---> Validation Epoch 24	Acc.: 77.960	FPR: 72.323	AUROC: 83.715	AUPR: 54.885	AURC: 68.266	EAURC: 41.966	AUPR Succ.: 94.937	ECE: 8.683	NLL: 6.983	Brier: 31.983
2024-12-22 20:51:20,334 INFO ####### --- Training Epoch 25 --- #######
2024-12-22 20:51:40,796 INFO Epoch 25 	 Batch 99	LR : 0.00099	Tot. Loss: 0.17
2024-12-22 20:52:00,966 INFO Epoch 25 	 Batch 199	LR : 0.00099	Tot. Loss: 0.17
2024-12-22 20:52:21,135 INFO Epoch 25 	 Batch 299	LR : 0.00099	Tot. Loss: 0.17
2024-12-22 20:52:33,467 INFO ################## 
 ---> Validation Epoch 25	Acc.: 79.840	FPR: 71.825	AUROC: 83.861	AUPR: 52.217	AURC: 59.919	EAURC: 38.075	AUPR Succ.: 95.491	ECE: 7.396	NLL: 6.420	Brier: 29.627
2024-12-22 20:52:33,468 INFO ####### --- Training Epoch 26 --- #######
2024-12-22 20:52:53,928 INFO Epoch 26 	 Batch 99	LR : 0.00099	Tot. Loss: 0.17
2024-12-22 20:53:14,098 INFO Epoch 26 	 Batch 199	LR : 0.00099	Tot. Loss: 0.17
2024-12-22 20:53:34,268 INFO Epoch 26 	 Batch 299	LR : 0.00099	Tot. Loss: 0.17
2024-12-22 20:53:46,609 INFO ################## 
 ---> Validation Epoch 26	Acc.: 79.780	FPR: 72.997	AUROC: 83.157	AUPR: 49.600	AURC: 61.645	EAURC: 39.666	AUPR Succ.: 95.311	ECE: 7.326	NLL: 6.552	Brier: 30.089
2024-12-22 20:53:46,611 INFO ####### --- Training Epoch 27 --- #######
2024-12-22 20:54:07,051 INFO Epoch 27 	 Batch 99	LR : 0.00099	Tot. Loss: 0.17
2024-12-22 20:54:27,215 INFO Epoch 27 	 Batch 199	LR : 0.00099	Tot. Loss: 0.17
2024-12-22 20:54:47,381 INFO Epoch 27 	 Batch 299	LR : 0.00099	Tot. Loss: 0.17
2024-12-22 20:54:59,738 INFO ################## 
 ---> Validation Epoch 27	Acc.: 79.380	FPR: 70.029	AUROC: 84.242	AUPR: 54.507	AURC: 60.651	EAURC: 37.758	AUPR Succ.: 95.508	ECE: 7.571	NLL: 6.568	Brier: 30.195
2024-12-22 20:54:59,738 INFO AUROC improved from 84.04 to 84.24!!!
2024-12-22 20:54:59,755 INFO ####### --- Training Epoch 28 --- #######
2024-12-22 20:55:20,204 INFO Epoch 28 	 Batch 99	LR : 0.00099	Tot. Loss: 0.17
2024-12-22 20:55:40,372 INFO Epoch 28 	 Batch 199	LR : 0.00099	Tot. Loss: 0.17
2024-12-22 20:56:00,536 INFO Epoch 28 	 Batch 299	LR : 0.00099	Tot. Loss: 0.17
2024-12-22 20:56:12,902 INFO ################## 
 ---> Validation Epoch 28	Acc.: 79.140	FPR: 75.455	AUROC: 83.279	AUPR: 49.976	AURC: 64.127	EAURC: 40.676	AUPR Succ.: 95.160	ECE: 7.834	NLL: 6.689	Brier: 30.883
2024-12-22 20:56:12,903 INFO ####### --- Training Epoch 29 --- #######
2024-12-22 20:56:33,347 INFO Epoch 29 	 Batch 99	LR : 0.00099	Tot. Loss: 0.17
2024-12-22 20:56:53,509 INFO Epoch 29 	 Batch 199	LR : 0.00099	Tot. Loss: 0.17
2024-12-22 20:57:13,664 INFO Epoch 29 	 Batch 299	LR : 0.00099	Tot. Loss: 0.17
2024-12-22 20:57:25,963 INFO ################## 
 ---> Validation Epoch 29	Acc.: 79.000	FPR: 70.667	AUROC: 83.735	AUPR: 53.282	AURC: 63.584	EAURC: 39.804	AUPR Succ.: 95.251	ECE: 7.660	NLL: 6.663	Brier: 30.752
2024-12-22 20:57:25,964 INFO ####### --- Training Epoch 30 --- #######
2024-12-22 20:57:46,405 INFO Epoch 30 	 Batch 99	LR : 0.00098	Tot. Loss: 0.17
2024-12-22 20:58:06,557 INFO Epoch 30 	 Batch 199	LR : 0.00098	Tot. Loss: 0.17
2024-12-22 20:58:26,712 INFO Epoch 30 	 Batch 299	LR : 0.00098	Tot. Loss: 0.17
2024-12-22 20:58:39,059 INFO ################## 
 ---> Validation Epoch 30	Acc.: 80.680	FPR: 72.464	AUROC: 83.060	AUPR: 49.489	AURC: 58.357	EAURC: 38.361	AUPR Succ.: 95.501	ECE: 6.395	NLL: 6.317	Brier: 29.040
2024-12-22 20:58:39,060 INFO Accuracy improved from 80.30 to 80.68!!!
2024-12-22 20:58:39,078 INFO ####### --- Training Epoch 31 --- #######
2024-12-22 20:58:59,529 INFO Epoch 31 	 Batch 99	LR : 0.00098	Tot. Loss: 0.17
2024-12-22 20:59:19,677 INFO Epoch 31 	 Batch 199	LR : 0.00098	Tot. Loss: 0.17
2024-12-22 20:59:39,831 INFO Epoch 31 	 Batch 299	LR : 0.00098	Tot. Loss: 0.17
2024-12-22 20:59:52,154 INFO ################## 
 ---> Validation Epoch 31	Acc.: 79.800	FPR: 73.168	AUROC: 83.373	AUPR: 50.614	AURC: 61.390	EAURC: 39.456	AUPR Succ.: 95.329	ECE: 7.357	NLL: 6.485	Brier: 29.950
2024-12-22 20:59:52,155 INFO ####### --- Training Epoch 32 --- #######
2024-12-22 21:00:12,585 INFO Epoch 32 	 Batch 99	LR : 0.00098	Tot. Loss: 0.17
2024-12-22 21:00:32,729 INFO Epoch 32 	 Batch 199	LR : 0.00098	Tot. Loss: 0.17
2024-12-22 21:00:52,875 INFO Epoch 32 	 Batch 299	LR : 0.00098	Tot. Loss: 0.17
2024-12-22 21:01:05,186 INFO ################## 
 ---> Validation Epoch 32	Acc.: 80.340	FPR: 71.719	AUROC: 83.742	AUPR: 50.696	AURC: 58.163	EAURC: 37.429	AUPR Succ.: 95.591	ECE: 6.924	NLL: 6.374	Brier: 29.283
2024-12-22 21:01:05,188 INFO ####### --- Training Epoch 33 --- #######
2024-12-22 21:01:25,607 INFO Epoch 33 	 Batch 99	LR : 0.00098	Tot. Loss: 0.17
2024-12-22 21:01:45,742 INFO Epoch 33 	 Batch 199	LR : 0.00098	Tot. Loss: 0.17
2024-12-22 21:02:05,881 INFO Epoch 33 	 Batch 299	LR : 0.00098	Tot. Loss: 0.17
2024-12-22 21:02:18,231 INFO ################## 
 ---> Validation Epoch 33	Acc.: 80.400	FPR: 70.000	AUROC: 83.887	AUPR: 51.374	AURC: 57.572	EAURC: 36.969	AUPR Succ.: 95.646	ECE: 6.781	NLL: 6.332	Brier: 29.019
2024-12-22 21:02:18,231 INFO AURC decreased from 57.68 to 57.57!!!
2024-12-22 21:02:18,248 INFO ####### --- Training Epoch 34 --- #######
2024-12-22 21:02:38,671 INFO Epoch 34 	 Batch 99	LR : 0.00098	Tot. Loss: 0.17
2024-12-22 21:02:58,826 INFO Epoch 34 	 Batch 199	LR : 0.00098	Tot. Loss: 0.17
2024-12-22 21:03:18,983 INFO Epoch 34 	 Batch 299	LR : 0.00098	Tot. Loss: 0.17
2024-12-22 21:03:31,346 INFO ################## 
 ---> Validation Epoch 34	Acc.: 79.300	FPR: 70.918	AUROC: 83.677	AUPR: 52.444	AURC: 62.435	EAURC: 39.357	AUPR Succ.: 95.319	ECE: 7.849	NLL: 6.573	Brier: 30.364
2024-12-22 21:03:31,348 INFO ####### --- Training Epoch 35 --- #######
2024-12-22 21:03:51,773 INFO Epoch 35 	 Batch 99	LR : 0.00098	Tot. Loss: 0.17
2024-12-22 21:04:11,923 INFO Epoch 35 	 Batch 199	LR : 0.00098	Tot. Loss: 0.17
2024-12-22 21:04:32,077 INFO Epoch 35 	 Batch 299	LR : 0.00098	Tot. Loss: 0.17
2024-12-22 21:04:44,421 INFO ################## 
 ---> Validation Epoch 35	Acc.: 79.820	FPR: 72.646	AUROC: 83.924	AUPR: 52.467	AURC: 59.674	EAURC: 37.785	AUPR Succ.: 95.527	ECE: 7.405	NLL: 6.433	Brier: 29.740
2024-12-22 21:04:44,422 INFO ####### --- Training Epoch 36 --- #######
2024-12-22 21:05:04,857 INFO Epoch 36 	 Batch 99	LR : 0.00098	Tot. Loss: 0.17
2024-12-22 21:05:25,004 INFO Epoch 36 	 Batch 199	LR : 0.00098	Tot. Loss: 0.17
2024-12-22 21:05:45,153 INFO Epoch 36 	 Batch 299	LR : 0.00098	Tot. Loss: 0.17
2024-12-22 21:05:57,470 INFO ################## 
 ---> Validation Epoch 36	Acc.: 78.880	FPR: 71.402	AUROC: 83.481	AUPR: 53.810	AURC: 64.729	EAURC: 40.666	AUPR Succ.: 95.144	ECE: 7.796	NLL: 6.699	Brier: 30.970
2024-12-22 21:05:57,472 INFO ####### --- Training Epoch 37 --- #######
2024-12-22 21:06:17,913 INFO Epoch 37 	 Batch 99	LR : 0.00097	Tot. Loss: 0.17
2024-12-22 21:06:38,051 INFO Epoch 37 	 Batch 199	LR : 0.00097	Tot. Loss: 0.17
2024-12-22 21:06:58,197 INFO Epoch 37 	 Batch 299	LR : 0.00097	Tot. Loss: 0.17
2024-12-22 21:07:10,535 INFO ################## 
 ---> Validation Epoch 37	Acc.: 79.700	FPR: 75.764	AUROC: 82.975	AUPR: 49.092	AURC: 62.569	EAURC: 40.409	AUPR Succ.: 95.221	ECE: 7.679	NLL: 6.623	Brier: 30.494
2024-12-22 21:07:10,536 INFO ####### --- Training Epoch 38 --- #######
2024-12-22 21:07:30,973 INFO Epoch 38 	 Batch 99	LR : 0.00097	Tot. Loss: 0.17
2024-12-22 21:07:51,116 INFO Epoch 38 	 Batch 199	LR : 0.00097	Tot. Loss: 0.17
2024-12-22 21:08:11,253 INFO Epoch 38 	 Batch 299	LR : 0.00097	Tot. Loss: 0.17
2024-12-22 21:08:23,592 INFO ################## 
 ---> Validation Epoch 38	Acc.: 78.120	FPR: 72.852	AUROC: 82.684	AUPR: 53.512	AURC: 70.215	EAURC: 44.312	AUPR Succ.: 94.676	ECE: 8.706	NLL: 7.068	Brier: 32.430
2024-12-22 21:08:23,594 INFO ####### --- Training Epoch 39 --- #######
2024-12-22 21:08:44,032 INFO Epoch 39 	 Batch 99	LR : 0.00097	Tot. Loss: 0.17
2024-12-22 21:09:04,168 INFO Epoch 39 	 Batch 199	LR : 0.00097	Tot. Loss: 0.17
2024-12-22 21:09:24,307 INFO Epoch 39 	 Batch 299	LR : 0.00097	Tot. Loss: 0.17
2024-12-22 21:09:36,654 INFO ################## 
 ---> Validation Epoch 39	Acc.: 80.180	FPR: 74.369	AUROC: 82.998	AUPR: 49.442	AURC: 60.351	EAURC: 39.265	AUPR Succ.: 95.377	ECE: 6.965	NLL: 6.427	Brier: 29.691
2024-12-22 21:09:36,655 INFO ####### --- Training Epoch 40 --- #######
2024-12-22 21:09:57,091 INFO Epoch 40 	 Batch 99	LR : 0.00097	Tot. Loss: 0.17
2024-12-22 21:10:17,237 INFO Epoch 40 	 Batch 199	LR : 0.00097	Tot. Loss: 0.17
2024-12-22 21:10:37,385 INFO Epoch 40 	 Batch 299	LR : 0.00097	Tot. Loss: 0.17
2024-12-22 21:10:49,718 INFO ################## 
 ---> Validation Epoch 40	Acc.: 79.520	FPR: 72.559	AUROC: 83.846	AUPR: 52.291	AURC: 60.890	EAURC: 38.320	AUPR Succ.: 95.455	ECE: 7.663	NLL: 6.546	Brier: 30.269
2024-12-22 21:10:49,720 INFO ####### --- Training Epoch 41 --- #######
2024-12-22 21:11:10,153 INFO Epoch 41 	 Batch 99	LR : 0.00097	Tot. Loss: 0.17
2024-12-22 21:11:30,293 INFO Epoch 41 	 Batch 199	LR : 0.00097	Tot. Loss: 0.17
2024-12-22 21:11:50,441 INFO Epoch 41 	 Batch 299	LR : 0.00097	Tot. Loss: 0.17
2024-12-22 21:12:02,758 INFO ################## 
 ---> Validation Epoch 41	Acc.: 79.700	FPR: 70.739	AUROC: 83.692	AUPR: 53.091	AURC: 61.116	EAURC: 38.956	AUPR Succ.: 95.379	ECE: 7.248	NLL: 6.510	Brier: 29.931
2024-12-22 21:12:02,760 INFO ####### --- Training Epoch 42 --- #######
2024-12-22 21:12:23,208 INFO Epoch 42 	 Batch 99	LR : 0.00097	Tot. Loss: 0.17
2024-12-22 21:12:43,341 INFO Epoch 42 	 Batch 199	LR : 0.00097	Tot. Loss: 0.17
2024-12-22 21:13:03,477 INFO Epoch 42 	 Batch 299	LR : 0.00097	Tot. Loss: 0.17
2024-12-22 21:13:15,796 INFO ################## 
 ---> Validation Epoch 42	Acc.: 80.000	FPR: 73.600	AUROC: 83.263	AUPR: 50.523	AURC: 60.692	EAURC: 39.207	AUPR Succ.: 95.370	ECE: 7.467	NLL: 6.507	Brier: 29.739
2024-12-22 21:13:15,797 INFO ####### --- Training Epoch 43 --- #######
2024-12-22 21:13:36,213 INFO Epoch 43 	 Batch 99	LR : 0.00096	Tot. Loss: 0.17
2024-12-22 21:13:56,341 INFO Epoch 43 	 Batch 199	LR : 0.00096	Tot. Loss: 0.17
2024-12-22 21:14:16,465 INFO Epoch 43 	 Batch 299	LR : 0.00096	Tot. Loss: 0.17
2024-12-22 21:14:28,772 INFO ################## 
 ---> Validation Epoch 43	Acc.: 80.180	FPR: 72.048	AUROC: 83.963	AUPR: 51.364	AURC: 58.016	EAURC: 36.930	AUPR Succ.: 95.645	ECE: 7.141	NLL: 6.384	Brier: 29.379
2024-12-22 21:14:28,773 INFO ####### --- Training Epoch 44 --- #######
2024-12-22 21:14:49,192 INFO Epoch 44 	 Batch 99	LR : 0.00096	Tot. Loss: 0.17
2024-12-22 21:15:09,318 INFO Epoch 44 	 Batch 199	LR : 0.00096	Tot. Loss: 0.17
2024-12-22 21:15:29,444 INFO Epoch 44 	 Batch 299	LR : 0.00096	Tot. Loss: 0.17
2024-12-22 21:15:41,742 INFO ################## 
 ---> Validation Epoch 44	Acc.: 80.820	FPR: 70.699	AUROC: 83.515	AUPR: 49.955	AURC: 56.801	EAURC: 37.104	AUPR Succ.: 95.650	ECE: 6.635	NLL: 6.268	Brier: 28.678
2024-12-22 21:15:41,742 INFO Accuracy improved from 80.68 to 80.82!!!
2024-12-22 21:15:41,758 INFO AURC decreased from 57.57 to 56.80!!!
2024-12-22 21:15:41,772 INFO ####### --- Training Epoch 45 --- #######
2024-12-22 21:16:02,182 INFO Epoch 45 	 Batch 99	LR : 0.00096	Tot. Loss: 0.17
2024-12-22 21:16:22,303 INFO Epoch 45 	 Batch 199	LR : 0.00096	Tot. Loss: 0.17
2024-12-22 21:16:42,415 INFO Epoch 45 	 Batch 299	LR : 0.00096	Tot. Loss: 0.17
2024-12-22 21:16:54,716 INFO ################## 
 ---> Validation Epoch 45	Acc.: 80.040	FPR: 69.940	AUROC: 83.961	AUPR: 51.591	AURC: 58.701	EAURC: 37.305	AUPR Succ.: 95.593	ECE: 6.697	NLL: 6.426	Brier: 29.530
2024-12-22 21:16:54,718 INFO ####### --- Training Epoch 46 --- #######
2024-12-22 21:17:15,208 INFO Epoch 46 	 Batch 99	LR : 0.00096	Tot. Loss: 0.17
2024-12-22 21:17:35,319 INFO Epoch 46 	 Batch 199	LR : 0.00096	Tot. Loss: 0.17
2024-12-22 21:17:55,431 INFO Epoch 46 	 Batch 299	LR : 0.00096	Tot. Loss: 0.17
2024-12-22 21:18:07,917 INFO ################## 
 ---> Validation Epoch 46	Acc.: 80.420	FPR: 74.464	AUROC: 83.571	AUPR: 50.012	AURC: 58.145	EAURC: 37.586	AUPR Succ.: 95.579	ECE: 7.111	NLL: 6.383	Brier: 29.240
2024-12-22 21:18:07,918 INFO ####### --- Training Epoch 47 --- #######
2024-12-22 21:18:28,315 INFO Epoch 47 	 Batch 99	LR : 0.00096	Tot. Loss: 0.17
2024-12-22 21:18:48,428 INFO Epoch 47 	 Batch 199	LR : 0.00096	Tot. Loss: 0.17
2024-12-22 21:19:08,542 INFO Epoch 47 	 Batch 299	LR : 0.00096	Tot. Loss: 0.17
2024-12-22 21:19:20,862 INFO ################## 
 ---> Validation Epoch 47	Acc.: 79.000	FPR: 71.238	AUROC: 83.928	AUPR: 54.340	AURC: 63.357	EAURC: 39.578	AUPR Succ.: 95.272	ECE: 7.440	NLL: 6.557	Brier: 30.510
2024-12-22 21:19:20,863 INFO ####### --- Training Epoch 48 --- #######
2024-12-22 21:19:41,267 INFO Epoch 48 	 Batch 99	LR : 0.00095	Tot. Loss: 0.17
2024-12-22 21:20:01,370 INFO Epoch 48 	 Batch 199	LR : 0.00095	Tot. Loss: 0.17
2024-12-22 21:20:21,482 INFO Epoch 48 	 Batch 299	LR : 0.00095	Tot. Loss: 0.17
2024-12-22 21:20:33,799 INFO ################## 
 ---> Validation Epoch 48	Acc.: 80.240	FPR: 74.696	AUROC: 83.330	AUPR: 49.653	AURC: 59.269	EAURC: 38.316	AUPR Succ.: 95.491	ECE: 6.666	NLL: 6.385	Brier: 29.525
2024-12-22 21:20:33,801 INFO ####### --- Training Epoch 49 --- #######
2024-12-22 21:20:54,203 INFO Epoch 49 	 Batch 99	LR : 0.00095	Tot. Loss: 0.17
2024-12-22 21:21:14,319 INFO Epoch 49 	 Batch 199	LR : 0.00095	Tot. Loss: 0.17
2024-12-22 21:21:34,436 INFO Epoch 49 	 Batch 299	LR : 0.00095	Tot. Loss: 0.17
2024-12-22 21:21:46,740 INFO ################## 
 ---> Validation Epoch 49	Acc.: 80.200	FPR: 71.414	AUROC: 83.607	AUPR: 51.064	AURC: 58.997	EAURC: 37.956	AUPR Succ.: 95.524	ECE: 6.862	NLL: 6.373	Brier: 29.445
2024-12-22 21:21:46,741 INFO ####### --- Training Epoch 50 --- #######
2024-12-22 21:22:07,131 INFO Epoch 50 	 Batch 99	LR : 0.00095	Tot. Loss: 0.17
2024-12-22 21:22:27,236 INFO Epoch 50 	 Batch 199	LR : 0.00095	Tot. Loss: 0.17
2024-12-22 21:22:47,344 INFO Epoch 50 	 Batch 299	LR : 0.00095	Tot. Loss: 0.17
2024-12-22 21:22:59,674 INFO ################## 
 ---> Validation Epoch 50	Acc.: 79.940	FPR: 72.283	AUROC: 83.648	AUPR: 51.154	AURC: 60.017	EAURC: 38.397	AUPR Succ.: 95.460	ECE: 6.943	NLL: 6.372	Brier: 29.522
2024-12-22 21:22:59,676 INFO ####### --- Training Epoch 51 --- #######
2024-12-22 21:23:20,074 INFO Epoch 51 	 Batch 99	LR : 0.00095	Tot. Loss: 0.17
2024-12-22 21:23:40,173 INFO Epoch 51 	 Batch 199	LR : 0.00095	Tot. Loss: 0.17
2024-12-22 21:24:00,277 INFO Epoch 51 	 Batch 299	LR : 0.00095	Tot. Loss: 0.17
2024-12-22 21:24:12,580 INFO ################## 
 ---> Validation Epoch 51	Acc.: 78.620	FPR: 70.814	AUROC: 83.780	AUPR: 54.690	AURC: 65.243	EAURC: 40.559	AUPR Succ.: 95.139	ECE: 8.119	NLL: 6.716	Brier: 31.186
2024-12-22 21:24:12,581 INFO ####### --- Training Epoch 52 --- #######
2024-12-22 21:24:32,978 INFO Epoch 52 	 Batch 99	LR : 0.00094	Tot. Loss: 0.17
2024-12-22 21:24:53,081 INFO Epoch 52 	 Batch 199	LR : 0.00094	Tot. Loss: 0.17
2024-12-22 21:25:13,192 INFO Epoch 52 	 Batch 299	LR : 0.00094	Tot. Loss: 0.17
2024-12-22 21:25:25,526 INFO ################## 
 ---> Validation Epoch 52	Acc.: 78.640	FPR: 70.318	AUROC: 83.861	AUPR: 54.084	AURC: 64.764	EAURC: 40.128	AUPR Succ.: 95.195	ECE: 8.288	NLL: 6.798	Brier: 31.318
2024-12-22 21:25:25,528 INFO ####### --- Training Epoch 53 --- #######
2024-12-22 21:25:45,918 INFO Epoch 53 	 Batch 99	LR : 0.00094	Tot. Loss: 0.17
2024-12-22 21:26:06,018 INFO Epoch 53 	 Batch 199	LR : 0.00094	Tot. Loss: 0.17
2024-12-22 21:26:26,132 INFO Epoch 53 	 Batch 299	LR : 0.00094	Tot. Loss: 0.17
2024-12-22 21:26:38,419 INFO ################## 
 ---> Validation Epoch 53	Acc.: 78.960	FPR: 73.574	AUROC: 83.260	AUPR: 50.710	AURC: 64.977	EAURC: 41.103	AUPR Succ.: 95.099	ECE: 7.910	NLL: 6.685	Brier: 31.109
2024-12-22 21:26:38,420 INFO ####### --- Training Epoch 54 --- #######
2024-12-22 21:26:58,823 INFO Epoch 54 	 Batch 99	LR : 0.00094	Tot. Loss: 0.17
2024-12-22 21:27:18,932 INFO Epoch 54 	 Batch 199	LR : 0.00094	Tot. Loss: 0.17
2024-12-22 21:27:39,044 INFO Epoch 54 	 Batch 299	LR : 0.00094	Tot. Loss: 0.17
2024-12-22 21:27:51,339 INFO ################## 
 ---> Validation Epoch 54	Acc.: 79.020	FPR: 73.117	AUROC: 83.612	AUPR: 52.820	AURC: 63.708	EAURC: 39.976	AUPR Succ.: 95.235	ECE: 7.808	NLL: 6.758	Brier: 31.114
2024-12-22 21:27:51,340 INFO ####### --- Training Epoch 55 --- #######
2024-12-22 21:28:11,741 INFO Epoch 55 	 Batch 99	LR : 0.00094	Tot. Loss: 0.17
2024-12-22 21:28:31,857 INFO Epoch 55 	 Batch 199	LR : 0.00094	Tot. Loss: 0.17
2024-12-22 21:28:51,975 INFO Epoch 55 	 Batch 299	LR : 0.00094	Tot. Loss: 0.17
2024-12-22 21:29:04,291 INFO ################## 
 ---> Validation Epoch 55	Acc.: 80.500	FPR: 73.231	AUROC: 83.007	AUPR: 49.224	AURC: 59.401	EAURC: 39.016	AUPR Succ.: 95.415	ECE: 6.746	NLL: 6.375	Brier: 29.190
2024-12-22 21:29:04,292 INFO ####### --- Training Epoch 56 --- #######
2024-12-22 21:29:24,690 INFO Epoch 56 	 Batch 99	LR : 0.00093	Tot. Loss: 0.17
2024-12-22 21:29:44,794 INFO Epoch 56 	 Batch 199	LR : 0.00093	Tot. Loss: 0.17
2024-12-22 21:30:04,925 INFO Epoch 56 	 Batch 299	LR : 0.00093	Tot. Loss: 0.17
2024-12-22 21:30:17,246 INFO ################## 
 ---> Validation Epoch 56	Acc.: 80.060	FPR: 74.524	AUROC: 83.014	AUPR: 48.800	AURC: 60.862	EAURC: 39.510	AUPR Succ.: 95.342	ECE: 7.147	NLL: 6.518	Brier: 29.948
2024-12-22 21:30:17,248 INFO ####### --- Training Epoch 57 --- #######
2024-12-22 21:30:37,643 INFO Epoch 57 	 Batch 99	LR : 0.00093	Tot. Loss: 0.17
2024-12-22 21:30:57,745 INFO Epoch 57 	 Batch 199	LR : 0.00093	Tot. Loss: 0.17
2024-12-22 21:31:17,845 INFO Epoch 57 	 Batch 299	LR : 0.00093	Tot. Loss: 0.17
2024-12-22 21:31:30,170 INFO ################## 
 ---> Validation Epoch 57	Acc.: 80.380	FPR: 74.108	AUROC: 83.255	AUPR: 49.979	AURC: 58.819	EAURC: 38.173	AUPR Succ.: 95.513	ECE: 6.890	NLL: 6.367	Brier: 29.370
2024-12-22 21:31:30,171 INFO ####### --- Training Epoch 58 --- #######
2024-12-22 21:31:50,580 INFO Epoch 58 	 Batch 99	LR : 0.00093	Tot. Loss: 0.17
2024-12-22 21:32:10,682 INFO Epoch 58 	 Batch 199	LR : 0.00093	Tot. Loss: 0.17
2024-12-22 21:32:30,786 INFO Epoch 58 	 Batch 299	LR : 0.00093	Tot. Loss: 0.17
2024-12-22 21:32:43,084 INFO ################## 
 ---> Validation Epoch 58	Acc.: 80.200	FPR: 72.020	AUROC: 83.710	AUPR: 51.598	AURC: 58.868	EAURC: 37.827	AUPR Succ.: 95.537	ECE: 7.197	NLL: 6.486	Brier: 29.408
2024-12-22 21:32:43,085 INFO ####### --- Training Epoch 59 --- #######
2024-12-22 21:33:03,475 INFO Epoch 59 	 Batch 99	LR : 0.00093	Tot. Loss: 0.17
2024-12-22 21:33:23,579 INFO Epoch 59 	 Batch 199	LR : 0.00093	Tot. Loss: 0.17
2024-12-22 21:33:43,686 INFO Epoch 59 	 Batch 299	LR : 0.00093	Tot. Loss: 0.17
2024-12-22 21:33:56,004 INFO ################## 
 ---> Validation Epoch 59	Acc.: 79.800	FPR: 72.772	AUROC: 83.646	AUPR: 51.138	AURC: 60.283	EAURC: 38.349	AUPR Succ.: 95.464	ECE: 7.721	NLL: 6.637	Brier: 30.125
2024-12-22 21:33:56,005 INFO ####### --- Training Epoch 60 --- #######
2024-12-22 21:34:16,396 INFO Epoch 60 	 Batch 99	LR : 0.00092	Tot. Loss: 0.17
2024-12-22 21:34:36,494 INFO Epoch 60 	 Batch 199	LR : 0.00092	Tot. Loss: 0.17
2024-12-22 21:34:56,605 INFO Epoch 60 	 Batch 299	LR : 0.00092	Tot. Loss: 0.17
2024-12-22 21:35:08,918 INFO ################## 
 ---> Validation Epoch 60	Acc.: 79.820	FPR: 70.069	AUROC: 83.435	AUPR: 52.309	AURC: 61.025	EAURC: 39.136	AUPR Succ.: 95.368	ECE: 7.390	NLL: 6.569	Brier: 30.049
2024-12-22 21:35:08,919 INFO ####### --- Training Epoch 61 --- #######
2024-12-22 21:35:29,315 INFO Epoch 61 	 Batch 99	LR : 0.00092	Tot. Loss: 0.17
2024-12-22 21:35:49,427 INFO Epoch 61 	 Batch 199	LR : 0.00092	Tot. Loss: 0.17
2024-12-22 21:36:09,538 INFO Epoch 61 	 Batch 299	LR : 0.00092	Tot. Loss: 0.17
2024-12-22 21:36:21,827 INFO ################## 
 ---> Validation Epoch 61	Acc.: 80.360	FPR: 70.876	AUROC: 83.932	AUPR: 51.488	AURC: 57.548	EAURC: 36.858	AUPR Succ.: 95.657	ECE: 7.038	NLL: 6.337	Brier: 29.065
2024-12-22 21:36:21,828 INFO ####### --- Training Epoch 62 --- #######
2024-12-22 21:36:42,237 INFO Epoch 62 	 Batch 99	LR : 0.00092	Tot. Loss: 0.17
2024-12-22 21:37:02,351 INFO Epoch 62 	 Batch 199	LR : 0.00092	Tot. Loss: 0.17
2024-12-22 21:37:22,472 INFO Epoch 62 	 Batch 299	LR : 0.00092	Tot. Loss: 0.17
2024-12-22 21:37:34,786 INFO ################## 
 ---> Validation Epoch 62	Acc.: 80.800	FPR: 73.750	AUROC: 83.135	AUPR: 48.877	AURC: 57.848	EAURC: 38.108	AUPR Succ.: 95.534	ECE: 6.377	NLL: 6.242	Brier: 28.803
2024-12-22 21:37:34,787 INFO ####### --- Training Epoch 63 --- #######
2024-12-22 21:37:55,193 INFO Epoch 63 	 Batch 99	LR : 0.00091	Tot. Loss: 0.17
2024-12-22 21:38:15,313 INFO Epoch 63 	 Batch 199	LR : 0.00091	Tot. Loss: 0.17
2024-12-22 21:38:35,433 INFO Epoch 63 	 Batch 299	LR : 0.00091	Tot. Loss: 0.17
2024-12-22 21:38:47,745 INFO ################## 
 ---> Validation Epoch 63	Acc.: 80.040	FPR: 74.148	AUROC: 83.006	AUPR: 50.015	AURC: 61.077	EAURC: 39.681	AUPR Succ.: 95.321	ECE: 6.988	NLL: 6.482	Brier: 29.986
2024-12-22 21:38:47,746 INFO ####### --- Training Epoch 64 --- #######
2024-12-22 21:39:08,170 INFO Epoch 64 	 Batch 99	LR : 0.00091	Tot. Loss: 0.17
2024-12-22 21:39:28,290 INFO Epoch 64 	 Batch 199	LR : 0.00091	Tot. Loss: 0.17
2024-12-22 21:39:48,410 INFO Epoch 64 	 Batch 299	LR : 0.00091	Tot. Loss: 0.17
2024-12-22 21:40:00,699 INFO ################## 
 ---> Validation Epoch 64	Acc.: 79.800	FPR: 66.733	AUROC: 84.461	AUPR: 54.853	AURC: 58.613	EAURC: 36.679	AUPR Succ.: 95.650	ECE: 7.358	NLL: 6.529	Brier: 29.693
2024-12-22 21:40:00,700 INFO AUROC improved from 84.24 to 84.46!!!
2024-12-22 21:40:00,718 INFO ####### --- Training Epoch 65 --- #######
2024-12-22 21:40:21,116 INFO Epoch 65 	 Batch 99	LR : 0.00091	Tot. Loss: 0.17
2024-12-22 21:40:41,221 INFO Epoch 65 	 Batch 199	LR : 0.00091	Tot. Loss: 0.17
2024-12-22 21:41:01,327 INFO Epoch 65 	 Batch 299	LR : 0.00091	Tot. Loss: 0.17
2024-12-22 21:41:13,643 INFO ################## 
 ---> Validation Epoch 65	Acc.: 79.380	FPR: 73.618	AUROC: 83.178	AUPR: 51.279	AURC: 63.271	EAURC: 40.378	AUPR Succ.: 95.208	ECE: 7.264	NLL: 6.670	Brier: 30.827
2024-12-22 21:41:13,644 INFO ####### --- Training Epoch 66 --- #######
2024-12-22 21:41:34,036 INFO Epoch 66 	 Batch 99	LR : 0.00091	Tot. Loss: 0.17
2024-12-22 21:41:54,132 INFO Epoch 66 	 Batch 199	LR : 0.00091	Tot. Loss: 0.17
2024-12-22 21:42:14,240 INFO Epoch 66 	 Batch 299	LR : 0.00091	Tot. Loss: 0.17
2024-12-22 21:42:26,569 INFO ################## 
 ---> Validation Epoch 66	Acc.: 80.420	FPR: 72.319	AUROC: 83.083	AUPR: 48.890	AURC: 59.331	EAURC: 38.772	AUPR Succ.: 95.442	ECE: 6.939	NLL: 6.404	Brier: 29.333
2024-12-22 21:42:26,571 INFO ####### --- Training Epoch 67 --- #######
2024-12-22 21:42:46,966 INFO Epoch 67 	 Batch 99	LR : 0.00090	Tot. Loss: 0.17
2024-12-22 21:43:07,067 INFO Epoch 67 	 Batch 199	LR : 0.00090	Tot. Loss: 0.17
2024-12-22 21:43:27,174 INFO Epoch 67 	 Batch 299	LR : 0.00090	Tot. Loss: 0.17
2024-12-22 21:43:39,485 INFO ################## 
 ---> Validation Epoch 67	Acc.: 80.180	FPR: 72.048	AUROC: 83.406	AUPR: 50.126	AURC: 59.572	EAURC: 38.487	AUPR Succ.: 95.463	ECE: 6.974	NLL: 6.409	Brier: 29.496
2024-12-22 21:43:39,487 INFO ####### --- Training Epoch 68 --- #######
2024-12-22 21:43:59,872 INFO Epoch 68 	 Batch 99	LR : 0.00090	Tot. Loss: 0.17
2024-12-22 21:44:19,970 INFO Epoch 68 	 Batch 199	LR : 0.00090	Tot. Loss: 0.17
2024-12-22 21:44:40,069 INFO Epoch 68 	 Batch 299	LR : 0.00090	Tot. Loss: 0.17
2024-12-22 21:44:52,402 INFO ################## 
 ---> Validation Epoch 68	Acc.: 80.460	FPR: 71.034	AUROC: 83.633	AUPR: 52.059	AURC: 57.916	EAURC: 37.445	AUPR Succ.: 95.594	ECE: 6.732	NLL: 6.311	Brier: 29.051
2024-12-22 21:44:52,404 INFO ####### --- Training Epoch 69 --- #######
2024-12-22 21:45:12,794 INFO Epoch 69 	 Batch 99	LR : 0.00090	Tot. Loss: 0.17
2024-12-22 21:45:32,887 INFO Epoch 69 	 Batch 199	LR : 0.00090	Tot. Loss: 0.17
2024-12-22 21:45:52,987 INFO Epoch 69 	 Batch 299	LR : 0.00090	Tot. Loss: 0.17
2024-12-22 21:46:05,279 INFO ################## 
 ---> Validation Epoch 69	Acc.: 80.300	FPR: 75.330	AUROC: 83.248	AUPR: 49.608	AURC: 59.119	EAURC: 38.297	AUPR Succ.: 95.497	ECE: 6.988	NLL: 6.411	Brier: 29.665
2024-12-22 21:46:05,280 INFO ####### --- Training Epoch 70 --- #######
2024-12-22 21:46:25,675 INFO Epoch 70 	 Batch 99	LR : 0.00089	Tot. Loss: 0.17
2024-12-22 21:46:45,778 INFO Epoch 70 	 Batch 199	LR : 0.00089	Tot. Loss: 0.17
2024-12-22 21:47:05,878 INFO Epoch 70 	 Batch 299	LR : 0.00089	Tot. Loss: 0.17
2024-12-22 21:47:18,162 INFO ################## 
 ---> Validation Epoch 70	Acc.: 80.360	FPR: 70.367	AUROC: 83.901	AUPR: 52.529	AURC: 57.709	EAURC: 37.019	AUPR Succ.: 95.637	ECE: 6.924	NLL: 6.344	Brier: 29.063
2024-12-22 21:47:18,163 INFO ####### --- Training Epoch 71 --- #######
2024-12-22 21:47:38,573 INFO Epoch 71 	 Batch 99	LR : 0.00089	Tot. Loss: 0.17
2024-12-22 21:47:58,675 INFO Epoch 71 	 Batch 199	LR : 0.00089	Tot. Loss: 0.17
2024-12-22 21:48:18,784 INFO Epoch 71 	 Batch 299	LR : 0.00089	Tot. Loss: 0.17
2024-12-22 21:48:31,109 INFO ################## 
 ---> Validation Epoch 71	Acc.: 80.660	FPR: 75.078	AUROC: 83.163	AUPR: 48.522	AURC: 58.057	EAURC: 38.018	AUPR Succ.: 95.542	ECE: 7.009	NLL: 6.416	Brier: 29.181
2024-12-22 21:48:31,111 INFO ####### --- Training Epoch 72 --- #######
2024-12-22 21:48:51,507 INFO Epoch 72 	 Batch 99	LR : 0.00089	Tot. Loss: 0.17
2024-12-22 21:49:11,604 INFO Epoch 72 	 Batch 199	LR : 0.00089	Tot. Loss: 0.17
2024-12-22 21:49:31,703 INFO Epoch 72 	 Batch 299	LR : 0.00089	Tot. Loss: 0.17
2024-12-22 21:49:44,012 INFO ################## 
 ---> Validation Epoch 72	Acc.: 79.560	FPR: 71.037	AUROC: 83.975	AUPR: 51.998	AURC: 60.226	EAURC: 37.747	AUPR Succ.: 95.525	ECE: 7.670	NLL: 6.512	Brier: 30.072
2024-12-22 21:49:44,013 INFO ####### --- Training Epoch 73 --- #######
2024-12-22 21:50:04,408 INFO Epoch 73 	 Batch 99	LR : 0.00088	Tot. Loss: 0.17
2024-12-22 21:50:24,511 INFO Epoch 73 	 Batch 199	LR : 0.00088	Tot. Loss: 0.17
2024-12-22 21:50:44,608 INFO Epoch 73 	 Batch 299	LR : 0.00088	Tot. Loss: 0.17
2024-12-22 21:50:56,916 INFO ################## 
 ---> Validation Epoch 73	Acc.: 80.440	FPR: 69.325	AUROC: 83.828	AUPR: 51.228	AURC: 57.565	EAURC: 37.049	AUPR Succ.: 95.639	ECE: 6.987	NLL: 6.371	Brier: 29.035
2024-12-22 21:50:56,917 INFO ####### --- Training Epoch 74 --- #######
2024-12-22 21:51:17,285 INFO Epoch 74 	 Batch 99	LR : 0.00088	Tot. Loss: 0.17
2024-12-22 21:51:37,386 INFO Epoch 74 	 Batch 199	LR : 0.00088	Tot. Loss: 0.17
2024-12-22 21:51:57,489 INFO Epoch 74 	 Batch 299	LR : 0.00088	Tot. Loss: 0.17
2024-12-22 21:52:09,773 INFO ################## 
 ---> Validation Epoch 74	Acc.: 80.360	FPR: 72.301	AUROC: 82.989	AUPR: 49.198	AURC: 59.785	EAURC: 39.095	AUPR Succ.: 95.403	ECE: 6.772	NLL: 6.494	Brier: 29.667
2024-12-22 21:52:09,775 INFO ####### --- Training Epoch 75 --- #######
2024-12-22 21:52:30,153 INFO Epoch 75 	 Batch 99	LR : 0.00088	Tot. Loss: 0.17
2024-12-22 21:52:50,247 INFO Epoch 75 	 Batch 199	LR : 0.00088	Tot. Loss: 0.17
2024-12-22 21:53:10,341 INFO Epoch 75 	 Batch 299	LR : 0.00088	Tot. Loss: 0.17
2024-12-22 21:53:22,644 INFO ################## 
 ---> Validation Epoch 75	Acc.: 79.680	FPR: 73.720	AUROC: 84.400	AUPR: 52.471	AURC: 58.708	EAURC: 36.503	AUPR Succ.: 95.675	ECE: 7.639	NLL: 6.458	Brier: 29.747
2024-12-22 21:53:22,645 INFO ####### --- Training Epoch 76 --- #######
2024-12-22 21:53:43,055 INFO Epoch 76 	 Batch 99	LR : 0.00087	Tot. Loss: 0.17
2024-12-22 21:54:03,156 INFO Epoch 76 	 Batch 199	LR : 0.00087	Tot. Loss: 0.17
2024-12-22 21:54:23,266 INFO Epoch 76 	 Batch 299	LR : 0.00087	Tot. Loss: 0.17
2024-12-22 21:54:35,567 INFO ################## 
 ---> Validation Epoch 76	Acc.: 77.960	FPR: 72.142	AUROC: 83.055	AUPR: 54.014	AURC: 70.056	EAURC: 43.757	AUPR Succ.: 94.729	ECE: 8.307	NLL: 6.999	Brier: 32.341
2024-12-22 21:54:35,569 INFO ####### --- Training Epoch 77 --- #######
2024-12-22 21:54:55,964 INFO Epoch 77 	 Batch 99	LR : 0.00087	Tot. Loss: 0.17
2024-12-22 21:55:16,068 INFO Epoch 77 	 Batch 199	LR : 0.00087	Tot. Loss: 0.17
2024-12-22 21:55:36,184 INFO Epoch 77 	 Batch 299	LR : 0.00087	Tot. Loss: 0.17
2024-12-22 21:55:48,482 INFO ################## 
 ---> Validation Epoch 77	Acc.: 79.700	FPR: 72.906	AUROC: 83.494	AUPR: 50.539	AURC: 61.255	EAURC: 39.094	AUPR Succ.: 95.371	ECE: 7.264	NLL: 6.523	Brier: 30.096
2024-12-22 21:55:48,483 INFO ####### --- Training Epoch 78 --- #######
2024-12-22 21:56:08,879 INFO Epoch 78 	 Batch 99	LR : 0.00087	Tot. Loss: 0.17
2024-12-22 21:56:28,984 INFO Epoch 78 	 Batch 199	LR : 0.00087	Tot. Loss: 0.17
2024-12-22 21:56:49,094 INFO Epoch 78 	 Batch 299	LR : 0.00087	Tot. Loss: 0.17
2024-12-22 21:57:01,378 INFO ################## 
 ---> Validation Epoch 78	Acc.: 79.660	FPR: 71.091	AUROC: 83.849	AUPR: 52.621	AURC: 60.391	EAURC: 38.140	AUPR Succ.: 95.481	ECE: 6.972	NLL: 6.471	Brier: 30.086
2024-12-22 21:57:01,379 INFO ####### --- Training Epoch 79 --- #######
2024-12-22 21:57:21,778 INFO Epoch 79 	 Batch 99	LR : 0.00086	Tot. Loss: 0.17
2024-12-22 21:57:41,880 INFO Epoch 79 	 Batch 199	LR : 0.00086	Tot. Loss: 0.17
2024-12-22 21:58:01,985 INFO Epoch 79 	 Batch 299	LR : 0.00086	Tot. Loss: 0.17
2024-12-22 21:58:14,275 INFO ################## 
 ---> Validation Epoch 79	Acc.: 79.300	FPR: 70.242	AUROC: 83.433	AUPR: 51.675	AURC: 63.466	EAURC: 40.388	AUPR Succ.: 95.193	ECE: 7.415	NLL: 6.603	Brier: 30.442
2024-12-22 21:58:14,276 INFO ####### --- Training Epoch 80 --- #######
2024-12-22 21:58:34,680 INFO Epoch 80 	 Batch 99	LR : 0.00086	Tot. Loss: 0.17
2024-12-22 21:58:54,800 INFO Epoch 80 	 Batch 199	LR : 0.00086	Tot. Loss: 0.17
2024-12-22 21:59:14,919 INFO Epoch 80 	 Batch 299	LR : 0.00086	Tot. Loss: 0.17
2024-12-22 21:59:27,220 INFO ################## 
 ---> Validation Epoch 80	Acc.: 80.720	FPR: 75.000	AUROC: 83.479	AUPR: 48.494	AURC: 57.066	EAURC: 37.155	AUPR Succ.: 95.645	ECE: 6.661	NLL: 6.301	Brier: 29.002
2024-12-22 21:59:27,221 INFO ####### --- Training Epoch 81 --- #######
2024-12-22 21:59:47,650 INFO Epoch 81 	 Batch 99	LR : 0.00086	Tot. Loss: 0.17
2024-12-22 22:00:07,767 INFO Epoch 81 	 Batch 199	LR : 0.00086	Tot. Loss: 0.17
2024-12-22 22:00:27,885 INFO Epoch 81 	 Batch 299	LR : 0.00086	Tot. Loss: 0.17
2024-12-22 22:00:40,190 INFO ################## 
 ---> Validation Epoch 81	Acc.: 77.840	FPR: 73.285	AUROC: 83.261	AUPR: 54.094	AURC: 69.768	EAURC: 43.169	AUPR Succ.: 94.796	ECE: 8.771	NLL: 7.177	Brier: 32.729
2024-12-22 22:00:40,191 INFO ####### --- Training Epoch 82 --- #######
2024-12-22 22:01:00,681 INFO Epoch 82 	 Batch 99	LR : 0.00085	Tot. Loss: 0.17
2024-12-22 22:01:20,792 INFO Epoch 82 	 Batch 199	LR : 0.00085	Tot. Loss: 0.17
2024-12-22 22:01:40,904 INFO Epoch 82 	 Batch 299	LR : 0.00085	Tot. Loss: 0.17
2024-12-22 22:01:53,349 INFO ################## 
 ---> Validation Epoch 82	Acc.: 79.740	FPR: 72.162	AUROC: 83.805	AUPR: 52.202	AURC: 60.421	EAURC: 38.351	AUPR Succ.: 95.456	ECE: 7.155	NLL: 6.462	Brier: 29.911
2024-12-22 22:01:53,351 INFO ####### --- Training Epoch 83 --- #######
2024-12-22 22:02:13,754 INFO Epoch 83 	 Batch 99	LR : 0.00085	Tot. Loss: 0.17
2024-12-22 22:02:33,862 INFO Epoch 83 	 Batch 199	LR : 0.00085	Tot. Loss: 0.17
2024-12-22 22:02:53,976 INFO Epoch 83 	 Batch 299	LR : 0.00085	Tot. Loss: 0.17
2024-12-22 22:03:06,264 INFO ################## 
 ---> Validation Epoch 83	Acc.: 80.240	FPR: 73.684	AUROC: 83.050	AUPR: 49.995	AURC: 60.005	EAURC: 39.052	AUPR Succ.: 95.404	ECE: 6.848	NLL: 6.490	Brier: 29.716
2024-12-22 22:03:06,266 INFO ####### --- Training Epoch 84 --- #######
2024-12-22 22:03:26,672 INFO Epoch 84 	 Batch 99	LR : 0.00084	Tot. Loss: 0.17
2024-12-22 22:03:46,785 INFO Epoch 84 	 Batch 199	LR : 0.00084	Tot. Loss: 0.17
2024-12-22 22:04:06,906 INFO Epoch 84 	 Batch 299	LR : 0.00084	Tot. Loss: 0.17
2024-12-22 22:04:19,224 INFO ################## 
 ---> Validation Epoch 84	Acc.: 80.300	FPR: 71.371	AUROC: 84.271	AUPR: 52.626	AURC: 56.904	EAURC: 36.083	AUPR Succ.: 95.746	ECE: 6.749	NLL: 6.261	Brier: 28.933
2024-12-22 22:04:19,225 INFO ####### --- Training Epoch 85 --- #######
2024-12-22 22:04:39,644 INFO Epoch 85 	 Batch 99	LR : 0.00084	Tot. Loss: 0.17
2024-12-22 22:04:59,760 INFO Epoch 85 	 Batch 199	LR : 0.00084	Tot. Loss: 0.17
2024-12-22 22:05:19,882 INFO Epoch 85 	 Batch 299	LR : 0.00084	Tot. Loss: 0.17
2024-12-22 22:05:32,220 INFO ################## 
 ---> Validation Epoch 85	Acc.: 80.060	FPR: 75.125	AUROC: 83.219	AUPR: 49.848	AURC: 60.279	EAURC: 38.927	AUPR Succ.: 95.411	ECE: 6.947	NLL: 6.469	Brier: 29.855
2024-12-22 22:05:32,221 INFO ####### --- Training Epoch 86 --- #######
2024-12-22 22:05:52,635 INFO Epoch 86 	 Batch 99	LR : 0.00084	Tot. Loss: 0.17
2024-12-22 22:06:12,770 INFO Epoch 86 	 Batch 199	LR : 0.00084	Tot. Loss: 0.17
2024-12-22 22:06:32,902 INFO Epoch 86 	 Batch 299	LR : 0.00084	Tot. Loss: 0.17
2024-12-22 22:06:45,235 INFO ################## 
 ---> Validation Epoch 86	Acc.: 79.880	FPR: 70.278	AUROC: 84.032	AUPR: 52.580	AURC: 59.030	EAURC: 37.277	AUPR Succ.: 95.590	ECE: 7.019	NLL: 6.376	Brier: 29.525
2024-12-22 22:06:45,237 INFO ####### --- Training Epoch 87 --- #######
2024-12-22 22:07:05,632 INFO Epoch 87 	 Batch 99	LR : 0.00083	Tot. Loss: 0.17
2024-12-22 22:07:25,751 INFO Epoch 87 	 Batch 199	LR : 0.00083	Tot. Loss: 0.17
2024-12-22 22:07:45,869 INFO Epoch 87 	 Batch 299	LR : 0.00083	Tot. Loss: 0.17
2024-12-22 22:07:58,179 INFO ################## 
 ---> Validation Epoch 87	Acc.: 80.120	FPR: 72.636	AUROC: 84.198	AUPR: 51.766	AURC: 57.711	EAURC: 36.493	AUPR Succ.: 95.693	ECE: 7.211	NLL: 6.315	Brier: 29.206
2024-12-22 22:07:58,180 INFO ####### --- Training Epoch 88 --- #######
2024-12-22 22:08:18,597 INFO Epoch 88 	 Batch 99	LR : 0.00083	Tot. Loss: 0.17
2024-12-22 22:08:38,722 INFO Epoch 88 	 Batch 199	LR : 0.00083	Tot. Loss: 0.17
2024-12-22 22:08:58,851 INFO Epoch 88 	 Batch 299	LR : 0.00083	Tot. Loss: 0.17
2024-12-22 22:09:11,182 INFO ################## 
 ---> Validation Epoch 88	Acc.: 80.340	FPR: 72.431	AUROC: 83.740	AUPR: 50.184	AURC: 57.970	EAURC: 37.236	AUPR Succ.: 95.616	ECE: 7.082	NLL: 6.365	Brier: 29.316
2024-12-22 22:09:11,184 INFO ####### --- Training Epoch 89 --- #######
2024-12-22 22:09:31,591 INFO Epoch 89 	 Batch 99	LR : 0.00082	Tot. Loss: 0.17
2024-12-22 22:09:51,711 INFO Epoch 89 	 Batch 199	LR : 0.00082	Tot. Loss: 0.17
2024-12-22 22:10:11,831 INFO Epoch 89 	 Batch 299	LR : 0.00082	Tot. Loss: 0.17
2024-12-22 22:10:24,148 INFO ################## 
 ---> Validation Epoch 89	Acc.: 79.760	FPR: 73.715	AUROC: 83.663	AUPR: 51.563	AURC: 60.647	EAURC: 38.623	AUPR Succ.: 95.427	ECE: 7.217	NLL: 6.508	Brier: 30.090
2024-12-22 22:10:24,150 INFO ####### --- Training Epoch 90 --- #######
2024-12-22 22:10:44,570 INFO Epoch 90 	 Batch 99	LR : 0.00082	Tot. Loss: 0.17
2024-12-22 22:11:04,700 INFO Epoch 90 	 Batch 199	LR : 0.00082	Tot. Loss: 0.17
2024-12-22 22:11:24,832 INFO Epoch 90 	 Batch 299	LR : 0.00082	Tot. Loss: 0.17
2024-12-22 22:11:37,130 INFO ################## 
 ---> Validation Epoch 90	Acc.: 79.100	FPR: 74.737	AUROC: 82.980	AUPR: 51.383	AURC: 65.132	EAURC: 41.588	AUPR Succ.: 95.049	ECE: 7.396	NLL: 6.698	Brier: 30.942
2024-12-22 22:11:37,131 INFO ####### --- Training Epoch 91 --- #######
2024-12-22 22:11:57,545 INFO Epoch 91 	 Batch 99	LR : 0.00082	Tot. Loss: 0.17
2024-12-22 22:12:17,671 INFO Epoch 91 	 Batch 199	LR : 0.00082	Tot. Loss: 0.17
2024-12-22 22:12:37,804 INFO Epoch 91 	 Batch 299	LR : 0.00082	Tot. Loss: 0.17
2024-12-22 22:12:50,135 INFO ################## 
 ---> Validation Epoch 91	Acc.: 79.580	FPR: 73.555	AUROC: 83.186	AUPR: 50.749	AURC: 62.517	EAURC: 40.083	AUPR Succ.: 95.250	ECE: 7.401	NLL: 6.615	Brier: 30.490
2024-12-22 22:12:50,137 INFO ####### --- Training Epoch 92 --- #######
2024-12-22 22:13:10,548 INFO Epoch 92 	 Batch 99	LR : 0.00081	Tot. Loss: 0.17
2024-12-22 22:13:30,673 INFO Epoch 92 	 Batch 199	LR : 0.00081	Tot. Loss: 0.17
2024-12-22 22:13:50,799 INFO Epoch 92 	 Batch 299	LR : 0.00081	Tot. Loss: 0.17
2024-12-22 22:14:03,133 INFO ################## 
 ---> Validation Epoch 92	Acc.: 80.040	FPR: 72.946	AUROC: 83.702	AUPR: 50.556	AURC: 59.048	EAURC: 37.652	AUPR Succ.: 95.559	ECE: 7.351	NLL: 6.489	Brier: 29.773
2024-12-22 22:14:03,134 INFO ####### --- Training Epoch 93 --- #######
2024-12-22 22:14:23,524 INFO Epoch 93 	 Batch 99	LR : 0.00081	Tot. Loss: 0.17
2024-12-22 22:14:43,636 INFO Epoch 93 	 Batch 199	LR : 0.00081	Tot. Loss: 0.17
2024-12-22 22:15:03,753 INFO Epoch 93 	 Batch 299	LR : 0.00081	Tot. Loss: 0.17
2024-12-22 22:15:16,082 INFO ################## 
 ---> Validation Epoch 93	Acc.: 79.760	FPR: 69.664	AUROC: 84.020	AUPR: 52.487	AURC: 59.514	EAURC: 37.489	AUPR Succ.: 95.560	ECE: 7.260	NLL: 6.380	Brier: 29.605
2024-12-22 22:15:16,083 INFO ####### --- Training Epoch 94 --- #######
2024-12-22 22:15:36,487 INFO Epoch 94 	 Batch 99	LR : 0.00080	Tot. Loss: 0.17
2024-12-22 22:15:56,603 INFO Epoch 94 	 Batch 199	LR : 0.00080	Tot. Loss: 0.17
2024-12-22 22:16:16,728 INFO Epoch 94 	 Batch 299	LR : 0.00080	Tot. Loss: 0.17
2024-12-22 22:16:29,056 INFO ################## 
 ---> Validation Epoch 94	Acc.: 79.880	FPR: 73.459	AUROC: 83.866	AUPR: 52.679	AURC: 59.600	EAURC: 37.846	AUPR Succ.: 95.522	ECE: 7.227	NLL: 6.466	Brier: 29.782
2024-12-22 22:16:29,057 INFO ####### --- Training Epoch 95 --- #######
2024-12-22 22:16:49,471 INFO Epoch 95 	 Batch 99	LR : 0.00080	Tot. Loss: 0.17
2024-12-22 22:17:09,590 INFO Epoch 95 	 Batch 199	LR : 0.00080	Tot. Loss: 0.17
2024-12-22 22:17:29,711 INFO Epoch 95 	 Batch 299	LR : 0.00080	Tot. Loss: 0.17
2024-12-22 22:17:42,013 INFO ################## 
 ---> Validation Epoch 95	Acc.: 78.860	FPR: 72.753	AUROC: 82.887	AUPR: 51.546	AURC: 66.534	EAURC: 42.423	AUPR Succ.: 94.938	ECE: 7.844	NLL: 6.847	Brier: 31.373
2024-12-22 22:17:42,014 INFO ####### --- Training Epoch 96 --- #######
2024-12-22 22:18:02,425 INFO Epoch 96 	 Batch 99	LR : 0.00080	Tot. Loss: 0.17
2024-12-22 22:18:22,547 INFO Epoch 96 	 Batch 199	LR : 0.00080	Tot. Loss: 0.17
2024-12-22 22:18:42,673 INFO Epoch 96 	 Batch 299	LR : 0.00080	Tot. Loss: 0.17
2024-12-22 22:18:54,961 INFO ################## 
 ---> Validation Epoch 96	Acc.: 78.840	FPR: 71.550	AUROC: 83.849	AUPR: 54.408	AURC: 64.110	EAURC: 39.952	AUPR Succ.: 95.222	ECE: 8.012	NLL: 6.801	Brier: 31.074
2024-12-22 22:18:54,963 INFO ####### --- Training Epoch 97 --- #######
2024-12-22 22:19:15,373 INFO Epoch 97 	 Batch 99	LR : 0.00079	Tot. Loss: 0.17
2024-12-22 22:19:35,494 INFO Epoch 97 	 Batch 199	LR : 0.00079	Tot. Loss: 0.17
2024-12-22 22:19:55,615 INFO Epoch 97 	 Batch 299	LR : 0.00079	Tot. Loss: 0.17
2024-12-22 22:20:07,920 INFO ################## 
 ---> Validation Epoch 97	Acc.: 79.260	FPR: 71.263	AUROC: 84.192	AUPR: 53.818	AURC: 61.264	EAURC: 38.093	AUPR Succ.: 95.464	ECE: 7.751	NLL: 6.627	Brier: 30.375
2024-12-22 22:20:07,922 INFO ####### --- Training Epoch 98 --- #######
2024-12-22 22:20:28,325 INFO Epoch 98 	 Batch 99	LR : 0.00079	Tot. Loss: 0.17
2024-12-22 22:20:48,450 INFO Epoch 98 	 Batch 199	LR : 0.00079	Tot. Loss: 0.17
2024-12-22 22:21:08,576 INFO Epoch 98 	 Batch 299	LR : 0.00079	Tot. Loss: 0.17
2024-12-22 22:21:20,884 INFO ################## 
 ---> Validation Epoch 98	Acc.: 80.340	FPR: 71.109	AUROC: 84.120	AUPR: 50.924	AURC: 56.985	EAURC: 36.251	AUPR Succ.: 95.730	ECE: 7.174	NLL: 6.369	Brier: 29.109
2024-12-22 22:21:20,885 INFO ####### --- Training Epoch 99 --- #######
2024-12-22 22:21:41,307 INFO Epoch 99 	 Batch 99	LR : 0.00078	Tot. Loss: 0.17
2024-12-22 22:22:01,437 INFO Epoch 99 	 Batch 199	LR : 0.00078	Tot. Loss: 0.17
2024-12-22 22:22:21,572 INFO Epoch 99 	 Batch 299	LR : 0.00078	Tot. Loss: 0.17
2024-12-22 22:22:33,878 INFO ################## 
 ---> Validation Epoch 99	Acc.: 79.760	FPR: 73.123	AUROC: 83.391	AUPR: 52.172	AURC: 61.326	EAURC: 39.302	AUPR Succ.: 95.347	ECE: 7.476	NLL: 6.515	Brier: 30.022
2024-12-22 22:22:33,880 INFO ####### --- Training Epoch 100 --- #######
2024-12-22 22:22:54,332 INFO Epoch 100 	 Batch 99	LR : 0.00078	Tot. Loss: 0.17
2024-12-22 22:23:14,466 INFO Epoch 100 	 Batch 199	LR : 0.00078	Tot. Loss: 0.17
2024-12-22 22:23:34,602 INFO Epoch 100 	 Batch 299	LR : 0.00078	Tot. Loss: 0.17
2024-12-22 22:23:46,904 INFO ################## 
 ---> Validation Epoch 100	Acc.: 79.920	FPR: 71.116	AUROC: 84.049	AUPR: 52.472	AURC: 58.959	EAURC: 37.295	AUPR Succ.: 95.587	ECE: 7.261	NLL: 6.470	Brier: 29.721
2024-12-22 22:23:46,905 INFO ####### --- Training Epoch 101 --- #######
2024-12-22 22:24:07,328 INFO Epoch 101 	 Batch 99	LR : 0.00077	Tot. Loss: 0.17
2024-12-22 22:24:27,455 INFO Epoch 101 	 Batch 199	LR : 0.00077	Tot. Loss: 0.17
2024-12-22 22:24:47,589 INFO Epoch 101 	 Batch 299	LR : 0.00077	Tot. Loss: 0.17
2024-12-22 22:24:59,889 INFO ################## 
 ---> Validation Epoch 101	Acc.: 80.020	FPR: 71.672	AUROC: 84.036	AUPR: 53.081	AURC: 58.522	EAURC: 37.081	AUPR Succ.: 95.619	ECE: 7.178	NLL: 6.361	Brier: 29.473
2024-12-22 22:24:59,890 INFO ####### --- Training Epoch 102 --- #######
2024-12-22 22:25:20,308 INFO Epoch 102 	 Batch 99	LR : 0.00077	Tot. Loss: 0.17
2024-12-22 22:25:40,424 INFO Epoch 102 	 Batch 199	LR : 0.00077	Tot. Loss: 0.17
2024-12-22 22:26:00,541 INFO Epoch 102 	 Batch 299	LR : 0.00077	Tot. Loss: 0.17
2024-12-22 22:26:12,856 INFO ################## 
 ---> Validation Epoch 102	Acc.: 79.840	FPR: 72.123	AUROC: 83.746	AUPR: 52.591	AURC: 60.035	EAURC: 38.191	AUPR Succ.: 95.481	ECE: 7.438	NLL: 6.479	Brier: 29.732
2024-12-22 22:26:12,857 INFO ####### --- Training Epoch 103 --- #######
2024-12-22 22:26:33,299 INFO Epoch 103 	 Batch 99	LR : 0.00077	Tot. Loss: 0.17
2024-12-22 22:26:53,424 INFO Epoch 103 	 Batch 199	LR : 0.00077	Tot. Loss: 0.17
2024-12-22 22:27:13,551 INFO Epoch 103 	 Batch 299	LR : 0.00077	Tot. Loss: 0.17
2024-12-22 22:27:25,860 INFO ################## 
 ---> Validation Epoch 103	Acc.: 79.660	FPR: 71.386	AUROC: 84.420	AUPR: 53.931	AURC: 59.089	EAURC: 36.838	AUPR Succ.: 95.628	ECE: 7.368	NLL: 6.414	Brier: 29.607
2024-12-22 22:27:25,861 INFO ####### --- Training Epoch 104 --- #######
2024-12-22 22:27:46,260 INFO Epoch 104 	 Batch 99	LR : 0.00076	Tot. Loss: 0.17
2024-12-22 22:28:06,376 INFO Epoch 104 	 Batch 199	LR : 0.00076	Tot. Loss: 0.17
2024-12-22 22:28:26,492 INFO Epoch 104 	 Batch 299	LR : 0.00076	Tot. Loss: 0.17
2024-12-22 22:28:38,821 INFO ################## 
 ---> Validation Epoch 104	Acc.: 80.300	FPR: 69.340	AUROC: 84.302	AUPR: 53.135	AURC: 56.869	EAURC: 36.048	AUPR Succ.: 95.748	ECE: 6.952	NLL: 6.339	Brier: 29.085
2024-12-22 22:28:38,823 INFO ####### --- Training Epoch 105 --- #######
2024-12-22 22:28:59,221 INFO Epoch 105 	 Batch 99	LR : 0.00076	Tot. Loss: 0.17
2024-12-22 22:29:19,339 INFO Epoch 105 	 Batch 199	LR : 0.00076	Tot. Loss: 0.17
2024-12-22 22:29:39,459 INFO Epoch 105 	 Batch 299	LR : 0.00076	Tot. Loss: 0.17
2024-12-22 22:29:51,753 INFO ################## 
 ---> Validation Epoch 105	Acc.: 80.160	FPR: 71.472	AUROC: 83.899	AUPR: 52.164	AURC: 58.425	EAURC: 37.295	AUPR Succ.: 95.598	ECE: 7.059	NLL: 6.387	Brier: 29.376
2024-12-22 22:29:51,754 INFO ####### --- Training Epoch 106 --- #######
2024-12-22 22:30:12,161 INFO Epoch 106 	 Batch 99	LR : 0.00075	Tot. Loss: 0.17
2024-12-22 22:30:32,274 INFO Epoch 106 	 Batch 199	LR : 0.00075	Tot. Loss: 0.17
2024-12-22 22:30:52,390 INFO Epoch 106 	 Batch 299	LR : 0.00075	Tot. Loss: 0.17
2024-12-22 22:31:04,674 INFO ################## 
 ---> Validation Epoch 106	Acc.: 80.640	FPR: 74.380	AUROC: 83.440	AUPR: 48.857	AURC: 57.191	EAURC: 37.108	AUPR Succ.: 95.651	ECE: 6.961	NLL: 6.316	Brier: 29.145
2024-12-22 22:31:04,676 INFO ####### --- Training Epoch 107 --- #######
2024-12-22 22:31:25,076 INFO Epoch 107 	 Batch 99	LR : 0.00075	Tot. Loss: 0.17
2024-12-22 22:31:45,193 INFO Epoch 107 	 Batch 199	LR : 0.00075	Tot. Loss: 0.17
2024-12-22 22:32:05,318 INFO Epoch 107 	 Batch 299	LR : 0.00075	Tot. Loss: 0.17
2024-12-22 22:32:17,616 INFO ################## 
 ---> Validation Epoch 107	Acc.: 80.120	FPR: 72.435	AUROC: 83.736	AUPR: 50.311	AURC: 58.666	EAURC: 37.447	AUPR Succ.: 95.585	ECE: 7.213	NLL: 6.353	Brier: 29.541
2024-12-22 22:32:17,617 INFO ####### --- Training Epoch 108 --- #######
2024-12-22 22:32:38,018 INFO Epoch 108 	 Batch 99	LR : 0.00074	Tot. Loss: 0.17
2024-12-22 22:32:58,133 INFO Epoch 108 	 Batch 199	LR : 0.00074	Tot. Loss: 0.17
2024-12-22 22:33:18,257 INFO Epoch 108 	 Batch 299	LR : 0.00074	Tot. Loss: 0.17
2024-12-22 22:33:30,580 INFO ################## 
 ---> Validation Epoch 108	Acc.: 78.940	FPR: 69.801	AUROC: 84.566	AUPR: 56.020	AURC: 61.680	EAURC: 37.759	AUPR Succ.: 95.485	ECE: 7.869	NLL: 6.612	Brier: 30.505
2024-12-22 22:33:30,581 INFO AUROC improved from 84.46 to 84.57!!!
2024-12-22 22:33:30,598 INFO ####### --- Training Epoch 109 --- #######
2024-12-22 22:33:51,010 INFO Epoch 109 	 Batch 99	LR : 0.00074	Tot. Loss: 0.17
2024-12-22 22:34:11,133 INFO Epoch 109 	 Batch 199	LR : 0.00074	Tot. Loss: 0.17
2024-12-22 22:34:31,257 INFO Epoch 109 	 Batch 299	LR : 0.00074	Tot. Loss: 0.17
2024-12-22 22:34:43,561 INFO ################## 
 ---> Validation Epoch 109	Acc.: 80.120	FPR: 72.334	AUROC: 83.361	AUPR: 50.887	AURC: 59.862	EAURC: 38.643	AUPR Succ.: 95.442	ECE: 6.995	NLL: 6.449	Brier: 29.659
2024-12-22 22:34:43,562 INFO ####### --- Training Epoch 110 --- #######
2024-12-22 22:35:03,962 INFO Epoch 110 	 Batch 99	LR : 0.00073	Tot. Loss: 0.17
2024-12-22 22:35:24,090 INFO Epoch 110 	 Batch 199	LR : 0.00073	Tot. Loss: 0.17
2024-12-22 22:35:44,221 INFO Epoch 110 	 Batch 299	LR : 0.00073	Tot. Loss: 0.17
2024-12-22 22:35:56,557 INFO ################## 
 ---> Validation Epoch 110	Acc.: 79.440	FPR: 71.984	AUROC: 83.759	AUPR: 51.767	AURC: 61.432	EAURC: 38.678	AUPR Succ.: 95.409	ECE: 7.533	NLL: 6.525	Brier: 30.310
2024-12-22 22:35:56,559 INFO ####### --- Training Epoch 111 --- #######
2024-12-22 22:36:16,976 INFO Epoch 111 	 Batch 99	LR : 0.00073	Tot. Loss: 0.17
2024-12-22 22:36:37,102 INFO Epoch 111 	 Batch 199	LR : 0.00073	Tot. Loss: 0.17
2024-12-22 22:36:57,234 INFO Epoch 111 	 Batch 299	LR : 0.00073	Tot. Loss: 0.17
2024-12-22 22:37:09,566 INFO ################## 
 ---> Validation Epoch 111	Acc.: 79.320	FPR: 70.890	AUROC: 83.804	AUPR: 53.340	AURC: 62.056	EAURC: 39.024	AUPR Succ.: 95.358	ECE: 7.648	NLL: 6.605	Brier: 30.420
2024-12-22 22:37:09,567 INFO ####### --- Training Epoch 112 --- #######
2024-12-22 22:37:29,993 INFO Epoch 112 	 Batch 99	LR : 0.00073	Tot. Loss: 0.17
2024-12-22 22:37:50,122 INFO Epoch 112 	 Batch 199	LR : 0.00073	Tot. Loss: 0.17
2024-12-22 22:38:10,253 INFO Epoch 112 	 Batch 299	LR : 0.00073	Tot. Loss: 0.17
2024-12-22 22:38:22,568 INFO ################## 
 ---> Validation Epoch 112	Acc.: 79.920	FPR: 70.518	AUROC: 83.665	AUPR: 50.934	AURC: 60.029	EAURC: 38.365	AUPR Succ.: 95.464	ECE: 6.933	NLL: 6.446	Brier: 29.631
2024-12-22 22:38:22,569 INFO ####### --- Training Epoch 113 --- #######
2024-12-22 22:38:42,979 INFO Epoch 113 	 Batch 99	LR : 0.00072	Tot. Loss: 0.17
2024-12-22 22:39:03,101 INFO Epoch 113 	 Batch 199	LR : 0.00072	Tot. Loss: 0.17
2024-12-22 22:39:23,221 INFO Epoch 113 	 Batch 299	LR : 0.00072	Tot. Loss: 0.17
2024-12-22 22:39:35,513 INFO ################## 
 ---> Validation Epoch 113	Acc.: 80.060	FPR: 73.521	AUROC: 83.233	AUPR: 51.302	AURC: 60.190	EAURC: 38.838	AUPR Succ.: 95.422	ECE: 7.076	NLL: 6.647	Brier: 30.058
2024-12-22 22:39:35,514 INFO ####### --- Training Epoch 114 --- #######
2024-12-22 22:39:55,938 INFO Epoch 114 	 Batch 99	LR : 0.00072	Tot. Loss: 0.17
2024-12-22 22:40:16,071 INFO Epoch 114 	 Batch 199	LR : 0.00072	Tot. Loss: 0.17
2024-12-22 22:40:36,206 INFO Epoch 114 	 Batch 299	LR : 0.00072	Tot. Loss: 0.17
2024-12-22 22:40:48,520 INFO ################## 
 ---> Validation Epoch 114	Acc.: 80.160	FPR: 70.766	AUROC: 83.730	AUPR: 50.869	AURC: 58.875	EAURC: 37.746	AUPR Succ.: 95.546	ECE: 7.194	NLL: 6.398	Brier: 29.484
2024-12-22 22:40:48,522 INFO ####### --- Training Epoch 115 --- #######
2024-12-22 22:41:08,935 INFO Epoch 115 	 Batch 99	LR : 0.00071	Tot. Loss: 0.17
2024-12-22 22:41:29,072 INFO Epoch 115 	 Batch 199	LR : 0.00071	Tot. Loss: 0.17
2024-12-22 22:41:49,205 INFO Epoch 115 	 Batch 299	LR : 0.00071	Tot. Loss: 0.17
2024-12-22 22:42:01,508 INFO ################## 
 ---> Validation Epoch 115	Acc.: 80.020	FPR: 69.369	AUROC: 84.219	AUPR: 53.190	AURC: 58.168	EAURC: 36.728	AUPR Succ.: 95.657	ECE: 7.294	NLL: 6.413	Brier: 29.373
2024-12-22 22:42:01,509 INFO ####### --- Training Epoch 116 --- #######
2024-12-22 22:42:21,934 INFO Epoch 116 	 Batch 99	LR : 0.00071	Tot. Loss: 0.17
2024-12-22 22:42:42,068 INFO Epoch 116 	 Batch 199	LR : 0.00071	Tot. Loss: 0.17
2024-12-22 22:43:02,201 INFO Epoch 116 	 Batch 299	LR : 0.00071	Tot. Loss: 0.17
2024-12-22 22:43:14,493 INFO ################## 
 ---> Validation Epoch 116	Acc.: 78.880	FPR: 71.970	AUROC: 83.587	AUPR: 53.353	AURC: 64.468	EAURC: 40.405	AUPR Succ.: 95.175	ECE: 7.997	NLL: 6.722	Brier: 31.051
2024-12-22 22:43:14,495 INFO ####### --- Training Epoch 117 --- #######
2024-12-22 22:43:34,921 INFO Epoch 117 	 Batch 99	LR : 0.00070	Tot. Loss: 0.17
2024-12-22 22:43:55,047 INFO Epoch 117 	 Batch 199	LR : 0.00070	Tot. Loss: 0.17
2024-12-22 22:44:15,175 INFO Epoch 117 	 Batch 299	LR : 0.00070	Tot. Loss: 0.17
2024-12-22 22:44:27,489 INFO ################## 
 ---> Validation Epoch 117	Acc.: 80.360	FPR: 73.320	AUROC: 83.209	AUPR: 50.187	AURC: 59.175	EAURC: 38.485	AUPR Succ.: 95.475	ECE: 6.822	NLL: 6.407	Brier: 29.593
2024-12-22 22:44:27,491 INFO ####### --- Training Epoch 118 --- #######
2024-12-22 22:44:48,000 INFO Epoch 118 	 Batch 99	LR : 0.00070	Tot. Loss: 0.17
2024-12-22 22:45:08,125 INFO Epoch 118 	 Batch 199	LR : 0.00070	Tot. Loss: 0.17
2024-12-22 22:45:28,255 INFO Epoch 118 	 Batch 299	LR : 0.00070	Tot. Loss: 0.17
2024-12-22 22:45:40,757 INFO ################## 
 ---> Validation Epoch 118	Acc.: 80.200	FPR: 69.899	AUROC: 84.212	AUPR: 53.256	AURC: 57.433	EAURC: 36.391	AUPR Succ.: 95.705	ECE: 6.643	NLL: 6.236	Brier: 29.067
2024-12-22 22:45:40,759 INFO ####### --- Training Epoch 119 --- #######
2024-12-22 22:46:01,185 INFO Epoch 119 	 Batch 99	LR : 0.00069	Tot. Loss: 0.17
2024-12-22 22:46:21,316 INFO Epoch 119 	 Batch 199	LR : 0.00069	Tot. Loss: 0.17
2024-12-22 22:46:41,455 INFO Epoch 119 	 Batch 299	LR : 0.00069	Tot. Loss: 0.17
2024-12-22 22:46:53,761 INFO ################## 
 ---> Validation Epoch 119	Acc.: 78.840	FPR: 70.038	AUROC: 84.361	AUPR: 55.356	AURC: 62.699	EAURC: 38.540	AUPR Succ.: 95.388	ECE: 7.953	NLL: 6.646	Brier: 30.738
2024-12-22 22:46:53,762 INFO ####### --- Training Epoch 120 --- #######
2024-12-22 22:47:14,199 INFO Epoch 120 	 Batch 99	LR : 0.00069	Tot. Loss: 0.17
2024-12-22 22:47:34,335 INFO Epoch 120 	 Batch 199	LR : 0.00069	Tot. Loss: 0.17
2024-12-22 22:47:54,477 INFO Epoch 120 	 Batch 299	LR : 0.00069	Tot. Loss: 0.17
2024-12-22 22:48:06,836 INFO ################## 
 ---> Validation Epoch 120	Acc.: 78.200	FPR: 71.009	AUROC: 83.616	AUPR: 54.830	AURC: 67.529	EAURC: 41.824	AUPR Succ.: 94.968	ECE: 8.470	NLL: 6.917	Brier: 31.935
2024-12-22 22:48:06,838 INFO ####### --- Training Epoch 121 --- #######
2024-12-22 22:48:27,266 INFO Epoch 121 	 Batch 99	LR : 0.00068	Tot. Loss: 0.17
2024-12-22 22:48:47,397 INFO Epoch 121 	 Batch 199	LR : 0.00068	Tot. Loss: 0.17
2024-12-22 22:49:07,528 INFO Epoch 121 	 Batch 299	LR : 0.00068	Tot. Loss: 0.17
2024-12-22 22:49:19,862 INFO ################## 
 ---> Validation Epoch 121	Acc.: 80.180	FPR: 68.618	AUROC: 84.538	AUPR: 53.630	AURC: 56.637	EAURC: 35.552	AUPR Succ.: 95.802	ECE: 6.823	NLL: 6.189	Brier: 28.811
2024-12-22 22:49:19,863 INFO AURC decreased from 56.80 to 56.64!!!
2024-12-22 22:49:19,880 INFO ####### --- Training Epoch 122 --- #######
2024-12-22 22:49:40,305 INFO Epoch 122 	 Batch 99	LR : 0.00068	Tot. Loss: 0.17
2024-12-22 22:50:00,437 INFO Epoch 122 	 Batch 199	LR : 0.00068	Tot. Loss: 0.17
2024-12-22 22:50:20,580 INFO Epoch 122 	 Batch 299	LR : 0.00068	Tot. Loss: 0.17
2024-12-22 22:50:32,901 INFO ################## 
 ---> Validation Epoch 122	Acc.: 80.320	FPR: 75.000	AUROC: 83.353	AUPR: 49.946	AURC: 59.058	EAURC: 38.280	AUPR Succ.: 95.495	ECE: 6.814	NLL: 6.393	Brier: 29.411
2024-12-22 22:50:32,902 INFO ####### --- Training Epoch 123 --- #######
2024-12-22 22:50:53,345 INFO Epoch 123 	 Batch 99	LR : 0.00067	Tot. Loss: 0.17
2024-12-22 22:51:13,493 INFO Epoch 123 	 Batch 199	LR : 0.00067	Tot. Loss: 0.17
2024-12-22 22:51:33,637 INFO Epoch 123 	 Batch 299	LR : 0.00067	Tot. Loss: 0.17
2024-12-22 22:51:45,965 INFO ################## 
 ---> Validation Epoch 123	Acc.: 79.620	FPR: 72.228	AUROC: 83.496	AUPR: 50.941	AURC: 61.680	EAURC: 39.338	AUPR Succ.: 95.337	ECE: 7.570	NLL: 6.573	Brier: 30.286
2024-12-22 22:51:45,966 INFO ####### --- Training Epoch 124 --- #######
2024-12-22 22:52:06,417 INFO Epoch 124 	 Batch 99	LR : 0.00067	Tot. Loss: 0.17
2024-12-22 22:52:26,552 INFO Epoch 124 	 Batch 199	LR : 0.00067	Tot. Loss: 0.17
2024-12-22 22:52:46,685 INFO Epoch 124 	 Batch 299	LR : 0.00067	Tot. Loss: 0.17
2024-12-22 22:52:59,019 INFO ################## 
 ---> Validation Epoch 124	Acc.: 79.960	FPR: 72.156	AUROC: 83.562	AUPR: 51.689	AURC: 60.126	EAURC: 38.551	AUPR Succ.: 95.444	ECE: 7.021	NLL: 6.490	Brier: 29.858
2024-12-22 22:52:59,020 INFO ####### --- Training Epoch 125 --- #######
2024-12-22 22:53:19,476 INFO Epoch 125 	 Batch 99	LR : 0.00066	Tot. Loss: 0.17
2024-12-22 22:53:39,614 INFO Epoch 125 	 Batch 199	LR : 0.00066	Tot. Loss: 0.17
2024-12-22 22:53:59,760 INFO Epoch 125 	 Batch 299	LR : 0.00066	Tot. Loss: 0.17
2024-12-22 22:54:12,093 INFO ################## 
 ---> Validation Epoch 125	Acc.: 79.960	FPR: 70.958	AUROC: 84.159	AUPR: 52.084	AURC: 58.172	EAURC: 36.598	AUPR Succ.: 95.677	ECE: 7.442	NLL: 6.431	Brier: 29.651
2024-12-22 22:54:12,094 INFO ####### --- Training Epoch 126 --- #######
2024-12-22 22:54:32,515 INFO Epoch 126 	 Batch 99	LR : 0.00066	Tot. Loss: 0.17
2024-12-22 22:54:52,644 INFO Epoch 126 	 Batch 199	LR : 0.00066	Tot. Loss: 0.17
2024-12-22 22:55:12,785 INFO Epoch 126 	 Batch 299	LR : 0.00066	Tot. Loss: 0.17
2024-12-22 22:55:25,112 INFO ################## 
 ---> Validation Epoch 126	Acc.: 80.280	FPR: 72.819	AUROC: 82.996	AUPR: 50.665	AURC: 60.587	EAURC: 39.722	AUPR Succ.: 95.319	ECE: 6.704	NLL: 6.442	Brier: 29.549
2024-12-22 22:55:25,114 INFO ####### --- Training Epoch 127 --- #######
2024-12-22 22:55:45,534 INFO Epoch 127 	 Batch 99	LR : 0.00065	Tot. Loss: 0.17
2024-12-22 22:56:05,669 INFO Epoch 127 	 Batch 199	LR : 0.00065	Tot. Loss: 0.17
2024-12-22 22:56:25,809 INFO Epoch 127 	 Batch 299	LR : 0.00065	Tot. Loss: 0.17
2024-12-22 22:56:38,114 INFO ################## 
 ---> Validation Epoch 127	Acc.: 79.620	FPR: 72.424	AUROC: 83.624	AUPR: 51.960	AURC: 61.060	EAURC: 38.718	AUPR Succ.: 95.413	ECE: 7.250	NLL: 6.543	Brier: 30.285
2024-12-22 22:56:38,115 INFO ####### --- Training Epoch 128 --- #######
2024-12-22 22:56:58,543 INFO Epoch 128 	 Batch 99	LR : 0.00065	Tot. Loss: 0.17
2024-12-22 22:57:18,681 INFO Epoch 128 	 Batch 199	LR : 0.00065	Tot. Loss: 0.17
2024-12-22 22:57:38,820 INFO Epoch 128 	 Batch 299	LR : 0.00065	Tot. Loss: 0.17
2024-12-22 22:57:51,171 INFO ################## 
 ---> Validation Epoch 128	Acc.: 80.240	FPR: 69.130	AUROC: 84.193	AUPR: 52.687	AURC: 57.299	EAURC: 36.346	AUPR Succ.: 95.712	ECE: 7.130	NLL: 6.296	Brier: 28.985
2024-12-22 22:57:51,173 INFO ####### --- Training Epoch 129 --- #######
2024-12-22 22:58:11,605 INFO Epoch 129 	 Batch 99	LR : 0.00064	Tot. Loss: 0.17
2024-12-22 22:58:31,746 INFO Epoch 129 	 Batch 199	LR : 0.00064	Tot. Loss: 0.17
2024-12-22 22:58:51,888 INFO Epoch 129 	 Batch 299	LR : 0.00064	Tot. Loss: 0.17
2024-12-22 22:59:04,220 INFO ################## 
 ---> Validation Epoch 129	Acc.: 80.280	FPR: 74.341	AUROC: 83.661	AUPR: 51.265	AURC: 58.446	EAURC: 37.581	AUPR Succ.: 95.573	ECE: 6.823	NLL: 6.350	Brier: 29.313
2024-12-22 22:59:04,221 INFO ####### --- Training Epoch 130 --- #######
2024-12-22 22:59:24,660 INFO Epoch 130 	 Batch 99	LR : 0.00064	Tot. Loss: 0.17
2024-12-22 22:59:44,797 INFO Epoch 130 	 Batch 199	LR : 0.00064	Tot. Loss: 0.17
2024-12-22 23:00:04,936 INFO Epoch 130 	 Batch 299	LR : 0.00064	Tot. Loss: 0.17
2024-12-22 23:00:17,248 INFO ################## 
 ---> Validation Epoch 130	Acc.: 80.280	FPR: 71.805	AUROC: 84.328	AUPR: 52.044	AURC: 56.646	EAURC: 35.781	AUPR Succ.: 95.783	ECE: 7.039	NLL: 6.225	Brier: 28.901
2024-12-22 23:00:17,249 INFO ####### --- Training Epoch 131 --- #######
2024-12-22 23:00:37,673 INFO Epoch 131 	 Batch 99	LR : 0.00063	Tot. Loss: 0.17
2024-12-22 23:00:57,805 INFO Epoch 131 	 Batch 199	LR : 0.00063	Tot. Loss: 0.17
2024-12-22 23:01:17,938 INFO Epoch 131 	 Batch 299	LR : 0.00063	Tot. Loss: 0.17
2024-12-22 23:01:30,260 INFO ################## 
 ---> Validation Epoch 131	Acc.: 80.080	FPR: 70.582	AUROC: 83.764	AUPR: 52.516	AURC: 59.014	EAURC: 37.707	AUPR Succ.: 95.547	ECE: 6.924	NLL: 6.401	Brier: 29.468
2024-12-22 23:01:30,261 INFO ####### --- Training Epoch 132 --- #######
2024-12-22 23:01:50,687 INFO Epoch 132 	 Batch 99	LR : 0.00063	Tot. Loss: 0.17
2024-12-22 23:02:10,824 INFO Epoch 132 	 Batch 199	LR : 0.00063	Tot. Loss: 0.17
2024-12-22 23:02:30,959 INFO Epoch 132 	 Batch 299	LR : 0.00063	Tot. Loss: 0.17
2024-12-22 23:02:43,287 INFO ################## 
 ---> Validation Epoch 132	Acc.: 79.300	FPR: 70.821	AUROC: 83.328	AUPR: 52.129	AURC: 63.425	EAURC: 40.347	AUPR Succ.: 95.203	ECE: 7.673	NLL: 6.703	Brier: 30.777
2024-12-22 23:02:43,289 INFO ####### --- Training Epoch 133 --- #######
2024-12-22 23:03:03,696 INFO Epoch 133 	 Batch 99	LR : 0.00062	Tot. Loss: 0.17
2024-12-22 23:03:23,823 INFO Epoch 133 	 Batch 199	LR : 0.00062	Tot. Loss: 0.17
2024-12-22 23:03:43,962 INFO Epoch 133 	 Batch 299	LR : 0.00062	Tot. Loss: 0.17
2024-12-22 23:03:56,266 INFO ################## 
 ---> Validation Epoch 133	Acc.: 80.120	FPR: 71.932	AUROC: 84.165	AUPR: 51.777	AURC: 57.884	EAURC: 36.666	AUPR Succ.: 95.670	ECE: 7.079	NLL: 6.283	Brier: 29.214
2024-12-22 23:03:56,267 INFO ####### --- Training Epoch 134 --- #######
2024-12-22 23:04:16,738 INFO Epoch 134 	 Batch 99	LR : 0.00062	Tot. Loss: 0.17
2024-12-22 23:04:36,890 INFO Epoch 134 	 Batch 199	LR : 0.00062	Tot. Loss: 0.17
2024-12-22 23:04:57,048 INFO Epoch 134 	 Batch 299	LR : 0.00062	Tot. Loss: 0.17
2024-12-22 23:05:09,385 INFO ################## 
 ---> Validation Epoch 134	Acc.: 80.340	FPR: 70.600	AUROC: 83.938	AUPR: 53.162	AURC: 57.819	EAURC: 37.085	AUPR Succ.: 95.627	ECE: 6.583	NLL: 6.311	Brier: 29.127
2024-12-22 23:05:09,387 INFO ####### --- Training Epoch 135 --- #######
2024-12-22 23:05:29,857 INFO Epoch 135 	 Batch 99	LR : 0.00061	Tot. Loss: 0.17
2024-12-22 23:05:50,044 INFO Epoch 135 	 Batch 199	LR : 0.00061	Tot. Loss: 0.17
2024-12-22 23:06:10,238 INFO Epoch 135 	 Batch 299	LR : 0.00061	Tot. Loss: 0.17
2024-12-22 23:06:22,584 INFO ################## 
 ---> Validation Epoch 135	Acc.: 79.480	FPR: 72.710	AUROC: 83.979	AUPR: 52.804	AURC: 61.026	EAURC: 38.364	AUPR Succ.: 95.442	ECE: 7.699	NLL: 6.562	Brier: 30.256
2024-12-22 23:06:22,585 INFO ####### --- Training Epoch 136 --- #######
2024-12-22 23:06:43,098 INFO Epoch 136 	 Batch 99	LR : 0.00061	Tot. Loss: 0.17
2024-12-22 23:07:03,302 INFO Epoch 136 	 Batch 199	LR : 0.00061	Tot. Loss: 0.17
2024-12-22 23:07:23,525 INFO Epoch 136 	 Batch 299	LR : 0.00061	Tot. Loss: 0.17
2024-12-22 23:07:35,912 INFO ################## 
 ---> Validation Epoch 136	Acc.: 81.020	FPR: 71.970	AUROC: 83.876	AUPR: 49.161	AURC: 54.971	EAURC: 35.697	AUPR Succ.: 95.824	ECE: 6.544	NLL: 6.157	Brier: 28.309
2024-12-22 23:07:35,913 INFO Accuracy improved from 80.82 to 81.02!!!
2024-12-22 23:07:35,930 INFO AURC decreased from 56.64 to 54.97!!!
2024-12-22 23:07:35,945 INFO ####### --- Training Epoch 137 --- #######
2024-12-22 23:07:56,461 INFO Epoch 137 	 Batch 99	LR : 0.00060	Tot. Loss: 0.17
2024-12-22 23:08:16,679 INFO Epoch 137 	 Batch 199	LR : 0.00060	Tot. Loss: 0.17
2024-12-22 23:08:36,900 INFO Epoch 137 	 Batch 299	LR : 0.00060	Tot. Loss: 0.17
2024-12-22 23:08:49,283 INFO ################## 
 ---> Validation Epoch 137	Acc.: 80.660	FPR: 69.597	AUROC: 83.796	AUPR: 51.450	AURC: 56.693	EAURC: 36.654	AUPR Succ.: 95.696	ECE: 6.400	NLL: 6.239	Brier: 28.739
2024-12-22 23:08:49,284 INFO ####### --- Training Epoch 138 --- #######
2024-12-22 23:09:09,810 INFO Epoch 138 	 Batch 99	LR : 0.00060	Tot. Loss: 0.17
2024-12-22 23:09:30,047 INFO Epoch 138 	 Batch 199	LR : 0.00060	Tot. Loss: 0.17
2024-12-22 23:09:50,288 INFO Epoch 138 	 Batch 299	LR : 0.00060	Tot. Loss: 0.17
2024-12-22 23:10:02,690 INFO ################## 
 ---> Validation Epoch 138	Acc.: 79.380	FPR: 70.902	AUROC: 83.590	AUPR: 52.469	AURC: 62.349	EAURC: 39.456	AUPR Succ.: 95.311	ECE: 7.699	NLL: 6.586	Brier: 30.377
2024-12-22 23:10:02,692 INFO ####### --- Training Epoch 139 --- #######
2024-12-22 23:10:23,195 INFO Epoch 139 	 Batch 99	LR : 0.00059	Tot. Loss: 0.17
2024-12-22 23:10:43,429 INFO Epoch 139 	 Batch 199	LR : 0.00059	Tot. Loss: 0.17
2024-12-22 23:11:03,661 INFO Epoch 139 	 Batch 299	LR : 0.00059	Tot. Loss: 0.17
2024-12-22 23:11:16,051 INFO ################## 
 ---> Validation Epoch 139	Acc.: 80.560	FPR: 74.897	AUROC: 83.039	AUPR: 48.103	AURC: 58.659	EAURC: 38.404	AUPR Succ.: 95.496	ECE: 6.476	NLL: 6.355	Brier: 29.444
2024-12-22 23:11:16,052 INFO ####### --- Training Epoch 140 --- #######
2024-12-22 23:11:36,555 INFO Epoch 140 	 Batch 99	LR : 0.00059	Tot. Loss: 0.17
2024-12-22 23:11:56,765 INFO Epoch 140 	 Batch 199	LR : 0.00059	Tot. Loss: 0.17
2024-12-22 23:12:16,975 INFO Epoch 140 	 Batch 299	LR : 0.00059	Tot. Loss: 0.17
2024-12-22 23:12:29,367 INFO ################## 
 ---> Validation Epoch 140	Acc.: 79.900	FPR: 72.139	AUROC: 83.533	AUPR: 50.573	AURC: 60.225	EAURC: 38.516	AUPR Succ.: 95.448	ECE: 7.408	NLL: 6.444	Brier: 29.819
2024-12-22 23:12:29,368 INFO ####### --- Training Epoch 141 --- #######
2024-12-22 23:12:49,854 INFO Epoch 141 	 Batch 99	LR : 0.00058	Tot. Loss: 0.17
2024-12-22 23:13:10,053 INFO Epoch 141 	 Batch 199	LR : 0.00058	Tot. Loss: 0.17
2024-12-22 23:13:30,267 INFO Epoch 141 	 Batch 299	LR : 0.00058	Tot. Loss: 0.17
2024-12-22 23:13:42,641 INFO ################## 
 ---> Validation Epoch 141	Acc.: 80.140	FPR: 70.493	AUROC: 84.276	AUPR: 51.920	AURC: 57.629	EAURC: 36.455	AUPR Succ.: 95.694	ECE: 7.167	NLL: 6.365	Brier: 29.188
2024-12-22 23:13:42,643 INFO ####### --- Training Epoch 142 --- #######
2024-12-22 23:14:03,139 INFO Epoch 142 	 Batch 99	LR : 0.00058	Tot. Loss: 0.17
2024-12-22 23:14:23,361 INFO Epoch 142 	 Batch 199	LR : 0.00058	Tot. Loss: 0.17
2024-12-22 23:14:43,586 INFO Epoch 142 	 Batch 299	LR : 0.00058	Tot. Loss: 0.17
2024-12-22 23:14:55,956 INFO ################## 
 ---> Validation Epoch 142	Acc.: 80.020	FPR: 71.171	AUROC: 83.913	AUPR: 51.025	AURC: 58.757	EAURC: 37.317	AUPR Succ.: 95.593	ECE: 7.124	NLL: 6.397	Brier: 29.529
2024-12-22 23:14:55,958 INFO ####### --- Training Epoch 143 --- #######
2024-12-22 23:15:16,469 INFO Epoch 143 	 Batch 99	LR : 0.00057	Tot. Loss: 0.17
2024-12-22 23:15:36,704 INFO Epoch 143 	 Batch 199	LR : 0.00057	Tot. Loss: 0.17
2024-12-22 23:15:56,943 INFO Epoch 143 	 Batch 299	LR : 0.00057	Tot. Loss: 0.17
2024-12-22 23:16:09,323 INFO ################## 
 ---> Validation Epoch 143	Acc.: 80.740	FPR: 71.755	AUROC: 84.256	AUPR: 51.114	AURC: 55.050	EAURC: 35.182	AUPR Succ.: 95.872	ECE: 6.558	NLL: 6.166	Brier: 28.470
2024-12-22 23:16:09,324 INFO ####### --- Training Epoch 144 --- #######
2024-12-22 23:16:29,838 INFO Epoch 144 	 Batch 99	LR : 0.00057	Tot. Loss: 0.17
2024-12-22 23:16:50,065 INFO Epoch 144 	 Batch 199	LR : 0.00057	Tot. Loss: 0.17
2024-12-22 23:17:10,295 INFO Epoch 144 	 Batch 299	LR : 0.00057	Tot. Loss: 0.17
2024-12-22 23:17:22,664 INFO ################## 
 ---> Validation Epoch 144	Acc.: 80.500	FPR: 70.872	AUROC: 83.979	AUPR: 51.373	AURC: 56.782	EAURC: 36.397	AUPR Succ.: 95.719	ECE: 6.875	NLL: 6.314	Brier: 28.930
2024-12-22 23:17:22,665 INFO ####### --- Training Epoch 145 --- #######
2024-12-22 23:17:43,184 INFO Epoch 145 	 Batch 99	LR : 0.00056	Tot. Loss: 0.17
2024-12-22 23:18:03,415 INFO Epoch 145 	 Batch 199	LR : 0.00056	Tot. Loss: 0.17
2024-12-22 23:18:23,631 INFO Epoch 145 	 Batch 299	LR : 0.00056	Tot. Loss: 0.17
2024-12-22 23:18:36,002 INFO ################## 
 ---> Validation Epoch 145	Acc.: 80.100	FPR: 70.754	AUROC: 83.703	AUPR: 51.729	AURC: 59.011	EAURC: 37.748	AUPR Succ.: 95.545	ECE: 7.039	NLL: 6.388	Brier: 29.543
2024-12-22 23:18:36,003 INFO ####### --- Training Epoch 146 --- #######
2024-12-22 23:18:56,495 INFO Epoch 146 	 Batch 99	LR : 0.00056	Tot. Loss: 0.17
2024-12-22 23:19:16,702 INFO Epoch 146 	 Batch 199	LR : 0.00056	Tot. Loss: 0.17
2024-12-22 23:19:36,924 INFO Epoch 146 	 Batch 299	LR : 0.00056	Tot. Loss: 0.17
2024-12-22 23:19:49,338 INFO ################## 
 ---> Validation Epoch 146	Acc.: 80.180	FPR: 71.039	AUROC: 83.929	AUPR: 52.333	AURC: 58.035	EAURC: 36.950	AUPR Succ.: 95.643	ECE: 6.799	NLL: 6.316	Brier: 29.320
2024-12-22 23:19:49,339 INFO ####### --- Training Epoch 147 --- #######
2024-12-22 23:20:09,868 INFO Epoch 147 	 Batch 99	LR : 0.00055	Tot. Loss: 0.17
2024-12-22 23:20:30,102 INFO Epoch 147 	 Batch 199	LR : 0.00055	Tot. Loss: 0.17
2024-12-22 23:20:50,346 INFO Epoch 147 	 Batch 299	LR : 0.00055	Tot. Loss: 0.17
2024-12-22 23:21:02,734 INFO ################## 
 ---> Validation Epoch 147	Acc.: 80.340	FPR: 72.431	AUROC: 83.304	AUPR: 48.939	AURC: 58.918	EAURC: 38.184	AUPR Succ.: 95.509	ECE: 6.860	NLL: 6.325	Brier: 29.322
2024-12-22 23:21:02,735 INFO ####### --- Training Epoch 148 --- #######
2024-12-22 23:21:23,235 INFO Epoch 148 	 Batch 99	LR : 0.00055	Tot. Loss: 0.17
2024-12-22 23:21:43,472 INFO Epoch 148 	 Batch 199	LR : 0.00055	Tot. Loss: 0.17
2024-12-22 23:22:03,717 INFO Epoch 148 	 Batch 299	LR : 0.00055	Tot. Loss: 0.17
2024-12-22 23:22:16,093 INFO ################## 
 ---> Validation Epoch 148	Acc.: 80.120	FPR: 71.529	AUROC: 84.365	AUPR: 53.000	AURC: 57.280	EAURC: 36.062	AUPR Succ.: 95.741	ECE: 7.223	NLL: 6.305	Brier: 29.172
2024-12-22 23:22:16,094 INFO ####### --- Training Epoch 149 --- #######
2024-12-22 23:22:36,609 INFO Epoch 149 	 Batch 99	LR : 0.00054	Tot. Loss: 0.17
2024-12-22 23:22:56,844 INFO Epoch 149 	 Batch 199	LR : 0.00054	Tot. Loss: 0.17
2024-12-22 23:23:17,081 INFO Epoch 149 	 Batch 299	LR : 0.00054	Tot. Loss: 0.17
2024-12-22 23:23:29,442 INFO ################## 
 ---> Validation Epoch 149	Acc.: 80.620	FPR: 72.136	AUROC: 83.673	AUPR: 50.213	AURC: 56.861	EAURC: 36.735	AUPR Succ.: 95.689	ECE: 6.811	NLL: 6.264	Brier: 28.934
2024-12-22 23:23:29,443 INFO ####### --- Training Epoch 150 --- #######
2024-12-22 23:23:49,953 INFO Epoch 150 	 Batch 99	LR : 0.00054	Tot. Loss: 0.17
2024-12-22 23:24:10,188 INFO Epoch 150 	 Batch 199	LR : 0.00054	Tot. Loss: 0.17
2024-12-22 23:24:30,424 INFO Epoch 150 	 Batch 299	LR : 0.00054	Tot. Loss: 0.17
2024-12-22 23:24:42,786 INFO ################## 
 ---> Validation Epoch 150	Acc.: 80.140	FPR: 70.292	AUROC: 84.248	AUPR: 51.834	AURC: 57.527	EAURC: 36.353	AUPR Succ.: 95.709	ECE: 7.076	NLL: 6.320	Brier: 29.271
2024-12-22 23:24:42,788 INFO ####### --- Training Epoch 151 --- #######
2024-12-22 23:25:03,284 INFO Epoch 151 	 Batch 99	LR : 0.00053	Tot. Loss: 0.17
2024-12-22 23:25:23,497 INFO Epoch 151 	 Batch 199	LR : 0.00053	Tot. Loss: 0.17
2024-12-22 23:25:43,720 INFO Epoch 151 	 Batch 299	LR : 0.00053	Tot. Loss: 0.17
2024-12-22 23:25:56,124 INFO ################## 
 ---> Validation Epoch 151	Acc.: 80.260	FPR: 70.922	AUROC: 84.141	AUPR: 51.768	AURC: 57.338	EAURC: 36.429	AUPR Succ.: 95.705	ECE: 7.244	NLL: 6.312	Brier: 29.120
2024-12-22 23:25:56,126 INFO ####### --- Training Epoch 152 --- #######
2024-12-22 23:26:16,652 INFO Epoch 152 	 Batch 99	LR : 0.00053	Tot. Loss: 0.17
2024-12-22 23:26:36,876 INFO Epoch 152 	 Batch 199	LR : 0.00053	Tot. Loss: 0.17
2024-12-22 23:26:57,106 INFO Epoch 152 	 Batch 299	LR : 0.00053	Tot. Loss: 0.17
2024-12-22 23:27:09,492 INFO ################## 
 ---> Validation Epoch 152	Acc.: 80.300	FPR: 70.761	AUROC: 83.991	AUPR: 52.037	AURC: 57.628	EAURC: 36.807	AUPR Succ.: 95.661	ECE: 6.998	NLL: 6.317	Brier: 29.124
2024-12-22 23:27:09,494 INFO ####### --- Training Epoch 153 --- #######
2024-12-22 23:27:29,983 INFO Epoch 153 	 Batch 99	LR : 0.00052	Tot. Loss: 0.17
2024-12-22 23:27:50,187 INFO Epoch 153 	 Batch 199	LR : 0.00052	Tot. Loss: 0.17
2024-12-22 23:28:10,437 INFO Epoch 153 	 Batch 299	LR : 0.00052	Tot. Loss: 0.17
2024-12-22 23:28:22,822 INFO ################## 
 ---> Validation Epoch 153	Acc.: 79.300	FPR: 72.077	AUROC: 83.996	AUPR: 53.628	AURC: 61.752	EAURC: 38.674	AUPR Succ.: 95.395	ECE: 7.618	NLL: 6.524	Brier: 30.220
2024-12-22 23:28:22,824 INFO ####### --- Training Epoch 154 --- #######
2024-12-22 23:28:43,466 INFO Epoch 154 	 Batch 99	LR : 0.00052	Tot. Loss: 0.17
2024-12-22 23:29:03,730 INFO Epoch 154 	 Batch 199	LR : 0.00052	Tot. Loss: 0.17
2024-12-22 23:29:24,001 INFO Epoch 154 	 Batch 299	LR : 0.00052	Tot. Loss: 0.17
2024-12-22 23:29:36,578 INFO ################## 
 ---> Validation Epoch 154	Acc.: 79.420	FPR: 69.582	AUROC: 84.211	AUPR: 53.492	AURC: 60.410	EAURC: 37.609	AUPR Succ.: 95.530	ECE: 7.576	NLL: 6.423	Brier: 29.979
2024-12-22 23:29:36,579 INFO ####### --- Training Epoch 155 --- #######
2024-12-22 23:29:57,137 INFO Epoch 155 	 Batch 99	LR : 0.00051	Tot. Loss: 0.17
2024-12-22 23:30:17,405 INFO Epoch 155 	 Batch 199	LR : 0.00051	Tot. Loss: 0.17
2024-12-22 23:30:37,664 INFO Epoch 155 	 Batch 299	LR : 0.00051	Tot. Loss: 0.17
2024-12-22 23:30:50,101 INFO ################## 
 ---> Validation Epoch 155	Acc.: 80.740	FPR: 71.859	AUROC: 83.729	AUPR: 50.734	AURC: 56.381	EAURC: 36.513	AUPR Succ.: 95.718	ECE: 6.540	NLL: 6.258	Brier: 28.795
2024-12-22 23:30:50,102 INFO ####### --- Training Epoch 156 --- #######
2024-12-22 23:31:10,655 INFO Epoch 156 	 Batch 99	LR : 0.00050	Tot. Loss: 0.17
2024-12-22 23:31:30,917 INFO Epoch 156 	 Batch 199	LR : 0.00050	Tot. Loss: 0.17
2024-12-22 23:31:51,185 INFO Epoch 156 	 Batch 299	LR : 0.00050	Tot. Loss: 0.17
2024-12-22 23:32:03,588 INFO ################## 
 ---> Validation Epoch 156	Acc.: 79.040	FPR: 72.519	AUROC: 83.502	AUPR: 52.598	AURC: 63.946	EAURC: 40.261	AUPR Succ.: 95.202	ECE: 7.838	NLL: 6.704	Brier: 30.903
2024-12-22 23:32:03,590 INFO ####### --- Training Epoch 157 --- #######
2024-12-22 23:32:24,143 INFO Epoch 157 	 Batch 99	LR : 0.00050	Tot. Loss: 0.17
2024-12-22 23:32:44,407 INFO Epoch 157 	 Batch 199	LR : 0.00050	Tot. Loss: 0.17
2024-12-22 23:33:04,680 INFO Epoch 157 	 Batch 299	LR : 0.00050	Tot. Loss: 0.17
2024-12-22 23:33:17,089 INFO ################## 
 ---> Validation Epoch 157	Acc.: 79.840	FPR: 72.123	AUROC: 83.719	AUPR: 51.294	AURC: 59.973	EAURC: 38.129	AUPR Succ.: 95.491	ECE: 7.218	NLL: 6.451	Brier: 29.847
2024-12-22 23:33:17,091 INFO ####### --- Training Epoch 158 --- #######
2024-12-22 23:33:37,647 INFO Epoch 158 	 Batch 99	LR : 0.00049	Tot. Loss: 0.17
2024-12-22 23:33:57,910 INFO Epoch 158 	 Batch 199	LR : 0.00049	Tot. Loss: 0.17
2024-12-22 23:34:18,177 INFO Epoch 158 	 Batch 299	LR : 0.00049	Tot. Loss: 0.17
2024-12-22 23:34:30,573 INFO ################## 
 ---> Validation Epoch 158	Acc.: 80.700	FPR: 71.399	AUROC: 83.819	AUPR: 50.225	AURC: 56.258	EAURC: 36.305	AUPR Succ.: 95.741	ECE: 6.900	NLL: 6.255	Brier: 28.783
2024-12-22 23:34:30,574 INFO ####### --- Training Epoch 159 --- #######
2024-12-22 23:34:51,129 INFO Epoch 159 	 Batch 99	LR : 0.00049	Tot. Loss: 0.17
2024-12-22 23:35:11,394 INFO Epoch 159 	 Batch 199	LR : 0.00049	Tot. Loss: 0.17
2024-12-22 23:35:31,667 INFO Epoch 159 	 Batch 299	LR : 0.00049	Tot. Loss: 0.17
2024-12-22 23:35:44,095 INFO ################## 
 ---> Validation Epoch 159	Acc.: 80.940	FPR: 73.242	AUROC: 83.716	AUPR: 49.687	AURC: 55.521	EAURC: 36.078	AUPR Succ.: 95.780	ECE: 6.407	NLL: 6.260	Brier: 28.633
2024-12-22 23:35:44,096 INFO ####### --- Training Epoch 160 --- #######
2024-12-22 23:36:04,655 INFO Epoch 160 	 Batch 99	LR : 0.00048	Tot. Loss: 0.17
2024-12-22 23:36:24,924 INFO Epoch 160 	 Batch 199	LR : 0.00048	Tot. Loss: 0.17
2024-12-22 23:36:45,196 INFO Epoch 160 	 Batch 299	LR : 0.00048	Tot. Loss: 0.17
2024-12-22 23:36:57,576 INFO ################## 
 ---> Validation Epoch 160	Acc.: 80.140	FPR: 72.407	AUROC: 83.951	AUPR: 51.639	AURC: 58.235	EAURC: 37.061	AUPR Succ.: 95.627	ECE: 7.235	NLL: 6.393	Brier: 29.405
2024-12-22 23:36:57,577 INFO ####### --- Training Epoch 161 --- #######
2024-12-22 23:37:18,151 INFO Epoch 161 	 Batch 99	LR : 0.00048	Tot. Loss: 0.17
2024-12-22 23:37:38,418 INFO Epoch 161 	 Batch 199	LR : 0.00048	Tot. Loss: 0.17
2024-12-22 23:37:58,691 INFO Epoch 161 	 Batch 299	LR : 0.00048	Tot. Loss: 0.17
2024-12-22 23:38:11,091 INFO ################## 
 ---> Validation Epoch 161	Acc.: 80.040	FPR: 69.940	AUROC: 84.004	AUPR: 52.096	AURC: 58.583	EAURC: 37.187	AUPR Succ.: 95.606	ECE: 6.960	NLL: 6.402	Brier: 29.501
2024-12-22 23:38:11,092 INFO ####### --- Training Epoch 162 --- #######
2024-12-22 23:38:31,651 INFO Epoch 162 	 Batch 99	LR : 0.00047	Tot. Loss: 0.17
2024-12-22 23:38:51,934 INFO Epoch 162 	 Batch 199	LR : 0.00047	Tot. Loss: 0.17
2024-12-22 23:39:12,222 INFO Epoch 162 	 Batch 299	LR : 0.00047	Tot. Loss: 0.17
2024-12-22 23:39:24,605 INFO ################## 
 ---> Validation Epoch 162	Acc.: 79.840	FPR: 71.925	AUROC: 84.063	AUPR: 51.635	AURC: 59.007	EAURC: 37.163	AUPR Succ.: 95.604	ECE: 7.559	NLL: 6.407	Brier: 29.629
2024-12-22 23:39:24,606 INFO ####### --- Training Epoch 163 --- #######
2024-12-22 23:39:45,164 INFO Epoch 163 	 Batch 99	LR : 0.00047	Tot. Loss: 0.17
2024-12-22 23:40:05,444 INFO Epoch 163 	 Batch 199	LR : 0.00047	Tot. Loss: 0.17
2024-12-22 23:40:25,726 INFO Epoch 163 	 Batch 299	LR : 0.00047	Tot. Loss: 0.17
2024-12-22 23:40:38,147 INFO ################## 
 ---> Validation Epoch 163	Acc.: 80.320	FPR: 73.577	AUROC: 83.410	AUPR: 49.314	AURC: 58.631	EAURC: 37.854	AUPR Succ.: 95.549	ECE: 7.084	NLL: 6.372	Brier: 29.439
2024-12-22 23:40:38,148 INFO ####### --- Training Epoch 164 --- #######
2024-12-22 23:40:58,710 INFO Epoch 164 	 Batch 99	LR : 0.00046	Tot. Loss: 0.17
2024-12-22 23:41:18,986 INFO Epoch 164 	 Batch 199	LR : 0.00046	Tot. Loss: 0.17
2024-12-22 23:41:39,262 INFO Epoch 164 	 Batch 299	LR : 0.00046	Tot. Loss: 0.17
2024-12-22 23:41:51,669 INFO ################## 
 ---> Validation Epoch 164	Acc.: 80.120	FPR: 71.932	AUROC: 83.526	AUPR: 51.042	AURC: 59.430	EAURC: 38.211	AUPR Succ.: 95.493	ECE: 6.913	NLL: 6.411	Brier: 29.647
2024-12-22 23:41:51,670 INFO ####### --- Training Epoch 165 --- #######
2024-12-22 23:42:12,213 INFO Epoch 165 	 Batch 99	LR : 0.00046	Tot. Loss: 0.17
2024-12-22 23:42:32,487 INFO Epoch 165 	 Batch 199	LR : 0.00046	Tot. Loss: 0.17
2024-12-22 23:42:52,760 INFO Epoch 165 	 Batch 299	LR : 0.00046	Tot. Loss: 0.17
2024-12-22 23:43:05,160 INFO ################## 
 ---> Validation Epoch 165	Acc.: 80.420	FPR: 73.953	AUROC: 83.836	AUPR: 51.381	AURC: 57.343	EAURC: 36.784	AUPR Succ.: 95.673	ECE: 6.810	NLL: 6.324	Brier: 29.147
2024-12-22 23:43:05,162 INFO ####### --- Training Epoch 166 --- #######
2024-12-22 23:43:25,748 INFO Epoch 166 	 Batch 99	LR : 0.00045	Tot. Loss: 0.17
2024-12-22 23:43:46,026 INFO Epoch 166 	 Batch 199	LR : 0.00045	Tot. Loss: 0.17
2024-12-22 23:44:06,307 INFO Epoch 166 	 Batch 299	LR : 0.00045	Tot. Loss: 0.17
2024-12-22 23:44:18,719 INFO ################## 
 ---> Validation Epoch 166	Acc.: 80.400	FPR: 71.327	AUROC: 83.875	AUPR: 51.534	AURC: 57.372	EAURC: 36.769	AUPR Succ.: 95.673	ECE: 6.681	NLL: 6.311	Brier: 29.117
2024-12-22 23:44:18,721 INFO ####### --- Training Epoch 167 --- #######
2024-12-22 23:44:39,280 INFO Epoch 167 	 Batch 99	LR : 0.00045	Tot. Loss: 0.17
2024-12-22 23:44:59,551 INFO Epoch 167 	 Batch 199	LR : 0.00045	Tot. Loss: 0.17
2024-12-22 23:45:19,816 INFO Epoch 167 	 Batch 299	LR : 0.00045	Tot. Loss: 0.17
2024-12-22 23:45:32,194 INFO ################## 
 ---> Validation Epoch 167	Acc.: 79.720	FPR: 73.176	AUROC: 83.658	AUPR: 52.524	AURC: 60.678	EAURC: 38.563	AUPR Succ.: 95.434	ECE: 7.189	NLL: 6.517	Brier: 30.084
2024-12-22 23:45:32,195 INFO ####### --- Training Epoch 168 --- #######
2024-12-22 23:45:52,735 INFO Epoch 168 	 Batch 99	LR : 0.00044	Tot. Loss: 0.17
2024-12-22 23:46:13,003 INFO Epoch 168 	 Batch 199	LR : 0.00044	Tot. Loss: 0.17
2024-12-22 23:46:33,278 INFO Epoch 168 	 Batch 299	LR : 0.00044	Tot. Loss: 0.17
2024-12-22 23:46:45,686 INFO ################## 
 ---> Validation Epoch 168	Acc.: 79.520	FPR: 70.703	AUROC: 83.989	AUPR: 53.233	AURC: 60.724	EAURC: 38.154	AUPR Succ.: 95.470	ECE: 7.347	NLL: 6.513	Brier: 30.122
2024-12-22 23:46:45,688 INFO ####### --- Training Epoch 169 --- #######
2024-12-22 23:47:06,254 INFO Epoch 169 	 Batch 99	LR : 0.00044	Tot. Loss: 0.17
2024-12-22 23:47:26,537 INFO Epoch 169 	 Batch 199	LR : 0.00044	Tot. Loss: 0.17
2024-12-22 23:47:46,822 INFO Epoch 169 	 Batch 299	LR : 0.00044	Tot. Loss: 0.17
2024-12-22 23:47:59,221 INFO ################## 
 ---> Validation Epoch 169	Acc.: 80.200	FPR: 70.909	AUROC: 84.226	AUPR: 52.151	AURC: 57.198	EAURC: 36.156	AUPR Succ.: 95.736	ECE: 7.090	NLL: 6.326	Brier: 29.214
2024-12-22 23:47:59,222 INFO ####### --- Training Epoch 170 --- #######
2024-12-22 23:48:19,789 INFO Epoch 170 	 Batch 99	LR : 0.00043	Tot. Loss: 0.17
2024-12-22 23:48:40,062 INFO Epoch 170 	 Batch 199	LR : 0.00043	Tot. Loss: 0.17
2024-12-22 23:49:00,343 INFO Epoch 170 	 Batch 299	LR : 0.00043	Tot. Loss: 0.17
2024-12-22 23:49:12,732 INFO ################## 
 ---> Validation Epoch 170	Acc.: 80.280	FPR: 71.907	AUROC: 83.799	AUPR: 50.141	AURC: 57.957	EAURC: 37.091	AUPR Succ.: 95.633	ECE: 7.009	NLL: 6.318	Brier: 29.250
2024-12-22 23:49:12,734 INFO ####### --- Training Epoch 171 --- #######
2024-12-22 23:49:33,286 INFO Epoch 171 	 Batch 99	LR : 0.00043	Tot. Loss: 0.17
2024-12-22 23:49:53,561 INFO Epoch 171 	 Batch 199	LR : 0.00043	Tot. Loss: 0.17
2024-12-22 23:50:13,836 INFO Epoch 171 	 Batch 299	LR : 0.00043	Tot. Loss: 0.17
2024-12-22 23:50:26,249 INFO ################## 
 ---> Validation Epoch 171	Acc.: 80.620	FPR: 74.303	AUROC: 83.629	AUPR: 49.226	AURC: 56.798	EAURC: 36.673	AUPR Succ.: 95.701	ECE: 6.853	NLL: 6.267	Brier: 29.050
2024-12-22 23:50:26,250 INFO ####### --- Training Epoch 172 --- #######
2024-12-22 23:50:46,820 INFO Epoch 172 	 Batch 99	LR : 0.00042	Tot. Loss: 0.17
2024-12-22 23:51:07,100 INFO Epoch 172 	 Batch 199	LR : 0.00042	Tot. Loss: 0.17
2024-12-22 23:51:27,386 INFO Epoch 172 	 Batch 299	LR : 0.00042	Tot. Loss: 0.17
2024-12-22 23:51:39,808 INFO ################## 
 ---> Validation Epoch 172	Acc.: 80.460	FPR: 72.364	AUROC: 84.157	AUPR: 51.132	AURC: 56.339	EAURC: 35.867	AUPR Succ.: 95.782	ECE: 6.631	NLL: 6.231	Brier: 28.839
2024-12-22 23:51:39,810 INFO ####### --- Training Epoch 173 --- #######
2024-12-22 23:52:00,376 INFO Epoch 173 	 Batch 99	LR : 0.00042	Tot. Loss: 0.17
2024-12-22 23:52:20,639 INFO Epoch 173 	 Batch 199	LR : 0.00042	Tot. Loss: 0.17
2024-12-22 23:52:40,904 INFO Epoch 173 	 Batch 299	LR : 0.00042	Tot. Loss: 0.17
2024-12-22 23:52:53,291 INFO ################## 
 ---> Validation Epoch 173	Acc.: 80.660	FPR: 73.423	AUROC: 83.660	AUPR: 50.665	AURC: 56.737	EAURC: 36.698	AUPR Succ.: 95.695	ECE: 6.895	NLL: 6.329	Brier: 28.924
2024-12-22 23:52:53,292 INFO ####### --- Training Epoch 174 --- #######
2024-12-22 23:53:13,840 INFO Epoch 174 	 Batch 99	LR : 0.00041	Tot. Loss: 0.17
2024-12-22 23:53:34,107 INFO Epoch 174 	 Batch 199	LR : 0.00041	Tot. Loss: 0.17
2024-12-22 23:53:54,383 INFO Epoch 174 	 Batch 299	LR : 0.00041	Tot. Loss: 0.17
2024-12-22 23:54:06,811 INFO ################## 
 ---> Validation Epoch 174	Acc.: 79.860	FPR: 70.804	AUROC: 84.011	AUPR: 53.167	AURC: 59.463	EAURC: 37.664	AUPR Succ.: 95.539	ECE: 7.295	NLL: 6.406	Brier: 29.582
2024-12-22 23:54:06,812 INFO ####### --- Training Epoch 175 --- #######
2024-12-22 23:54:27,402 INFO Epoch 175 	 Batch 99	LR : 0.00041	Tot. Loss: 0.17
2024-12-22 23:54:47,677 INFO Epoch 175 	 Batch 199	LR : 0.00041	Tot. Loss: 0.17
2024-12-22 23:55:07,951 INFO Epoch 175 	 Batch 299	LR : 0.00041	Tot. Loss: 0.17
2024-12-22 23:55:20,353 INFO ################## 
 ---> Validation Epoch 175	Acc.: 80.300	FPR: 71.777	AUROC: 83.794	AUPR: 50.516	AURC: 57.920	EAURC: 37.099	AUPR Succ.: 95.632	ECE: 6.882	NLL: 6.309	Brier: 29.241
2024-12-22 23:55:20,354 INFO ####### --- Training Epoch 176 --- #######
2024-12-22 23:55:40,918 INFO Epoch 176 	 Batch 99	LR : 0.00040	Tot. Loss: 0.17
2024-12-22 23:56:01,199 INFO Epoch 176 	 Batch 199	LR : 0.00040	Tot. Loss: 0.17
2024-12-22 23:56:21,480 INFO Epoch 176 	 Batch 299	LR : 0.00040	Tot. Loss: 0.17
2024-12-22 23:56:33,878 INFO ################## 
 ---> Validation Epoch 176	Acc.: 79.800	FPR: 71.980	AUROC: 83.952	AUPR: 51.804	AURC: 59.396	EAURC: 37.462	AUPR Succ.: 95.569	ECE: 7.126	NLL: 6.453	Brier: 29.988
2024-12-22 23:56:33,879 INFO ####### --- Training Epoch 177 --- #######
2024-12-22 23:56:54,443 INFO Epoch 177 	 Batch 99	LR : 0.00040	Tot. Loss: 0.17
2024-12-22 23:57:14,713 INFO Epoch 177 	 Batch 199	LR : 0.00040	Tot. Loss: 0.17
2024-12-22 23:57:34,997 INFO Epoch 177 	 Batch 299	LR : 0.00040	Tot. Loss: 0.17
2024-12-22 23:57:47,434 INFO ################## 
 ---> Validation Epoch 177	Acc.: 79.880	FPR: 74.751	AUROC: 83.111	AUPR: 49.454	AURC: 61.411	EAURC: 39.657	AUPR Succ.: 95.316	ECE: 7.071	NLL: 6.530	Brier: 30.188
2024-12-22 23:57:47,436 INFO ####### --- Training Epoch 178 --- #######
2024-12-22 23:58:07,994 INFO Epoch 178 	 Batch 99	LR : 0.00039	Tot. Loss: 0.17
2024-12-22 23:58:28,266 INFO Epoch 178 	 Batch 199	LR : 0.00039	Tot. Loss: 0.17
2024-12-22 23:58:48,544 INFO Epoch 178 	 Batch 299	LR : 0.00039	Tot. Loss: 0.17
2024-12-22 23:59:00,918 INFO ################## 
 ---> Validation Epoch 178	Acc.: 79.820	FPR: 72.349	AUROC: 83.630	AUPR: 50.201	AURC: 60.279	EAURC: 38.390	AUPR Succ.: 95.460	ECE: 7.336	NLL: 6.475	Brier: 29.963
2024-12-22 23:59:00,920 INFO ####### --- Training Epoch 179 --- #######
2024-12-22 23:59:21,484 INFO Epoch 179 	 Batch 99	LR : 0.00039	Tot. Loss: 0.17
2024-12-22 23:59:41,763 INFO Epoch 179 	 Batch 199	LR : 0.00039	Tot. Loss: 0.17
2024-12-23 00:00:02,041 INFO Epoch 179 	 Batch 299	LR : 0.00039	Tot. Loss: 0.17
2024-12-23 00:00:14,485 INFO ################## 
 ---> Validation Epoch 179	Acc.: 79.760	FPR: 72.036	AUROC: 83.727	AUPR: 51.225	AURC: 60.329	EAURC: 38.305	AUPR Succ.: 95.465	ECE: 7.269	NLL: 6.447	Brier: 29.884
2024-12-23 00:00:14,486 INFO ####### --- Training Epoch 180 --- #######
2024-12-23 00:00:35,070 INFO Epoch 180 	 Batch 99	LR : 0.00038	Tot. Loss: 0.17
2024-12-23 00:00:55,358 INFO Epoch 180 	 Batch 199	LR : 0.00038	Tot. Loss: 0.17
2024-12-23 00:01:15,647 INFO Epoch 180 	 Batch 299	LR : 0.00038	Tot. Loss: 0.17
2024-12-23 00:01:28,075 INFO ################## 
 ---> Validation Epoch 180	Acc.: 79.760	FPR: 71.047	AUROC: 84.100	AUPR: 52.737	AURC: 59.406	EAURC: 37.382	AUPR Succ.: 95.572	ECE: 7.591	NLL: 6.454	Brier: 29.797
2024-12-23 00:01:28,076 INFO ####### --- Training Epoch 181 --- #######
2024-12-23 00:01:48,642 INFO Epoch 181 	 Batch 99	LR : 0.00038	Tot. Loss: 0.17
2024-12-23 00:02:08,919 INFO Epoch 181 	 Batch 199	LR : 0.00038	Tot. Loss: 0.17
2024-12-23 00:02:29,201 INFO Epoch 181 	 Batch 299	LR : 0.00038	Tot. Loss: 0.17
2024-12-23 00:02:41,615 INFO ################## 
 ---> Validation Epoch 181	Acc.: 80.020	FPR: 73.473	AUROC: 83.754	AUPR: 50.836	AURC: 59.146	EAURC: 37.705	AUPR Succ.: 95.548	ECE: 7.135	NLL: 6.471	Brier: 29.639
2024-12-23 00:02:41,616 INFO ####### --- Training Epoch 182 --- #######
2024-12-23 00:03:02,193 INFO Epoch 182 	 Batch 99	LR : 0.00037	Tot. Loss: 0.17
2024-12-23 00:03:22,475 INFO Epoch 182 	 Batch 199	LR : 0.00037	Tot. Loss: 0.17
2024-12-23 00:03:42,756 INFO Epoch 182 	 Batch 299	LR : 0.00037	Tot. Loss: 0.17
2024-12-23 00:03:55,176 INFO ################## 
 ---> Validation Epoch 182	Acc.: 80.620	FPR: 70.795	AUROC: 83.929	AUPR: 50.693	AURC: 56.380	EAURC: 36.254	AUPR Succ.: 95.742	ECE: 6.791	NLL: 6.221	Brier: 28.813
2024-12-23 00:03:55,177 INFO ####### --- Training Epoch 183 --- #######
2024-12-23 00:04:15,760 INFO Epoch 183 	 Batch 99	LR : 0.00037	Tot. Loss: 0.17
2024-12-23 00:04:36,046 INFO Epoch 183 	 Batch 199	LR : 0.00037	Tot. Loss: 0.17
2024-12-23 00:04:56,338 INFO Epoch 183 	 Batch 299	LR : 0.00037	Tot. Loss: 0.17
2024-12-23 00:05:08,764 INFO ################## 
 ---> Validation Epoch 183	Acc.: 80.560	FPR: 73.354	AUROC: 83.702	AUPR: 49.965	AURC: 57.004	EAURC: 36.748	AUPR Succ.: 95.686	ECE: 6.739	NLL: 6.330	Brier: 29.133
2024-12-23 00:05:08,766 INFO ####### --- Training Epoch 184 --- #######
2024-12-23 00:05:29,342 INFO Epoch 184 	 Batch 99	LR : 0.00036	Tot. Loss: 0.17
2024-12-23 00:05:49,628 INFO Epoch 184 	 Batch 199	LR : 0.00036	Tot. Loss: 0.17
2024-12-23 00:06:09,923 INFO Epoch 184 	 Batch 299	LR : 0.00036	Tot. Loss: 0.17
2024-12-23 00:06:22,353 INFO ################## 
 ---> Validation Epoch 184	Acc.: 80.080	FPR: 72.590	AUROC: 84.215	AUPR: 52.047	AURC: 57.842	EAURC: 36.535	AUPR Succ.: 95.684	ECE: 7.183	NLL: 6.335	Brier: 29.294
2024-12-23 00:06:22,354 INFO ####### --- Training Epoch 185 --- #######
2024-12-23 00:06:42,933 INFO Epoch 185 	 Batch 99	LR : 0.00036	Tot. Loss: 0.17
2024-12-23 00:07:03,223 INFO Epoch 185 	 Batch 199	LR : 0.00036	Tot. Loss: 0.17
2024-12-23 00:07:23,526 INFO Epoch 185 	 Batch 299	LR : 0.00036	Tot. Loss: 0.17
2024-12-23 00:07:35,979 INFO ################## 
 ---> Validation Epoch 185	Acc.: 79.920	FPR: 72.908	AUROC: 83.565	AUPR: 51.845	AURC: 60.198	EAURC: 38.534	AUPR Succ.: 95.445	ECE: 6.975	NLL: 6.427	Brier: 29.812
2024-12-23 00:07:35,980 INFO ####### --- Training Epoch 186 --- #######
2024-12-23 00:07:56,574 INFO Epoch 186 	 Batch 99	LR : 0.00035	Tot. Loss: 0.17
2024-12-23 00:08:16,869 INFO Epoch 186 	 Batch 199	LR : 0.00035	Tot. Loss: 0.17
2024-12-23 00:08:37,162 INFO Epoch 186 	 Batch 299	LR : 0.00035	Tot. Loss: 0.17
2024-12-23 00:08:49,581 INFO ################## 
 ---> Validation Epoch 186	Acc.: 80.380	FPR: 70.234	AUROC: 84.000	AUPR: 51.532	AURC: 57.112	EAURC: 36.466	AUPR Succ.: 95.707	ECE: 6.764	NLL: 6.292	Brier: 28.942
2024-12-23 00:08:49,582 INFO ####### --- Training Epoch 187 --- #######
2024-12-23 00:09:10,166 INFO Epoch 187 	 Batch 99	LR : 0.00035	Tot. Loss: 0.17
2024-12-23 00:09:30,460 INFO Epoch 187 	 Batch 199	LR : 0.00035	Tot. Loss: 0.17
2024-12-23 00:09:50,751 INFO Epoch 187 	 Batch 299	LR : 0.00035	Tot. Loss: 0.17
2024-12-23 00:10:03,156 INFO ################## 
 ---> Validation Epoch 187	Acc.: 80.560	FPR: 72.531	AUROC: 83.902	AUPR: 50.225	AURC: 56.628	EAURC: 36.373	AUPR Succ.: 95.727	ECE: 6.663	NLL: 6.261	Brier: 28.863
2024-12-23 00:10:03,158 INFO ####### --- Training Epoch 188 --- #######
2024-12-23 00:10:23,718 INFO Epoch 188 	 Batch 99	LR : 0.00034	Tot. Loss: 0.17
2024-12-23 00:10:43,997 INFO Epoch 188 	 Batch 199	LR : 0.00034	Tot. Loss: 0.17
2024-12-23 00:11:04,272 INFO Epoch 188 	 Batch 299	LR : 0.00034	Tot. Loss: 0.17
2024-12-23 00:11:16,678 INFO ################## 
 ---> Validation Epoch 188	Acc.: 80.760	FPR: 71.414	AUROC: 83.894	AUPR: 51.011	AURC: 56.068	EAURC: 36.243	AUPR Succ.: 95.748	ECE: 6.683	NLL: 6.239	Brier: 28.659
2024-12-23 00:11:16,679 INFO ####### --- Training Epoch 189 --- #######
2024-12-23 00:11:37,270 INFO Epoch 189 	 Batch 99	LR : 0.00034	Tot. Loss: 0.17
2024-12-23 00:11:57,543 INFO Epoch 189 	 Batch 199	LR : 0.00034	Tot. Loss: 0.17
2024-12-23 00:12:17,820 INFO Epoch 189 	 Batch 299	LR : 0.00034	Tot. Loss: 0.17
2024-12-23 00:12:30,227 INFO ################## 
 ---> Validation Epoch 189	Acc.: 80.000	FPR: 71.200	AUROC: 83.768	AUPR: 52.541	AURC: 59.228	EAURC: 37.743	AUPR Succ.: 95.543	ECE: 7.141	NLL: 6.467	Brier: 29.794
2024-12-23 00:12:30,228 INFO ####### --- Training Epoch 190 --- #######
2024-12-23 00:12:50,900 INFO Epoch 190 	 Batch 99	LR : 0.00033	Tot. Loss: 0.17
2024-12-23 00:13:11,183 INFO Epoch 190 	 Batch 199	LR : 0.00033	Tot. Loss: 0.17
2024-12-23 00:13:31,465 INFO Epoch 190 	 Batch 299	LR : 0.00033	Tot. Loss: 0.17
2024-12-23 00:13:44,014 INFO ################## 
 ---> Validation Epoch 190	Acc.: 80.520	FPR: 72.074	AUROC: 83.836	AUPR: 50.339	AURC: 56.977	EAURC: 36.635	AUPR Succ.: 95.695	ECE: 6.830	NLL: 6.234	Brier: 28.876
2024-12-23 00:13:44,015 INFO ####### --- Training Epoch 191 --- #######
2024-12-23 00:14:04,576 INFO Epoch 191 	 Batch 99	LR : 0.00033	Tot. Loss: 0.17
2024-12-23 00:14:24,843 INFO Epoch 191 	 Batch 199	LR : 0.00033	Tot. Loss: 0.17
2024-12-23 00:14:45,120 INFO Epoch 191 	 Batch 299	LR : 0.00033	Tot. Loss: 0.17
2024-12-23 00:14:57,517 INFO ################## 
 ---> Validation Epoch 191	Acc.: 80.260	FPR: 70.415	AUROC: 84.118	AUPR: 52.047	AURC: 57.290	EAURC: 36.381	AUPR Succ.: 95.712	ECE: 6.937	NLL: 6.301	Brier: 29.180
2024-12-23 00:14:57,519 INFO ####### --- Training Epoch 192 --- #######
2024-12-23 00:15:18,099 INFO Epoch 192 	 Batch 99	LR : 0.00032	Tot. Loss: 0.17
2024-12-23 00:15:38,385 INFO Epoch 192 	 Batch 199	LR : 0.00032	Tot. Loss: 0.17
2024-12-23 00:15:58,677 INFO Epoch 192 	 Batch 299	LR : 0.00032	Tot. Loss: 0.17
2024-12-23 00:16:11,082 INFO ################## 
 ---> Validation Epoch 192	Acc.: 79.720	FPR: 73.669	AUROC: 83.468	AUPR: 50.747	AURC: 61.001	EAURC: 38.886	AUPR Succ.: 95.400	ECE: 7.307	NLL: 6.510	Brier: 30.223
2024-12-23 00:16:11,084 INFO ####### --- Training Epoch 193 --- #######
2024-12-23 00:16:31,655 INFO Epoch 193 	 Batch 99	LR : 0.00032	Tot. Loss: 0.17
2024-12-23 00:16:51,949 INFO Epoch 193 	 Batch 199	LR : 0.00032	Tot. Loss: 0.17
2024-12-23 00:17:12,244 INFO Epoch 193 	 Batch 299	LR : 0.00032	Tot. Loss: 0.17
2024-12-23 00:17:24,647 INFO ################## 
 ---> Validation Epoch 193	Acc.: 79.520	FPR: 72.168	AUROC: 84.172	AUPR: 52.976	AURC: 60.250	EAURC: 37.679	AUPR Succ.: 95.526	ECE: 7.588	NLL: 6.503	Brier: 30.094
2024-12-23 00:17:24,648 INFO ####### --- Training Epoch 194 --- #######
2024-12-23 00:17:45,219 INFO Epoch 194 	 Batch 99	LR : 0.00031	Tot. Loss: 0.17
2024-12-23 00:18:05,513 INFO Epoch 194 	 Batch 199	LR : 0.00031	Tot. Loss: 0.17
2024-12-23 00:18:25,814 INFO Epoch 194 	 Batch 299	LR : 0.00031	Tot. Loss: 0.17
2024-12-23 00:18:38,248 INFO ################## 
 ---> Validation Epoch 194	Acc.: 80.280	FPR: 69.067	AUROC: 84.139	AUPR: 53.270	AURC: 57.394	EAURC: 36.529	AUPR Succ.: 95.690	ECE: 6.875	NLL: 6.295	Brier: 29.023
2024-12-23 00:18:38,249 INFO ####### --- Training Epoch 195 --- #######
2024-12-23 00:18:58,833 INFO Epoch 195 	 Batch 99	LR : 0.00031	Tot. Loss: 0.17
2024-12-23 00:19:19,132 INFO Epoch 195 	 Batch 199	LR : 0.00031	Tot. Loss: 0.17
2024-12-23 00:19:39,440 INFO Epoch 195 	 Batch 299	LR : 0.00031	Tot. Loss: 0.17
2024-12-23 00:19:51,865 INFO ################## 
 ---> Validation Epoch 195	Acc.: 80.020	FPR: 71.772	AUROC: 83.842	AUPR: 50.856	AURC: 58.868	EAURC: 37.427	AUPR Succ.: 95.582	ECE: 7.077	NLL: 6.361	Brier: 29.609
2024-12-23 00:19:51,866 INFO ####### --- Training Epoch 196 --- #######
2024-12-23 00:20:12,450 INFO Epoch 196 	 Batch 99	LR : 0.00030	Tot. Loss: 0.17
2024-12-23 00:20:32,745 INFO Epoch 196 	 Batch 199	LR : 0.00030	Tot. Loss: 0.17
2024-12-23 00:20:53,042 INFO Epoch 196 	 Batch 299	LR : 0.00030	Tot. Loss: 0.17
2024-12-23 00:21:05,491 INFO ################## 
 ---> Validation Epoch 196	Acc.: 80.580	FPR: 72.400	AUROC: 83.858	AUPR: 50.124	AURC: 56.534	EAURC: 36.322	AUPR Succ.: 95.736	ECE: 6.693	NLL: 6.229	Brier: 28.902
2024-12-23 00:21:05,492 INFO ####### --- Training Epoch 197 --- #######
2024-12-23 00:21:26,072 INFO Epoch 197 	 Batch 99	LR : 0.00030	Tot. Loss: 0.17
2024-12-23 00:21:46,369 INFO Epoch 197 	 Batch 199	LR : 0.00030	Tot. Loss: 0.17
2024-12-23 00:22:06,668 INFO Epoch 197 	 Batch 299	LR : 0.00030	Tot. Loss: 0.17
2024-12-23 00:22:19,094 INFO ################## 
 ---> Validation Epoch 197	Acc.: 80.360	FPR: 73.116	AUROC: 83.568	AUPR: 50.124	AURC: 58.261	EAURC: 37.572	AUPR Succ.: 95.580	ECE: 6.703	NLL: 6.323	Brier: 29.312
2024-12-23 00:22:19,096 INFO ####### --- Training Epoch 198 --- #######
2024-12-23 00:22:39,678 INFO Epoch 198 	 Batch 99	LR : 0.00029	Tot. Loss: 0.17
2024-12-23 00:22:59,975 INFO Epoch 198 	 Batch 199	LR : 0.00029	Tot. Loss: 0.17
2024-12-23 00:23:20,276 INFO Epoch 198 	 Batch 299	LR : 0.00029	Tot. Loss: 0.17
2024-12-23 00:23:32,738 INFO ################## 
 ---> Validation Epoch 198	Acc.: 80.080	FPR: 71.486	AUROC: 84.144	AUPR: 52.979	AURC: 58.144	EAURC: 36.837	AUPR Succ.: 95.647	ECE: 7.032	NLL: 6.313	Brier: 29.240
2024-12-23 00:23:32,740 INFO ####### --- Training Epoch 199 --- #######
2024-12-23 00:23:53,331 INFO Epoch 199 	 Batch 99	LR : 0.00029	Tot. Loss: 0.17
2024-12-23 00:24:13,619 INFO Epoch 199 	 Batch 199	LR : 0.00029	Tot. Loss: 0.17
2024-12-23 00:24:33,916 INFO Epoch 199 	 Batch 299	LR : 0.00029	Tot. Loss: 0.17
2024-12-23 00:24:46,348 INFO ################## 
 ---> Validation Epoch 199	Acc.: 79.600	FPR: 69.608	AUROC: 84.127	AUPR: 53.775	AURC: 60.156	EAURC: 37.768	AUPR Succ.: 95.516	ECE: 7.276	NLL: 6.459	Brier: 29.864
2024-12-23 00:24:46,350 INFO ####### --- Training Epoch 200 --- #######
2024-12-23 00:25:06,948 INFO Epoch 200 	 Batch 99	LR : 0.00028	Tot. Loss: 0.17
2024-12-23 00:25:27,247 INFO Epoch 200 	 Batch 199	LR : 0.00028	Tot. Loss: 0.17
2024-12-23 00:25:47,539 INFO Epoch 200 	 Batch 299	LR : 0.00028	Tot. Loss: 0.17
2024-12-23 00:25:59,952 INFO ################## 
 ---> Validation Epoch 200	Acc.: 80.380	FPR: 73.191	AUROC: 83.476	AUPR: 50.851	AURC: 58.449	EAURC: 37.803	AUPR Succ.: 95.553	ECE: 6.580	NLL: 6.317	Brier: 29.248
2024-12-23 00:25:59,954 INFO ####### --- Training Epoch 201 --- #######
2024-12-23 00:26:20,584 INFO Epoch 201 	 Batch 99	LR : 0.00028	Tot. Loss: 0.17
2024-12-23 00:26:40,897 INFO Epoch 201 	 Batch 199	LR : 0.00028	Tot. Loss: 0.17
2024-12-23 00:27:01,205 INFO Epoch 201 	 Batch 299	LR : 0.00028	Tot. Loss: 0.17
2024-12-23 00:27:13,636 INFO ################## 
 ---> Validation Epoch 201	Acc.: 80.120	FPR: 72.938	AUROC: 83.862	AUPR: 50.872	AURC: 58.522	EAURC: 37.303	AUPR Succ.: 95.599	ECE: 7.129	NLL: 6.330	Brier: 29.269
2024-12-23 00:27:13,637 INFO ####### --- Training Epoch 202 --- #######
2024-12-23 00:27:34,220 INFO Epoch 202 	 Batch 99	LR : 0.00028	Tot. Loss: 0.17
2024-12-23 00:27:54,514 INFO Epoch 202 	 Batch 199	LR : 0.00028	Tot. Loss: 0.17
2024-12-23 00:28:14,811 INFO Epoch 202 	 Batch 299	LR : 0.00028	Tot. Loss: 0.17
2024-12-23 00:28:27,257 INFO ################## 
 ---> Validation Epoch 202	Acc.: 80.500	FPR: 75.179	AUROC: 83.250	AUPR: 48.837	AURC: 58.355	EAURC: 37.970	AUPR Succ.: 95.543	ECE: 7.005	NLL: 6.368	Brier: 29.359
2024-12-23 00:28:27,258 INFO ####### --- Training Epoch 203 --- #######
2024-12-23 00:28:47,840 INFO Epoch 203 	 Batch 99	LR : 0.00027	Tot. Loss: 0.17
2024-12-23 00:29:08,133 INFO Epoch 203 	 Batch 199	LR : 0.00027	Tot. Loss: 0.17
2024-12-23 00:29:28,436 INFO Epoch 203 	 Batch 299	LR : 0.00027	Tot. Loss: 0.17
2024-12-23 00:29:40,843 INFO ################## 
 ---> Validation Epoch 203	Acc.: 80.240	FPR: 74.393	AUROC: 83.836	AUPR: 49.427	AURC: 57.933	EAURC: 36.980	AUPR Succ.: 95.647	ECE: 7.028	NLL: 6.331	Brier: 29.355
2024-12-23 00:29:40,845 INFO ####### --- Training Epoch 204 --- #######
2024-12-23 00:30:01,432 INFO Epoch 204 	 Batch 99	LR : 0.00027	Tot. Loss: 0.17
2024-12-23 00:30:21,731 INFO Epoch 204 	 Batch 199	LR : 0.00027	Tot. Loss: 0.17
2024-12-23 00:30:42,023 INFO Epoch 204 	 Batch 299	LR : 0.00027	Tot. Loss: 0.17
2024-12-23 00:30:54,429 INFO ################## 
 ---> Validation Epoch 204	Acc.: 79.900	FPR: 70.348	AUROC: 84.030	AUPR: 52.332	AURC: 59.139	EAURC: 37.430	AUPR Succ.: 95.571	ECE: 7.126	NLL: 6.417	Brier: 29.608
2024-12-23 00:30:54,430 INFO ####### --- Training Epoch 205 --- #######
2024-12-23 00:31:15,004 INFO Epoch 205 	 Batch 99	LR : 0.00026	Tot. Loss: 0.17
2024-12-23 00:31:35,298 INFO Epoch 205 	 Batch 199	LR : 0.00026	Tot. Loss: 0.17
2024-12-23 00:31:55,596 INFO Epoch 205 	 Batch 299	LR : 0.00026	Tot. Loss: 0.17
2024-12-23 00:32:07,992 INFO ################## 
 ---> Validation Epoch 205	Acc.: 79.860	FPR: 70.506	AUROC: 84.055	AUPR: 52.832	AURC: 59.292	EAURC: 37.494	AUPR Succ.: 95.560	ECE: 7.154	NLL: 6.426	Brier: 29.590
2024-12-23 00:32:07,994 INFO ####### --- Training Epoch 206 --- #######
2024-12-23 00:32:28,577 INFO Epoch 206 	 Batch 99	LR : 0.00026	Tot. Loss: 0.17
2024-12-23 00:32:48,877 INFO Epoch 206 	 Batch 199	LR : 0.00026	Tot. Loss: 0.17
2024-12-23 00:33:09,179 INFO Epoch 206 	 Batch 299	LR : 0.00026	Tot. Loss: 0.17
2024-12-23 00:33:21,602 INFO ################## 
 ---> Validation Epoch 206	Acc.: 79.860	FPR: 71.500	AUROC: 83.985	AUPR: 51.645	AURC: 59.226	EAURC: 37.427	AUPR Succ.: 95.573	ECE: 7.333	NLL: 6.437	Brier: 29.820
2024-12-23 00:33:21,604 INFO ####### --- Training Epoch 207 --- #######
2024-12-23 00:33:42,205 INFO Epoch 207 	 Batch 99	LR : 0.00025	Tot. Loss: 0.17
2024-12-23 00:34:02,498 INFO Epoch 207 	 Batch 199	LR : 0.00025	Tot. Loss: 0.17
2024-12-23 00:34:22,791 INFO Epoch 207 	 Batch 299	LR : 0.00025	Tot. Loss: 0.17
2024-12-23 00:34:35,204 INFO ################## 
 ---> Validation Epoch 207	Acc.: 80.340	FPR: 71.516	AUROC: 83.821	AUPR: 51.387	AURC: 57.714	EAURC: 36.980	AUPR Succ.: 95.646	ECE: 6.873	NLL: 6.316	Brier: 29.158
2024-12-23 00:34:35,205 INFO ####### --- Training Epoch 208 --- #######
2024-12-23 00:34:55,787 INFO Epoch 208 	 Batch 99	LR : 0.00025	Tot. Loss: 0.17
2024-12-23 00:35:16,085 INFO Epoch 208 	 Batch 199	LR : 0.00025	Tot. Loss: 0.17
2024-12-23 00:35:36,391 INFO Epoch 208 	 Batch 299	LR : 0.00025	Tot. Loss: 0.17
2024-12-23 00:35:48,782 INFO ################## 
 ---> Validation Epoch 208	Acc.: 80.140	FPR: 73.112	AUROC: 83.941	AUPR: 50.953	AURC: 58.089	EAURC: 36.915	AUPR Succ.: 95.647	ECE: 7.321	NLL: 6.361	Brier: 29.423
2024-12-23 00:35:48,784 INFO ####### --- Training Epoch 209 --- #######
2024-12-23 00:36:09,379 INFO Epoch 209 	 Batch 99	LR : 0.00024	Tot. Loss: 0.17
2024-12-23 00:36:29,678 INFO Epoch 209 	 Batch 199	LR : 0.00024	Tot. Loss: 0.17
2024-12-23 00:36:49,993 INFO Epoch 209 	 Batch 299	LR : 0.00024	Tot. Loss: 0.17
2024-12-23 00:37:02,413 INFO ################## 
 ---> Validation Epoch 209	Acc.: 79.600	FPR: 72.353	AUROC: 83.741	AUPR: 51.848	AURC: 60.888	EAURC: 38.501	AUPR Succ.: 95.436	ECE: 7.679	NLL: 6.537	Brier: 30.172
2024-12-23 00:37:02,414 INFO ####### --- Training Epoch 210 --- #######
2024-12-23 00:37:22,987 INFO Epoch 210 	 Batch 99	LR : 0.00024	Tot. Loss: 0.17
2024-12-23 00:37:43,286 INFO Epoch 210 	 Batch 199	LR : 0.00024	Tot. Loss: 0.17
2024-12-23 00:38:03,587 INFO Epoch 210 	 Batch 299	LR : 0.00024	Tot. Loss: 0.17
2024-12-23 00:38:16,014 INFO ################## 
 ---> Validation Epoch 210	Acc.: 79.580	FPR: 71.303	AUROC: 83.860	AUPR: 53.041	AURC: 60.873	EAURC: 38.439	AUPR Succ.: 95.438	ECE: 7.252	NLL: 6.509	Brier: 30.074
2024-12-23 00:38:16,015 INFO ####### --- Training Epoch 211 --- #######
2024-12-23 00:38:36,588 INFO Epoch 211 	 Batch 99	LR : 0.00024	Tot. Loss: 0.17
2024-12-23 00:38:56,873 INFO Epoch 211 	 Batch 199	LR : 0.00024	Tot. Loss: 0.17
2024-12-23 00:39:17,159 INFO Epoch 211 	 Batch 299	LR : 0.00024	Tot. Loss: 0.17
2024-12-23 00:39:29,570 INFO ################## 
 ---> Validation Epoch 211	Acc.: 79.900	FPR: 69.751	AUROC: 84.402	AUPR: 53.094	AURC: 58.126	EAURC: 36.417	AUPR Succ.: 95.690	ECE: 7.117	NLL: 6.329	Brier: 29.419
2024-12-23 00:39:29,571 INFO ####### --- Training Epoch 212 --- #######
2024-12-23 00:39:50,146 INFO Epoch 212 	 Batch 99	LR : 0.00023	Tot. Loss: 0.17
2024-12-23 00:40:10,428 INFO Epoch 212 	 Batch 199	LR : 0.00023	Tot. Loss: 0.17
2024-12-23 00:40:30,717 INFO Epoch 212 	 Batch 299	LR : 0.00023	Tot. Loss: 0.17
2024-12-23 00:40:43,121 INFO ################## 
 ---> Validation Epoch 212	Acc.: 79.940	FPR: 71.486	AUROC: 84.060	AUPR: 52.274	AURC: 58.804	EAURC: 37.185	AUPR Succ.: 95.603	ECE: 7.130	NLL: 6.391	Brier: 29.559
2024-12-23 00:40:43,122 INFO ####### --- Training Epoch 213 --- #######
2024-12-23 00:41:03,714 INFO Epoch 213 	 Batch 99	LR : 0.00023	Tot. Loss: 0.17
2024-12-23 00:41:24,011 INFO Epoch 213 	 Batch 199	LR : 0.00023	Tot. Loss: 0.17
2024-12-23 00:41:44,309 INFO Epoch 213 	 Batch 299	LR : 0.00023	Tot. Loss: 0.17
2024-12-23 00:41:56,714 INFO ################## 
 ---> Validation Epoch 213	Acc.: 80.400	FPR: 73.469	AUROC: 83.786	AUPR: 49.704	AURC: 57.418	EAURC: 36.815	AUPR Succ.: 95.672	ECE: 6.984	NLL: 6.308	Brier: 29.250
2024-12-23 00:41:56,716 INFO ####### --- Training Epoch 214 --- #######
2024-12-23 00:42:17,311 INFO Epoch 214 	 Batch 99	LR : 0.00022	Tot. Loss: 0.17
2024-12-23 00:42:37,599 INFO Epoch 214 	 Batch 199	LR : 0.00022	Tot. Loss: 0.17
2024-12-23 00:42:57,897 INFO Epoch 214 	 Batch 299	LR : 0.00022	Tot. Loss: 0.17
2024-12-23 00:43:10,325 INFO ################## 
 ---> Validation Epoch 214	Acc.: 80.240	FPR: 74.696	AUROC: 83.672	AUPR: 50.643	AURC: 58.305	EAURC: 37.352	AUPR Succ.: 95.603	ECE: 6.962	NLL: 6.379	Brier: 29.521
2024-12-23 00:43:10,327 INFO ####### --- Training Epoch 215 --- #######
2024-12-23 00:43:30,910 INFO Epoch 215 	 Batch 99	LR : 0.00022	Tot. Loss: 0.17
2024-12-23 00:43:51,208 INFO Epoch 215 	 Batch 199	LR : 0.00022	Tot. Loss: 0.17
2024-12-23 00:44:11,512 INFO Epoch 215 	 Batch 299	LR : 0.00022	Tot. Loss: 0.17
2024-12-23 00:44:23,915 INFO ################## 
 ---> Validation Epoch 215	Acc.: 80.460	FPR: 74.002	AUROC: 83.744	AUPR: 49.922	AURC: 57.490	EAURC: 37.018	AUPR Succ.: 95.648	ECE: 6.715	NLL: 6.255	Brier: 29.013
2024-12-23 00:44:23,916 INFO ####### --- Training Epoch 216 --- #######
2024-12-23 00:44:44,520 INFO Epoch 216 	 Batch 99	LR : 0.00021	Tot. Loss: 0.17
2024-12-23 00:45:04,822 INFO Epoch 216 	 Batch 199	LR : 0.00021	Tot. Loss: 0.17
2024-12-23 00:45:25,122 INFO Epoch 216 	 Batch 299	LR : 0.00021	Tot. Loss: 0.17
2024-12-23 00:45:37,562 INFO ################## 
 ---> Validation Epoch 216	Acc.: 80.000	FPR: 69.100	AUROC: 84.403	AUPR: 53.343	AURC: 57.747	EAURC: 36.262	AUPR Succ.: 95.711	ECE: 7.337	NLL: 6.338	Brier: 29.302
2024-12-23 00:45:37,564 INFO ####### --- Training Epoch 217 --- #######
2024-12-23 00:45:58,161 INFO Epoch 217 	 Batch 99	LR : 0.00021	Tot. Loss: 0.17
2024-12-23 00:46:18,466 INFO Epoch 217 	 Batch 199	LR : 0.00021	Tot. Loss: 0.17
2024-12-23 00:46:38,777 INFO Epoch 217 	 Batch 299	LR : 0.00021	Tot. Loss: 0.17
2024-12-23 00:46:51,195 INFO ################## 
 ---> Validation Epoch 217	Acc.: 79.760	FPR: 72.036	AUROC: 83.665	AUPR: 52.244	AURC: 60.411	EAURC: 38.387	AUPR Succ.: 95.457	ECE: 7.208	NLL: 6.471	Brier: 29.988
2024-12-23 00:46:51,196 INFO ####### --- Training Epoch 218 --- #######
2024-12-23 00:47:11,816 INFO Epoch 218 	 Batch 99	LR : 0.00021	Tot. Loss: 0.17
2024-12-23 00:47:32,119 INFO Epoch 218 	 Batch 199	LR : 0.00021	Tot. Loss: 0.17
2024-12-23 00:47:52,412 INFO Epoch 218 	 Batch 299	LR : 0.00021	Tot. Loss: 0.17
2024-12-23 00:48:04,807 INFO ################## 
 ---> Validation Epoch 218	Acc.: 80.380	FPR: 73.802	AUROC: 83.267	AUPR: 49.562	AURC: 58.831	EAURC: 38.185	AUPR Succ.: 95.512	ECE: 6.809	NLL: 6.382	Brier: 29.504
2024-12-23 00:48:04,809 INFO ####### --- Training Epoch 219 --- #######
2024-12-23 00:48:25,416 INFO Epoch 219 	 Batch 99	LR : 0.00020	Tot. Loss: 0.17
2024-12-23 00:48:45,710 INFO Epoch 219 	 Batch 199	LR : 0.00020	Tot. Loss: 0.17
2024-12-23 00:49:06,002 INFO Epoch 219 	 Batch 299	LR : 0.00020	Tot. Loss: 0.17
2024-12-23 00:49:18,423 INFO ################## 
 ---> Validation Epoch 219	Acc.: 80.040	FPR: 72.345	AUROC: 83.937	AUPR: 51.643	AURC: 58.705	EAURC: 37.309	AUPR Succ.: 95.594	ECE: 7.000	NLL: 6.328	Brier: 29.430
2024-12-23 00:49:18,425 INFO ####### --- Training Epoch 220 --- #######
2024-12-23 00:49:39,021 INFO Epoch 220 	 Batch 99	LR : 0.00020	Tot. Loss: 0.17
2024-12-23 00:49:59,317 INFO Epoch 220 	 Batch 199	LR : 0.00020	Tot. Loss: 0.17
2024-12-23 00:50:19,618 INFO Epoch 220 	 Batch 299	LR : 0.00020	Tot. Loss: 0.17
2024-12-23 00:50:32,028 INFO ################## 
 ---> Validation Epoch 220	Acc.: 79.140	FPR: 72.483	AUROC: 83.677	AUPR: 52.832	AURC: 63.140	EAURC: 39.689	AUPR Succ.: 95.272	ECE: 7.603	NLL: 6.639	Brier: 30.763
2024-12-23 00:50:32,030 INFO ####### --- Training Epoch 221 --- #######
2024-12-23 00:50:52,593 INFO Epoch 221 	 Batch 99	LR : 0.00019	Tot. Loss: 0.17
2024-12-23 00:51:12,862 INFO Epoch 221 	 Batch 199	LR : 0.00019	Tot. Loss: 0.17
2024-12-23 00:51:33,133 INFO Epoch 221 	 Batch 299	LR : 0.00019	Tot. Loss: 0.17
2024-12-23 00:51:45,538 INFO ################## 
 ---> Validation Epoch 221	Acc.: 80.060	FPR: 71.515	AUROC: 84.311	AUPR: 53.041	AURC: 57.747	EAURC: 36.395	AUPR Succ.: 95.699	ECE: 7.125	NLL: 6.296	Brier: 29.198
2024-12-23 00:51:45,539 INFO ####### --- Training Epoch 222 --- #######
2024-12-23 00:52:06,112 INFO Epoch 222 	 Batch 99	LR : 0.00019	Tot. Loss: 0.17
2024-12-23 00:52:26,394 INFO Epoch 222 	 Batch 199	LR : 0.00019	Tot. Loss: 0.17
2024-12-23 00:52:46,684 INFO Epoch 222 	 Batch 299	LR : 0.00019	Tot. Loss: 0.17
2024-12-23 00:52:59,109 INFO ################## 
 ---> Validation Epoch 222	Acc.: 80.260	FPR: 70.719	AUROC: 84.175	AUPR: 52.322	AURC: 57.194	EAURC: 36.285	AUPR Succ.: 95.722	ECE: 6.993	NLL: 6.299	Brier: 29.096
2024-12-23 00:52:59,110 INFO ####### --- Training Epoch 223 --- #######
2024-12-23 00:53:19,678 INFO Epoch 223 	 Batch 99	LR : 0.00019	Tot. Loss: 0.17
2024-12-23 00:53:39,970 INFO Epoch 223 	 Batch 199	LR : 0.00019	Tot. Loss: 0.17
2024-12-23 00:54:00,262 INFO Epoch 223 	 Batch 299	LR : 0.00019	Tot. Loss: 0.17
2024-12-23 00:54:12,701 INFO ################## 
 ---> Validation Epoch 223	Acc.: 80.460	FPR: 71.443	AUROC: 84.023	AUPR: 50.839	AURC: 56.748	EAURC: 36.276	AUPR Succ.: 95.733	ECE: 6.737	NLL: 6.271	Brier: 28.988
2024-12-23 00:54:12,702 INFO ####### --- Training Epoch 224 --- #######
2024-12-23 00:54:33,292 INFO Epoch 224 	 Batch 99	LR : 0.00018	Tot. Loss: 0.17
2024-12-23 00:54:53,585 INFO Epoch 224 	 Batch 199	LR : 0.00018	Tot. Loss: 0.17
2024-12-23 00:55:13,876 INFO Epoch 224 	 Batch 299	LR : 0.00018	Tot. Loss: 0.17
2024-12-23 00:55:26,260 INFO ################## 
 ---> Validation Epoch 224	Acc.: 80.360	FPR: 72.912	AUROC: 83.590	AUPR: 48.807	AURC: 57.989	EAURC: 37.299	AUPR Succ.: 95.616	ECE: 7.118	NLL: 6.344	Brier: 29.393
2024-12-23 00:55:26,262 INFO ####### --- Training Epoch 225 --- #######
2024-12-23 00:55:46,850 INFO Epoch 225 	 Batch 99	LR : 0.00018	Tot. Loss: 0.17
2024-12-23 00:56:07,140 INFO Epoch 225 	 Batch 199	LR : 0.00018	Tot. Loss: 0.17
2024-12-23 00:56:27,433 INFO Epoch 225 	 Batch 299	LR : 0.00018	Tot. Loss: 0.17
2024-12-23 00:56:39,834 INFO ################## 
 ---> Validation Epoch 225	Acc.: 80.000	FPR: 72.000	AUROC: 83.732	AUPR: 51.266	AURC: 59.391	EAURC: 37.906	AUPR Succ.: 95.522	ECE: 7.252	NLL: 6.437	Brier: 29.700
2024-12-23 00:56:39,835 INFO ####### --- Training Epoch 226 --- #######
2024-12-23 00:57:00,517 INFO Epoch 226 	 Batch 99	LR : 0.00017	Tot. Loss: 0.17
2024-12-23 00:57:20,808 INFO Epoch 226 	 Batch 199	LR : 0.00017	Tot. Loss: 0.17
2024-12-23 00:57:41,103 INFO Epoch 226 	 Batch 299	LR : 0.00017	Tot. Loss: 0.17
2024-12-23 00:57:53,684 INFO ################## 
 ---> Validation Epoch 226	Acc.: 79.800	FPR: 69.109	AUROC: 84.107	AUPR: 51.802	AURC: 59.238	EAURC: 37.304	AUPR Succ.: 95.583	ECE: 7.359	NLL: 6.409	Brier: 29.690
2024-12-23 00:57:53,685 INFO ####### --- Training Epoch 227 --- #######
2024-12-23 00:58:14,277 INFO Epoch 227 	 Batch 99	LR : 0.00017	Tot. Loss: 0.17
2024-12-23 00:58:34,567 INFO Epoch 227 	 Batch 199	LR : 0.00017	Tot. Loss: 0.17
2024-12-23 00:58:54,865 INFO Epoch 227 	 Batch 299	LR : 0.00017	Tot. Loss: 0.17
2024-12-23 00:59:07,290 INFO ################## 
 ---> Validation Epoch 227	Acc.: 80.000	FPR: 71.400	AUROC: 83.673	AUPR: 50.377	AURC: 59.436	EAURC: 37.951	AUPR Succ.: 95.519	ECE: 7.141	NLL: 6.402	Brier: 29.691
2024-12-23 00:59:07,291 INFO ####### --- Training Epoch 228 --- #######
2024-12-23 00:59:27,870 INFO Epoch 228 	 Batch 99	LR : 0.00017	Tot. Loss: 0.17
2024-12-23 00:59:48,162 INFO Epoch 228 	 Batch 199	LR : 0.00017	Tot. Loss: 0.17
2024-12-23 01:00:08,455 INFO Epoch 228 	 Batch 299	LR : 0.00017	Tot. Loss: 0.17
2024-12-23 01:00:20,875 INFO ################## 
 ---> Validation Epoch 228	Acc.: 79.780	FPR: 68.645	AUROC: 84.275	AUPR: 54.197	AURC: 58.929	EAURC: 36.950	AUPR Succ.: 95.621	ECE: 7.313	NLL: 6.423	Brier: 29.609
2024-12-23 01:00:20,876 INFO ####### --- Training Epoch 229 --- #######
2024-12-23 01:00:41,456 INFO Epoch 229 	 Batch 99	LR : 0.00016	Tot. Loss: 0.17
2024-12-23 01:01:01,753 INFO Epoch 229 	 Batch 199	LR : 0.00016	Tot. Loss: 0.17
2024-12-23 01:01:22,051 INFO Epoch 229 	 Batch 299	LR : 0.00016	Tot. Loss: 0.17
2024-12-23 01:01:34,468 INFO ################## 
 ---> Validation Epoch 229	Acc.: 80.200	FPR: 70.202	AUROC: 84.182	AUPR: 52.033	AURC: 57.511	EAURC: 36.469	AUPR Succ.: 95.697	ECE: 7.149	NLL: 6.323	Brier: 29.179
2024-12-23 01:01:34,469 INFO ####### --- Training Epoch 230 --- #######
2024-12-23 01:01:55,049 INFO Epoch 230 	 Batch 99	LR : 0.00016	Tot. Loss: 0.17
2024-12-23 01:02:15,339 INFO Epoch 230 	 Batch 199	LR : 0.00016	Tot. Loss: 0.17
2024-12-23 01:02:35,636 INFO Epoch 230 	 Batch 299	LR : 0.00016	Tot. Loss: 0.17
2024-12-23 01:02:48,054 INFO ################## 
 ---> Validation Epoch 230	Acc.: 80.200	FPR: 70.808	AUROC: 84.079	AUPR: 51.956	AURC: 57.773	EAURC: 36.732	AUPR Succ.: 95.667	ECE: 7.034	NLL: 6.340	Brier: 29.275
2024-12-23 01:02:48,055 INFO ####### --- Training Epoch 231 --- #######
2024-12-23 01:03:08,636 INFO Epoch 231 	 Batch 99	LR : 0.00015	Tot. Loss: 0.17
2024-12-23 01:03:28,932 INFO Epoch 231 	 Batch 199	LR : 0.00015	Tot. Loss: 0.17
2024-12-23 01:03:49,232 INFO Epoch 231 	 Batch 299	LR : 0.00015	Tot. Loss: 0.17
2024-12-23 01:04:01,645 INFO ################## 
 ---> Validation Epoch 231	Acc.: 80.220	FPR: 72.497	AUROC: 83.764	AUPR: 51.751	AURC: 58.360	EAURC: 37.363	AUPR Succ.: 95.596	ECE: 7.107	NLL: 6.365	Brier: 29.394
2024-12-23 01:04:01,647 INFO ####### --- Training Epoch 232 --- #######
2024-12-23 01:04:22,211 INFO Epoch 232 	 Batch 99	LR : 0.00015	Tot. Loss: 0.17
2024-12-23 01:04:42,501 INFO Epoch 232 	 Batch 199	LR : 0.00015	Tot. Loss: 0.17
2024-12-23 01:05:02,795 INFO Epoch 232 	 Batch 299	LR : 0.00015	Tot. Loss: 0.17
2024-12-23 01:05:15,203 INFO ################## 
 ---> Validation Epoch 232	Acc.: 80.020	FPR: 70.370	AUROC: 84.498	AUPR: 53.146	AURC: 57.347	EAURC: 35.906	AUPR Succ.: 95.755	ECE: 7.151	NLL: 6.277	Brier: 29.220
2024-12-23 01:05:15,204 INFO ####### --- Training Epoch 233 --- #######
2024-12-23 01:05:35,786 INFO Epoch 233 	 Batch 99	LR : 0.00015	Tot. Loss: 0.17
2024-12-23 01:05:56,082 INFO Epoch 233 	 Batch 199	LR : 0.00015	Tot. Loss: 0.17
2024-12-23 01:06:16,388 INFO Epoch 233 	 Batch 299	LR : 0.00015	Tot. Loss: 0.17
2024-12-23 01:06:28,821 INFO ################## 
 ---> Validation Epoch 233	Acc.: 80.180	FPR: 72.553	AUROC: 83.641	AUPR: 50.580	AURC: 58.702	EAURC: 37.616	AUPR Succ.: 95.568	ECE: 6.954	NLL: 6.364	Brier: 29.495
2024-12-23 01:06:28,822 INFO ####### --- Training Epoch 234 --- #######
2024-12-23 01:06:49,411 INFO Epoch 234 	 Batch 99	LR : 0.00014	Tot. Loss: 0.17
2024-12-23 01:07:09,705 INFO Epoch 234 	 Batch 199	LR : 0.00014	Tot. Loss: 0.17
2024-12-23 01:07:30,010 INFO Epoch 234 	 Batch 299	LR : 0.00014	Tot. Loss: 0.17
2024-12-23 01:07:42,439 INFO ################## 
 ---> Validation Epoch 234	Acc.: 80.240	FPR: 70.040	AUROC: 84.050	AUPR: 52.425	AURC: 57.546	EAURC: 36.593	AUPR Succ.: 95.687	ECE: 6.873	NLL: 6.335	Brier: 29.326
2024-12-23 01:07:42,441 INFO ####### --- Training Epoch 235 --- #######
2024-12-23 01:08:03,014 INFO Epoch 235 	 Batch 99	LR : 0.00014	Tot. Loss: 0.17
2024-12-23 01:08:23,308 INFO Epoch 235 	 Batch 199	LR : 0.00014	Tot. Loss: 0.17
2024-12-23 01:08:43,620 INFO Epoch 235 	 Batch 299	LR : 0.00014	Tot. Loss: 0.17
2024-12-23 01:08:56,055 INFO ################## 
 ---> Validation Epoch 235	Acc.: 80.280	FPR: 70.081	AUROC: 84.356	AUPR: 53.616	AURC: 56.614	EAURC: 35.749	AUPR Succ.: 95.785	ECE: 7.027	NLL: 6.240	Brier: 28.970
2024-12-23 01:08:56,056 INFO ####### --- Training Epoch 236 --- #######
2024-12-23 01:09:16,637 INFO Epoch 236 	 Batch 99	LR : 0.00014	Tot. Loss: 0.17
2024-12-23 01:09:36,941 INFO Epoch 236 	 Batch 199	LR : 0.00014	Tot. Loss: 0.17
2024-12-23 01:09:57,242 INFO Epoch 236 	 Batch 299	LR : 0.00014	Tot. Loss: 0.17
2024-12-23 01:10:09,669 INFO ################## 
 ---> Validation Epoch 236	Acc.: 80.280	FPR: 71.197	AUROC: 83.938	AUPR: 51.184	AURC: 57.614	EAURC: 36.749	AUPR Succ.: 95.672	ECE: 6.825	NLL: 6.302	Brier: 29.184
2024-12-23 01:10:09,671 INFO ####### --- Training Epoch 237 --- #######
2024-12-23 01:10:30,273 INFO Epoch 237 	 Batch 99	LR : 0.00013	Tot. Loss: 0.17
2024-12-23 01:10:50,580 INFO Epoch 237 	 Batch 199	LR : 0.00013	Tot. Loss: 0.17
2024-12-23 01:11:10,887 INFO Epoch 237 	 Batch 299	LR : 0.00013	Tot. Loss: 0.17
2024-12-23 01:11:23,305 INFO ################## 
 ---> Validation Epoch 237	Acc.: 80.600	FPR: 72.680	AUROC: 83.684	AUPR: 49.870	AURC: 56.904	EAURC: 36.735	AUPR Succ.: 95.689	ECE: 6.742	NLL: 6.275	Brier: 29.038
2024-12-23 01:11:23,307 INFO ####### --- Training Epoch 238 --- #######
2024-12-23 01:11:43,880 INFO Epoch 238 	 Batch 99	LR : 0.00013	Tot. Loss: 0.17
2024-12-23 01:12:04,180 INFO Epoch 238 	 Batch 199	LR : 0.00013	Tot. Loss: 0.17
2024-12-23 01:12:24,491 INFO Epoch 238 	 Batch 299	LR : 0.00013	Tot. Loss: 0.17
2024-12-23 01:12:36,895 INFO ################## 
 ---> Validation Epoch 238	Acc.: 79.640	FPR: 71.611	AUROC: 83.982	AUPR: 52.617	AURC: 60.283	EAURC: 37.986	AUPR Succ.: 95.495	ECE: 7.308	NLL: 6.485	Brier: 29.951
2024-12-23 01:12:36,896 INFO ####### --- Training Epoch 239 --- #######
2024-12-23 01:12:57,502 INFO Epoch 239 	 Batch 99	LR : 0.00013	Tot. Loss: 0.17
2024-12-23 01:13:17,815 INFO Epoch 239 	 Batch 199	LR : 0.00013	Tot. Loss: 0.17
2024-12-23 01:13:38,132 INFO Epoch 239 	 Batch 299	LR : 0.00013	Tot. Loss: 0.17
2024-12-23 01:13:50,561 INFO ################## 
 ---> Validation Epoch 239	Acc.: 80.120	FPR: 72.233	AUROC: 83.719	AUPR: 50.662	AURC: 58.856	EAURC: 37.638	AUPR Succ.: 95.561	ECE: 7.299	NLL: 6.383	Brier: 29.543
2024-12-23 01:13:50,562 INFO ####### --- Training Epoch 240 --- #######
2024-12-23 01:14:11,161 INFO Epoch 240 	 Batch 99	LR : 0.00012	Tot. Loss: 0.17
2024-12-23 01:14:31,470 INFO Epoch 240 	 Batch 199	LR : 0.00012	Tot. Loss: 0.17
2024-12-23 01:14:51,787 INFO Epoch 240 	 Batch 299	LR : 0.00012	Tot. Loss: 0.17
2024-12-23 01:15:04,201 INFO ################## 
 ---> Validation Epoch 240	Acc.: 80.240	FPR: 72.976	AUROC: 83.640	AUPR: 49.799	AURC: 58.409	EAURC: 37.455	AUPR Succ.: 95.590	ECE: 6.982	NLL: 6.394	Brier: 29.486
2024-12-23 01:15:04,202 INFO ####### --- Training Epoch 241 --- #######
2024-12-23 01:15:24,798 INFO Epoch 241 	 Batch 99	LR : 0.00012	Tot. Loss: 0.17
2024-12-23 01:15:45,102 INFO Epoch 241 	 Batch 199	LR : 0.00012	Tot. Loss: 0.17
2024-12-23 01:16:05,405 INFO Epoch 241 	 Batch 299	LR : 0.00012	Tot. Loss: 0.17
2024-12-23 01:16:17,836 INFO ################## 
 ---> Validation Epoch 241	Acc.: 80.280	FPR: 71.805	AUROC: 83.806	AUPR: 51.080	AURC: 57.939	EAURC: 37.073	AUPR Succ.: 95.634	ECE: 6.850	NLL: 6.320	Brier: 29.241
2024-12-23 01:16:17,837 INFO ####### --- Training Epoch 242 --- #######
2024-12-23 01:16:38,443 INFO Epoch 242 	 Batch 99	LR : 0.00012	Tot. Loss: 0.17
2024-12-23 01:16:58,751 INFO Epoch 242 	 Batch 199	LR : 0.00012	Tot. Loss: 0.17
2024-12-23 01:17:19,069 INFO Epoch 242 	 Batch 299	LR : 0.00012	Tot. Loss: 0.17
2024-12-23 01:17:31,503 INFO ################## 
 ---> Validation Epoch 242	Acc.: 80.260	FPR: 74.569	AUROC: 83.633	AUPR: 50.286	AURC: 58.345	EAURC: 37.436	AUPR Succ.: 95.593	ECE: 7.108	NLL: 6.351	Brier: 29.464
2024-12-23 01:17:31,505 INFO ####### --- Training Epoch 243 --- #######
2024-12-23 01:17:52,104 INFO Epoch 243 	 Batch 99	LR : 0.00011	Tot. Loss: 0.17
2024-12-23 01:18:12,418 INFO Epoch 243 	 Batch 199	LR : 0.00011	Tot. Loss: 0.17
2024-12-23 01:18:32,732 INFO Epoch 243 	 Batch 299	LR : 0.00011	Tot. Loss: 0.17
2024-12-23 01:18:45,170 INFO ################## 
 ---> Validation Epoch 243	Acc.: 80.420	FPR: 73.544	AUROC: 83.525	AUPR: 50.051	AURC: 58.102	EAURC: 37.543	AUPR Succ.: 95.586	ECE: 6.814	NLL: 6.343	Brier: 29.272
2024-12-23 01:18:45,172 INFO ####### --- Training Epoch 244 --- #######
2024-12-23 01:19:05,770 INFO Epoch 244 	 Batch 99	LR : 0.00011	Tot. Loss: 0.17
2024-12-23 01:19:26,080 INFO Epoch 244 	 Batch 199	LR : 0.00011	Tot. Loss: 0.17
2024-12-23 01:19:46,391 INFO Epoch 244 	 Batch 299	LR : 0.00011	Tot. Loss: 0.17
2024-12-23 01:19:58,806 INFO ################## 
 ---> Validation Epoch 244	Acc.: 80.600	FPR: 73.505	AUROC: 84.018	AUPR: 50.458	AURC: 56.158	EAURC: 35.989	AUPR Succ.: 95.773	ECE: 6.684	NLL: 6.209	Brier: 28.786
2024-12-23 01:19:58,808 INFO ####### --- Training Epoch 245 --- #######
2024-12-23 01:20:19,415 INFO Epoch 245 	 Batch 99	LR : 0.00011	Tot. Loss: 0.17
2024-12-23 01:20:39,726 INFO Epoch 245 	 Batch 199	LR : 0.00011	Tot. Loss: 0.17
2024-12-23 01:21:00,040 INFO Epoch 245 	 Batch 299	LR : 0.00011	Tot. Loss: 0.17
2024-12-23 01:21:12,487 INFO ################## 
 ---> Validation Epoch 245	Acc.: 80.500	FPR: 72.615	AUROC: 83.610	AUPR: 50.605	AURC: 57.535	EAURC: 37.150	AUPR Succ.: 95.636	ECE: 6.751	NLL: 6.321	Brier: 29.134
2024-12-23 01:21:12,488 INFO ####### --- Training Epoch 246 --- #######
2024-12-23 01:21:33,091 INFO Epoch 246 	 Batch 99	LR : 0.00010	Tot. Loss: 0.17
2024-12-23 01:21:53,406 INFO Epoch 246 	 Batch 199	LR : 0.00010	Tot. Loss: 0.17
2024-12-23 01:22:13,728 INFO Epoch 246 	 Batch 299	LR : 0.00010	Tot. Loss: 0.17
2024-12-23 01:22:26,177 INFO ################## 
 ---> Validation Epoch 246	Acc.: 79.780	FPR: 71.019	AUROC: 83.819	AUPR: 51.681	AURC: 59.984	EAURC: 38.005	AUPR Succ.: 95.501	ECE: 7.332	NLL: 6.448	Brier: 29.845
2024-12-23 01:22:26,178 INFO ####### --- Training Epoch 247 --- #######
2024-12-23 01:22:46,762 INFO Epoch 247 	 Batch 99	LR : 0.00010	Tot. Loss: 0.17
2024-12-23 01:23:07,076 INFO Epoch 247 	 Batch 199	LR : 0.00010	Tot. Loss: 0.17
2024-12-23 01:23:27,395 INFO Epoch 247 	 Batch 299	LR : 0.00010	Tot. Loss: 0.17
2024-12-23 01:23:39,808 INFO ################## 
 ---> Validation Epoch 247	Acc.: 79.860	FPR: 70.804	AUROC: 84.108	AUPR: 53.510	AURC: 59.029	EAURC: 37.230	AUPR Succ.: 95.592	ECE: 7.377	NLL: 6.426	Brier: 29.635
2024-12-23 01:23:39,809 INFO ####### --- Training Epoch 248 --- #######
2024-12-23 01:24:00,404 INFO Epoch 248 	 Batch 99	LR : 0.00010	Tot. Loss: 0.17
2024-12-23 01:24:20,710 INFO Epoch 248 	 Batch 199	LR : 0.00010	Tot. Loss: 0.17
2024-12-23 01:24:41,028 INFO Epoch 248 	 Batch 299	LR : 0.00010	Tot. Loss: 0.17
2024-12-23 01:24:53,462 INFO ################## 
 ---> Validation Epoch 248	Acc.: 80.240	FPR: 70.951	AUROC: 84.068	AUPR: 52.064	AURC: 57.440	EAURC: 36.487	AUPR Succ.: 95.700	ECE: 6.984	NLL: 6.305	Brier: 29.180
2024-12-23 01:24:53,463 INFO ####### --- Training Epoch 249 --- #######
2024-12-23 01:25:14,075 INFO Epoch 249 	 Batch 99	LR : 0.00010	Tot. Loss: 0.17
2024-12-23 01:25:34,385 INFO Epoch 249 	 Batch 199	LR : 0.00010	Tot. Loss: 0.17
2024-12-23 01:25:54,702 INFO Epoch 249 	 Batch 299	LR : 0.00010	Tot. Loss: 0.17
2024-12-23 01:26:07,125 INFO ################## 
 ---> Validation Epoch 249	Acc.: 80.080	FPR: 69.679	AUROC: 84.400	AUPR: 53.942	AURC: 57.368	EAURC: 36.061	AUPR Succ.: 95.739	ECE: 7.097	NLL: 6.299	Brier: 29.189
2024-12-23 01:26:07,127 INFO ####### --- Training Epoch 250 --- #######
2024-12-23 01:26:27,724 INFO Epoch 250 	 Batch 99	LR : 0.00009	Tot. Loss: 0.17
2024-12-23 01:26:48,029 INFO Epoch 250 	 Batch 199	LR : 0.00009	Tot. Loss: 0.17
2024-12-23 01:27:08,334 INFO Epoch 250 	 Batch 299	LR : 0.00009	Tot. Loss: 0.17
2024-12-23 01:27:20,751 INFO ################## 
 ---> Validation Epoch 250	Acc.: 80.320	FPR: 73.069	AUROC: 83.649	AUPR: 50.117	AURC: 58.224	EAURC: 37.447	AUPR Succ.: 95.592	ECE: 7.055	NLL: 6.390	Brier: 29.410
2024-12-23 01:27:20,753 INFO ####### --- Training Epoch 251 --- #######
2024-12-23 01:27:41,350 INFO Epoch 251 	 Batch 99	LR : 0.00009	Tot. Loss: 0.17
2024-12-23 01:28:01,659 INFO Epoch 251 	 Batch 199	LR : 0.00009	Tot. Loss: 0.17
2024-12-23 01:28:21,970 INFO Epoch 251 	 Batch 299	LR : 0.00009	Tot. Loss: 0.17
2024-12-23 01:28:34,396 INFO ################## 
 ---> Validation Epoch 251	Acc.: 80.200	FPR: 70.404	AUROC: 84.028	AUPR: 51.876	AURC: 57.790	EAURC: 36.748	AUPR Succ.: 95.666	ECE: 6.999	NLL: 6.310	Brier: 29.219
2024-12-23 01:28:34,397 INFO ####### --- Training Epoch 252 --- #######
2024-12-23 01:28:54,995 INFO Epoch 252 	 Batch 99	LR : 0.00009	Tot. Loss: 0.17
2024-12-23 01:29:15,319 INFO Epoch 252 	 Batch 199	LR : 0.00009	Tot. Loss: 0.17
2024-12-23 01:29:35,638 INFO Epoch 252 	 Batch 299	LR : 0.00009	Tot. Loss: 0.17
2024-12-23 01:29:48,073 INFO ################## 
 ---> Validation Epoch 252	Acc.: 80.360	FPR: 73.931	AUROC: 84.051	AUPR: 51.334	AURC: 57.038	EAURC: 36.348	AUPR Succ.: 95.721	ECE: 6.832	NLL: 6.257	Brier: 29.018
2024-12-23 01:29:48,075 INFO ####### --- Training Epoch 253 --- #######
2024-12-23 01:30:08,667 INFO Epoch 253 	 Batch 99	LR : 0.00008	Tot. Loss: 0.17
2024-12-23 01:30:28,974 INFO Epoch 253 	 Batch 199	LR : 0.00008	Tot. Loss: 0.17
2024-12-23 01:30:49,283 INFO Epoch 253 	 Batch 299	LR : 0.00008	Tot. Loss: 0.17
2024-12-23 01:31:01,743 INFO ################## 
 ---> Validation Epoch 253	Acc.: 80.260	FPR: 71.834	AUROC: 84.383	AUPR: 52.638	AURC: 56.649	EAURC: 35.739	AUPR Succ.: 95.786	ECE: 6.954	NLL: 6.227	Brier: 28.992
2024-12-23 01:31:01,744 INFO ####### --- Training Epoch 254 --- #######
2024-12-23 01:31:22,342 INFO Epoch 254 	 Batch 99	LR : 0.00008	Tot. Loss: 0.17
2024-12-23 01:31:42,649 INFO Epoch 254 	 Batch 199	LR : 0.00008	Tot. Loss: 0.17
2024-12-23 01:32:02,959 INFO Epoch 254 	 Batch 299	LR : 0.00008	Tot. Loss: 0.17
2024-12-23 01:32:15,370 INFO ################## 
 ---> Validation Epoch 254	Acc.: 80.340	FPR: 72.330	AUROC: 83.677	AUPR: 50.105	AURC: 57.931	EAURC: 37.197	AUPR Succ.: 95.624	ECE: 6.885	NLL: 6.322	Brier: 29.294
2024-12-23 01:32:15,371 INFO ####### --- Training Epoch 255 --- #######
2024-12-23 01:32:35,970 INFO Epoch 255 	 Batch 99	LR : 0.00008	Tot. Loss: 0.17
2024-12-23 01:32:56,281 INFO Epoch 255 	 Batch 199	LR : 0.00008	Tot. Loss: 0.17
2024-12-23 01:33:16,596 INFO Epoch 255 	 Batch 299	LR : 0.00008	Tot. Loss: 0.17
2024-12-23 01:33:29,035 INFO ################## 
 ---> Validation Epoch 255	Acc.: 80.040	FPR: 70.441	AUROC: 84.016	AUPR: 52.746	AURC: 58.599	EAURC: 37.203	AUPR Succ.: 95.603	ECE: 7.123	NLL: 6.370	Brier: 29.398
2024-12-23 01:33:29,036 INFO ####### --- Training Epoch 256 --- #######
2024-12-23 01:33:49,635 INFO Epoch 256 	 Batch 99	LR : 0.00008	Tot. Loss: 0.17
2024-12-23 01:34:09,936 INFO Epoch 256 	 Batch 199	LR : 0.00008	Tot. Loss: 0.17
2024-12-23 01:34:30,237 INFO Epoch 256 	 Batch 299	LR : 0.00008	Tot. Loss: 0.17
2024-12-23 01:34:42,663 INFO ################## 
 ---> Validation Epoch 256	Acc.: 80.480	FPR: 73.668	AUROC: 83.682	AUPR: 50.420	AURC: 57.442	EAURC: 37.014	AUPR Succ.: 95.650	ECE: 6.963	NLL: 6.308	Brier: 29.167
2024-12-23 01:34:42,665 INFO ####### --- Training Epoch 257 --- #######
2024-12-23 01:35:03,269 INFO Epoch 257 	 Batch 99	LR : 0.00007	Tot. Loss: 0.17
2024-12-23 01:35:23,581 INFO Epoch 257 	 Batch 199	LR : 0.00007	Tot. Loss: 0.17
2024-12-23 01:35:43,898 INFO Epoch 257 	 Batch 299	LR : 0.00007	Tot. Loss: 0.17
2024-12-23 01:35:56,323 INFO ################## 
 ---> Validation Epoch 257	Acc.: 80.100	FPR: 72.462	AUROC: 83.939	AUPR: 50.929	AURC: 58.397	EAURC: 37.134	AUPR Succ.: 95.618	ECE: 7.147	NLL: 6.381	Brier: 29.522
2024-12-23 01:35:56,324 INFO ####### --- Training Epoch 258 --- #######
2024-12-23 01:36:16,937 INFO Epoch 258 	 Batch 99	LR : 0.00007	Tot. Loss: 0.17
2024-12-23 01:36:37,252 INFO Epoch 258 	 Batch 199	LR : 0.00007	Tot. Loss: 0.17
2024-12-23 01:36:57,579 INFO Epoch 258 	 Batch 299	LR : 0.00007	Tot. Loss: 0.17
2024-12-23 01:37:10,027 INFO ################## 
 ---> Validation Epoch 258	Acc.: 80.060	FPR: 69.910	AUROC: 84.362	AUPR: 53.579	AURC: 57.585	EAURC: 36.234	AUPR Succ.: 95.717	ECE: 7.122	NLL: 6.311	Brier: 29.244
2024-12-23 01:37:10,029 INFO ####### --- Training Epoch 259 --- #######
2024-12-23 01:37:30,659 INFO Epoch 259 	 Batch 99	LR : 0.00007	Tot. Loss: 0.17
2024-12-23 01:37:50,972 INFO Epoch 259 	 Batch 199	LR : 0.00007	Tot. Loss: 0.17
2024-12-23 01:38:11,284 INFO Epoch 259 	 Batch 299	LR : 0.00007	Tot. Loss: 0.17
2024-12-23 01:38:23,712 INFO ################## 
 ---> Validation Epoch 259	Acc.: 80.380	FPR: 71.254	AUROC: 83.801	AUPR: 51.380	AURC: 57.598	EAURC: 36.951	AUPR Succ.: 95.652	ECE: 6.818	NLL: 6.328	Brier: 29.208
2024-12-23 01:38:23,713 INFO ####### --- Training Epoch 260 --- #######
2024-12-23 01:38:44,304 INFO Epoch 260 	 Batch 99	LR : 0.00007	Tot. Loss: 0.17
2024-12-23 01:39:04,613 INFO Epoch 260 	 Batch 199	LR : 0.00007	Tot. Loss: 0.17
2024-12-23 01:39:24,923 INFO Epoch 260 	 Batch 299	LR : 0.00007	Tot. Loss: 0.17
2024-12-23 01:39:37,331 INFO ################## 
 ---> Validation Epoch 260	Acc.: 80.080	FPR: 69.980	AUROC: 83.989	AUPR: 52.183	AURC: 58.456	EAURC: 37.149	AUPR Succ.: 95.613	ECE: 7.050	NLL: 6.358	Brier: 29.379
2024-12-23 01:39:37,332 INFO ####### --- Training Epoch 261 --- #######
2024-12-23 01:39:57,919 INFO Epoch 261 	 Batch 99	LR : 0.00006	Tot. Loss: 0.17
2024-12-23 01:40:18,221 INFO Epoch 261 	 Batch 199	LR : 0.00006	Tot. Loss: 0.17
2024-12-23 01:40:38,520 INFO Epoch 261 	 Batch 299	LR : 0.00006	Tot. Loss: 0.17
2024-12-23 01:40:50,923 INFO ################## 
 ---> Validation Epoch 261	Acc.: 80.180	FPR: 71.746	AUROC: 84.126	AUPR: 50.945	AURC: 57.579	EAURC: 36.493	AUPR Succ.: 95.696	ECE: 7.216	NLL: 6.313	Brier: 29.212
2024-12-23 01:40:50,924 INFO ####### --- Training Epoch 262 --- #######
2024-12-23 01:41:11,645 INFO Epoch 262 	 Batch 99	LR : 0.00006	Tot. Loss: 0.17
2024-12-23 01:41:31,958 INFO Epoch 262 	 Batch 199	LR : 0.00006	Tot. Loss: 0.17
2024-12-23 01:41:52,268 INFO Epoch 262 	 Batch 299	LR : 0.00006	Tot. Loss: 0.17
2024-12-23 01:42:04,855 INFO ################## 
 ---> Validation Epoch 262	Acc.: 80.440	FPR: 72.699	AUROC: 83.873	AUPR: 51.784	AURC: 57.118	EAURC: 36.602	AUPR Succ.: 95.696	ECE: 6.764	NLL: 6.299	Brier: 29.138
2024-12-23 01:42:04,857 INFO ####### --- Training Epoch 263 --- #######
2024-12-23 01:42:25,447 INFO Epoch 263 	 Batch 99	LR : 0.00006	Tot. Loss: 0.17
2024-12-23 01:42:45,760 INFO Epoch 263 	 Batch 199	LR : 0.00006	Tot. Loss: 0.17
2024-12-23 01:43:06,092 INFO Epoch 263 	 Batch 299	LR : 0.00006	Tot. Loss: 0.17
2024-12-23 01:43:18,526 INFO ################## 
 ---> Validation Epoch 263	Acc.: 80.160	FPR: 71.169	AUROC: 84.186	AUPR: 52.270	AURC: 57.604	EAURC: 36.475	AUPR Succ.: 95.695	ECE: 6.970	NLL: 6.306	Brier: 29.226
2024-12-23 01:43:18,527 INFO ####### --- Training Epoch 264 --- #######
2024-12-23 01:43:39,148 INFO Epoch 264 	 Batch 99	LR : 0.00006	Tot. Loss: 0.17
2024-12-23 01:43:59,466 INFO Epoch 264 	 Batch 199	LR : 0.00006	Tot. Loss: 0.17
2024-12-23 01:44:19,795 INFO Epoch 264 	 Batch 299	LR : 0.00006	Tot. Loss: 0.17
2024-12-23 01:44:32,239 INFO ################## 
 ---> Validation Epoch 264	Acc.: 80.120	FPR: 70.322	AUROC: 84.219	AUPR: 51.930	AURC: 57.697	EAURC: 36.479	AUPR Succ.: 95.692	ECE: 7.065	NLL: 6.307	Brier: 29.180
2024-12-23 01:44:32,240 INFO ####### --- Training Epoch 265 --- #######
2024-12-23 01:44:52,854 INFO Epoch 265 	 Batch 99	LR : 0.00005	Tot. Loss: 0.17
2024-12-23 01:45:13,169 INFO Epoch 265 	 Batch 199	LR : 0.00005	Tot. Loss: 0.17
2024-12-23 01:45:33,487 INFO Epoch 265 	 Batch 299	LR : 0.00005	Tot. Loss: 0.17
2024-12-23 01:45:45,908 INFO ################## 
 ---> Validation Epoch 265	Acc.: 80.500	FPR: 71.692	AUROC: 84.062	AUPR: 52.132	AURC: 56.485	EAURC: 36.100	AUPR Succ.: 95.755	ECE: 6.760	NLL: 6.240	Brier: 28.853
2024-12-23 01:45:45,909 INFO ####### --- Training Epoch 266 --- #######
2024-12-23 01:46:06,499 INFO Epoch 266 	 Batch 99	LR : 0.00005	Tot. Loss: 0.17
2024-12-23 01:46:26,811 INFO Epoch 266 	 Batch 199	LR : 0.00005	Tot. Loss: 0.17
2024-12-23 01:46:47,131 INFO Epoch 266 	 Batch 299	LR : 0.00005	Tot. Loss: 0.17
2024-12-23 01:46:59,537 INFO ################## 
 ---> Validation Epoch 266	Acc.: 80.260	FPR: 70.719	AUROC: 84.225	AUPR: 52.113	AURC: 57.069	EAURC: 36.160	AUPR Succ.: 95.737	ECE: 6.901	NLL: 6.259	Brier: 29.068
2024-12-23 01:46:59,538 INFO ####### --- Training Epoch 267 --- #######
2024-12-23 01:47:20,140 INFO Epoch 267 	 Batch 99	LR : 0.00005	Tot. Loss: 0.17
2024-12-23 01:47:40,450 INFO Epoch 267 	 Batch 199	LR : 0.00005	Tot. Loss: 0.17
2024-12-23 01:48:00,764 INFO Epoch 267 	 Batch 299	LR : 0.00005	Tot. Loss: 0.17
2024-12-23 01:48:13,168 INFO ################## 
 ---> Validation Epoch 267	Acc.: 79.980	FPR: 69.730	AUROC: 84.421	AUPR: 53.384	AURC: 57.802	EAURC: 36.272	AUPR Succ.: 95.709	ECE: 7.094	NLL: 6.304	Brier: 29.250
2024-12-23 01:48:13,169 INFO ####### --- Training Epoch 268 --- #######
2024-12-23 01:48:33,759 INFO Epoch 268 	 Batch 99	LR : 0.00005	Tot. Loss: 0.17
2024-12-23 01:48:54,063 INFO Epoch 268 	 Batch 199	LR : 0.00005	Tot. Loss: 0.17
2024-12-23 01:49:14,376 INFO Epoch 268 	 Batch 299	LR : 0.00005	Tot. Loss: 0.17
2024-12-23 01:49:26,798 INFO ################## 
 ---> Validation Epoch 268	Acc.: 80.340	FPR: 73.042	AUROC: 83.838	AUPR: 50.711	AURC: 57.602	EAURC: 36.868	AUPR Succ.: 95.661	ECE: 6.784	NLL: 6.304	Brier: 29.248
2024-12-23 01:49:26,800 INFO ####### --- Training Epoch 269 --- #######
2024-12-23 01:49:47,405 INFO Epoch 269 	 Batch 99	LR : 0.00005	Tot. Loss: 0.17
2024-12-23 01:50:07,717 INFO Epoch 269 	 Batch 199	LR : 0.00005	Tot. Loss: 0.17
2024-12-23 01:50:28,037 INFO Epoch 269 	 Batch 299	LR : 0.00005	Tot. Loss: 0.17
2024-12-23 01:50:40,465 INFO ################## 
 ---> Validation Epoch 269	Acc.: 80.240	FPR: 73.178	AUROC: 83.708	AUPR: 50.325	AURC: 58.290	EAURC: 37.337	AUPR Succ.: 95.603	ECE: 7.104	NLL: 6.357	Brier: 29.414
2024-12-23 01:50:40,466 INFO ####### --- Training Epoch 270 --- #######
2024-12-23 01:51:01,061 INFO Epoch 270 	 Batch 99	LR : 0.00004	Tot. Loss: 0.17
2024-12-23 01:51:21,378 INFO Epoch 270 	 Batch 199	LR : 0.00004	Tot. Loss: 0.17
2024-12-23 01:51:41,694 INFO Epoch 270 	 Batch 299	LR : 0.00004	Tot. Loss: 0.17
2024-12-23 01:51:54,125 INFO ################## 
 ---> Validation Epoch 270	Acc.: 80.240	FPR: 72.470	AUROC: 83.752	AUPR: 50.525	AURC: 58.153	EAURC: 37.200	AUPR Succ.: 95.619	ECE: 6.963	NLL: 6.336	Brier: 29.429
2024-12-23 01:51:54,127 INFO ####### --- Training Epoch 271 --- #######
2024-12-23 01:52:14,730 INFO Epoch 271 	 Batch 99	LR : 0.00004	Tot. Loss: 0.17
2024-12-23 01:52:35,044 INFO Epoch 271 	 Batch 199	LR : 0.00004	Tot. Loss: 0.17
2024-12-23 01:52:55,363 INFO Epoch 271 	 Batch 299	LR : 0.00004	Tot. Loss: 0.17
2024-12-23 01:53:07,782 INFO ################## 
 ---> Validation Epoch 271	Acc.: 80.420	FPR: 72.932	AUROC: 83.837	AUPR: 50.664	AURC: 57.324	EAURC: 36.765	AUPR Succ.: 95.676	ECE: 6.932	NLL: 6.284	Brier: 29.110
2024-12-23 01:53:07,783 INFO ####### --- Training Epoch 272 --- #######
2024-12-23 01:53:28,372 INFO Epoch 272 	 Batch 99	LR : 0.00004	Tot. Loss: 0.17
2024-12-23 01:53:48,686 INFO Epoch 272 	 Batch 199	LR : 0.00004	Tot. Loss: 0.17
2024-12-23 01:54:08,997 INFO Epoch 272 	 Batch 299	LR : 0.00004	Tot. Loss: 0.17
2024-12-23 01:54:21,412 INFO ################## 
 ---> Validation Epoch 272	Acc.: 80.260	FPR: 72.442	AUROC: 83.819	AUPR: 51.125	AURC: 57.970	EAURC: 37.060	AUPR Succ.: 95.635	ECE: 6.936	NLL: 6.324	Brier: 29.340
2024-12-23 01:54:21,413 INFO ####### --- Training Epoch 273 --- #######
2024-12-23 01:54:42,004 INFO Epoch 273 	 Batch 99	LR : 0.00004	Tot. Loss: 0.17
2024-12-23 01:55:02,318 INFO Epoch 273 	 Batch 199	LR : 0.00004	Tot. Loss: 0.17
2024-12-23 01:55:22,634 INFO Epoch 273 	 Batch 299	LR : 0.00004	Tot. Loss: 0.17
2024-12-23 01:55:35,087 INFO ################## 
 ---> Validation Epoch 273	Acc.: 80.240	FPR: 71.559	AUROC: 83.838	AUPR: 51.469	AURC: 58.088	EAURC: 37.135	AUPR Succ.: 95.624	ECE: 6.944	NLL: 6.355	Brier: 29.382
2024-12-23 01:55:35,088 INFO ####### --- Training Epoch 274 --- #######
2024-12-23 01:55:55,694 INFO Epoch 274 	 Batch 99	LR : 0.00004	Tot. Loss: 0.17
2024-12-23 01:56:16,012 INFO Epoch 274 	 Batch 199	LR : 0.00004	Tot. Loss: 0.17
2024-12-23 01:56:36,340 INFO Epoch 274 	 Batch 299	LR : 0.00004	Tot. Loss: 0.17
2024-12-23 01:56:48,784 INFO ################## 
 ---> Validation Epoch 274	Acc.: 80.360	FPR: 69.756	AUROC: 84.107	AUPR: 52.790	AURC: 57.012	EAURC: 36.322	AUPR Succ.: 95.721	ECE: 6.889	NLL: 6.272	Brier: 28.994
2024-12-23 01:56:48,785 INFO ####### --- Training Epoch 275 --- #######
2024-12-23 01:57:09,384 INFO Epoch 275 	 Batch 99	LR : 0.00004	Tot. Loss: 0.17
2024-12-23 01:57:29,699 INFO Epoch 275 	 Batch 199	LR : 0.00004	Tot. Loss: 0.17
2024-12-23 01:57:50,018 INFO Epoch 275 	 Batch 299	LR : 0.00004	Tot. Loss: 0.17
2024-12-23 01:58:02,436 INFO ################## 
 ---> Validation Epoch 275	Acc.: 80.140	FPR: 70.091	AUROC: 83.984	AUPR: 52.337	AURC: 58.136	EAURC: 36.962	AUPR Succ.: 95.638	ECE: 6.998	NLL: 6.333	Brier: 29.355
2024-12-23 01:58:02,437 INFO ####### --- Training Epoch 276 --- #######
2024-12-23 01:58:23,044 INFO Epoch 276 	 Batch 99	LR : 0.00003	Tot. Loss: 0.17
2024-12-23 01:58:43,368 INFO Epoch 276 	 Batch 199	LR : 0.00003	Tot. Loss: 0.17
2024-12-23 01:59:03,689 INFO Epoch 276 	 Batch 299	LR : 0.00003	Tot. Loss: 0.17
2024-12-23 01:59:16,104 INFO ################## 
 ---> Validation Epoch 276	Acc.: 80.240	FPR: 70.648	AUROC: 84.069	AUPR: 51.997	AURC: 57.568	EAURC: 36.615	AUPR Succ.: 95.683	ECE: 6.891	NLL: 6.292	Brier: 29.132
2024-12-23 01:59:16,106 INFO ####### --- Training Epoch 277 --- #######
2024-12-23 01:59:36,710 INFO Epoch 277 	 Batch 99	LR : 0.00003	Tot. Loss: 0.17
2024-12-23 01:59:57,020 INFO Epoch 277 	 Batch 199	LR : 0.00003	Tot. Loss: 0.17
2024-12-23 02:00:17,336 INFO Epoch 277 	 Batch 299	LR : 0.00003	Tot. Loss: 0.17
2024-12-23 02:00:29,756 INFO ################## 
 ---> Validation Epoch 277	Acc.: 80.280	FPR: 70.284	AUROC: 84.165	AUPR: 52.202	AURC: 57.190	EAURC: 36.325	AUPR Succ.: 95.718	ECE: 6.903	NLL: 6.267	Brier: 29.044
2024-12-23 02:00:29,757 INFO ####### --- Training Epoch 278 --- #######
2024-12-23 02:00:50,352 INFO Epoch 278 	 Batch 99	LR : 0.00003	Tot. Loss: 0.17
2024-12-23 02:01:10,668 INFO Epoch 278 	 Batch 199	LR : 0.00003	Tot. Loss: 0.17
2024-12-23 02:01:30,987 INFO Epoch 278 	 Batch 299	LR : 0.00003	Tot. Loss: 0.17
2024-12-23 02:01:43,403 INFO ################## 
 ---> Validation Epoch 278	Acc.: 80.300	FPR: 71.980	AUROC: 83.945	AUPR: 51.128	AURC: 57.590	EAURC: 36.768	AUPR Succ.: 95.669	ECE: 6.898	NLL: 6.306	Brier: 29.210
2024-12-23 02:01:43,405 INFO ####### --- Training Epoch 279 --- #######
2024-12-23 02:02:04,002 INFO Epoch 279 	 Batch 99	LR : 0.00003	Tot. Loss: 0.17
2024-12-23 02:02:24,324 INFO Epoch 279 	 Batch 199	LR : 0.00003	Tot. Loss: 0.17
2024-12-23 02:02:44,643 INFO Epoch 279 	 Batch 299	LR : 0.00003	Tot. Loss: 0.17
2024-12-23 02:02:57,063 INFO ################## 
 ---> Validation Epoch 279	Acc.: 80.280	FPR: 71.197	AUROC: 83.958	AUPR: 51.428	AURC: 57.559	EAURC: 36.694	AUPR Succ.: 95.677	ECE: 6.874	NLL: 6.301	Brier: 29.211
2024-12-23 02:02:57,064 INFO ####### --- Training Epoch 280 --- #######
2024-12-23 02:03:17,680 INFO Epoch 280 	 Batch 99	LR : 0.00003	Tot. Loss: 0.17
2024-12-23 02:03:37,999 INFO Epoch 280 	 Batch 199	LR : 0.00003	Tot. Loss: 0.17
2024-12-23 02:03:58,320 INFO Epoch 280 	 Batch 299	LR : 0.00003	Tot. Loss: 0.17
2024-12-23 02:04:10,740 INFO ################## 
 ---> Validation Epoch 280	Acc.: 80.380	FPR: 69.623	AUROC: 84.081	AUPR: 51.413	AURC: 56.893	EAURC: 36.247	AUPR Succ.: 95.733	ECE: 6.766	NLL: 6.254	Brier: 29.016
2024-12-23 02:04:10,742 INFO ####### --- Training Epoch 281 --- #######
2024-12-23 02:04:31,356 INFO Epoch 281 	 Batch 99	LR : 0.00003	Tot. Loss: 0.17
2024-12-23 02:04:51,673 INFO Epoch 281 	 Batch 199	LR : 0.00003	Tot. Loss: 0.17
2024-12-23 02:05:11,995 INFO Epoch 281 	 Batch 299	LR : 0.00003	Tot. Loss: 0.17
2024-12-23 02:05:24,432 INFO ################## 
 ---> Validation Epoch 281	Acc.: 80.180	FPR: 71.342	AUROC: 84.062	AUPR: 51.868	AURC: 57.729	EAURC: 36.644	AUPR Succ.: 95.678	ECE: 7.103	NLL: 6.336	Brier: 29.306
2024-12-23 02:05:24,434 INFO ####### --- Training Epoch 282 --- #######
2024-12-23 02:05:45,049 INFO Epoch 282 	 Batch 99	LR : 0.00003	Tot. Loss: 0.17
2024-12-23 02:06:05,370 INFO Epoch 282 	 Batch 199	LR : 0.00003	Tot. Loss: 0.17
2024-12-23 02:06:25,694 INFO Epoch 282 	 Batch 299	LR : 0.00003	Tot. Loss: 0.17
2024-12-23 02:06:38,115 INFO ################## 
 ---> Validation Epoch 282	Acc.: 80.160	FPR: 70.262	AUROC: 84.244	AUPR: 52.453	AURC: 57.401	EAURC: 36.271	AUPR Succ.: 95.719	ECE: 7.032	NLL: 6.289	Brier: 29.185
2024-12-23 02:06:38,116 INFO ####### --- Training Epoch 283 --- #######
2024-12-23 02:06:58,727 INFO Epoch 283 	 Batch 99	LR : 0.00002	Tot. Loss: 0.17
2024-12-23 02:07:19,040 INFO Epoch 283 	 Batch 199	LR : 0.00002	Tot. Loss: 0.17
2024-12-23 02:07:39,359 INFO Epoch 283 	 Batch 299	LR : 0.00002	Tot. Loss: 0.17
2024-12-23 02:07:51,783 INFO ################## 
 ---> Validation Epoch 283	Acc.: 80.580	FPR: 71.473	AUROC: 83.832	AUPR: 50.460	AURC: 56.652	EAURC: 36.440	AUPR Succ.: 95.721	ECE: 6.617	NLL: 6.246	Brier: 28.937
2024-12-23 02:07:51,784 INFO ####### --- Training Epoch 284 --- #######
2024-12-23 02:08:12,399 INFO Epoch 284 	 Batch 99	LR : 0.00002	Tot. Loss: 0.17
2024-12-23 02:08:32,719 INFO Epoch 284 	 Batch 199	LR : 0.00002	Tot. Loss: 0.17
2024-12-23 02:08:53,045 INFO Epoch 284 	 Batch 299	LR : 0.00002	Tot. Loss: 0.17
2024-12-23 02:09:05,464 INFO ################## 
 ---> Validation Epoch 284	Acc.: 80.280	FPR: 70.892	AUROC: 84.023	AUPR: 51.462	AURC: 57.460	EAURC: 36.595	AUPR Succ.: 95.688	ECE: 6.985	NLL: 6.300	Brier: 29.186
2024-12-23 02:09:05,466 INFO ####### --- Training Epoch 285 --- #######
2024-12-23 02:09:26,074 INFO Epoch 285 	 Batch 99	LR : 0.00002	Tot. Loss: 0.17
2024-12-23 02:09:46,396 INFO Epoch 285 	 Batch 199	LR : 0.00002	Tot. Loss: 0.17
2024-12-23 02:10:06,726 INFO Epoch 285 	 Batch 299	LR : 0.00002	Tot. Loss: 0.17
2024-12-23 02:10:19,139 INFO ################## 
 ---> Validation Epoch 285	Acc.: 80.060	FPR: 71.013	AUROC: 84.065	AUPR: 52.524	AURC: 58.310	EAURC: 36.959	AUPR Succ.: 95.634	ECE: 7.018	NLL: 6.352	Brier: 29.382
2024-12-23 02:10:19,140 INFO ####### --- Training Epoch 286 --- #######
2024-12-23 02:10:39,740 INFO Epoch 286 	 Batch 99	LR : 0.00002	Tot. Loss: 0.17
2024-12-23 02:11:00,051 INFO Epoch 286 	 Batch 199	LR : 0.00002	Tot. Loss: 0.17
2024-12-23 02:11:20,364 INFO Epoch 286 	 Batch 299	LR : 0.00002	Tot. Loss: 0.17
2024-12-23 02:11:32,814 INFO ################## 
 ---> Validation Epoch 286	Acc.: 80.400	FPR: 70.510	AUROC: 84.198	AUPR: 52.156	AURC: 56.592	EAURC: 35.989	AUPR Succ.: 95.762	ECE: 6.754	NLL: 6.233	Brier: 28.899
2024-12-23 02:11:32,816 INFO ####### --- Training Epoch 287 --- #######
2024-12-23 02:11:53,421 INFO Epoch 287 	 Batch 99	LR : 0.00002	Tot. Loss: 0.17
2024-12-23 02:12:13,741 INFO Epoch 287 	 Batch 199	LR : 0.00002	Tot. Loss: 0.17
2024-12-23 02:12:34,058 INFO Epoch 287 	 Batch 299	LR : 0.00002	Tot. Loss: 0.17
2024-12-23 02:12:46,477 INFO ################## 
 ---> Validation Epoch 287	Acc.: 80.280	FPR: 70.487	AUROC: 84.141	AUPR: 52.614	AURC: 57.234	EAURC: 36.369	AUPR Succ.: 95.713	ECE: 6.885	NLL: 6.282	Brier: 29.084
2024-12-23 02:12:46,479 INFO ####### --- Training Epoch 288 --- #######
2024-12-23 02:13:07,072 INFO Epoch 288 	 Batch 99	LR : 0.00002	Tot. Loss: 0.17
2024-12-23 02:13:27,370 INFO Epoch 288 	 Batch 199	LR : 0.00002	Tot. Loss: 0.17
2024-12-23 02:13:47,672 INFO Epoch 288 	 Batch 299	LR : 0.00002	Tot. Loss: 0.17
2024-12-23 02:14:00,075 INFO ################## 
 ---> Validation Epoch 288	Acc.: 80.260	FPR: 71.023	AUROC: 84.088	AUPR: 51.835	AURC: 57.406	EAURC: 36.496	AUPR Succ.: 95.698	ECE: 7.035	NLL: 6.298	Brier: 29.188
2024-12-23 02:14:00,076 INFO ####### --- Training Epoch 289 --- #######
2024-12-23 02:14:20,672 INFO Epoch 289 	 Batch 99	LR : 0.00002	Tot. Loss: 0.17
2024-12-23 02:14:40,986 INFO Epoch 289 	 Batch 199	LR : 0.00002	Tot. Loss: 0.17
2024-12-23 02:15:01,301 INFO Epoch 289 	 Batch 299	LR : 0.00002	Tot. Loss: 0.17
2024-12-23 02:15:13,718 INFO ################## 
 ---> Validation Epoch 289	Acc.: 80.240	FPR: 70.445	AUROC: 83.896	AUPR: 51.495	AURC: 57.896	EAURC: 36.943	AUPR Succ.: 95.647	ECE: 6.909	NLL: 6.330	Brier: 29.302
2024-12-23 02:15:13,719 INFO ####### --- Training Epoch 290 --- #######
2024-12-23 02:15:34,305 INFO Epoch 290 	 Batch 99	LR : 0.00002	Tot. Loss: 0.17
2024-12-23 02:15:54,617 INFO Epoch 290 	 Batch 199	LR : 0.00002	Tot. Loss: 0.17
2024-12-23 02:16:14,944 INFO Epoch 290 	 Batch 299	LR : 0.00002	Tot. Loss: 0.17
2024-12-23 02:16:27,395 INFO ################## 
 ---> Validation Epoch 290	Acc.: 80.360	FPR: 70.978	AUROC: 83.928	AUPR: 51.382	AURC: 57.365	EAURC: 36.675	AUPR Succ.: 95.683	ECE: 6.819	NLL: 6.298	Brier: 29.151
2024-12-23 02:16:27,396 INFO ####### --- Training Epoch 291 --- #######
2024-12-23 02:16:48,005 INFO Epoch 291 	 Batch 99	LR : 0.00002	Tot. Loss: 0.17
2024-12-23 02:17:08,326 INFO Epoch 291 	 Batch 199	LR : 0.00002	Tot. Loss: 0.17
2024-12-23 02:17:28,647 INFO Epoch 291 	 Batch 299	LR : 0.00002	Tot. Loss: 0.17
2024-12-23 02:17:41,093 INFO ################## 
 ---> Validation Epoch 291	Acc.: 80.280	FPR: 71.704	AUROC: 83.954	AUPR: 51.048	AURC: 57.606	EAURC: 36.741	AUPR Succ.: 95.672	ECE: 7.033	NLL: 6.307	Brier: 29.234
2024-12-23 02:17:41,095 INFO ####### --- Training Epoch 292 --- #######
2024-12-23 02:18:01,710 INFO Epoch 292 	 Batch 99	LR : 0.00002	Tot. Loss: 0.17
2024-12-23 02:18:22,020 INFO Epoch 292 	 Batch 199	LR : 0.00002	Tot. Loss: 0.17
2024-12-23 02:18:42,330 INFO Epoch 292 	 Batch 299	LR : 0.00002	Tot. Loss: 0.17
2024-12-23 02:18:54,737 INFO ################## 
 ---> Validation Epoch 292	Acc.: 80.180	FPR: 69.425	AUROC: 84.227	AUPR: 52.633	AURC: 57.392	EAURC: 36.307	AUPR Succ.: 95.716	ECE: 7.046	NLL: 6.292	Brier: 29.150
2024-12-23 02:18:54,738 INFO ####### --- Training Epoch 293 --- #######
2024-12-23 02:19:15,319 INFO Epoch 293 	 Batch 99	LR : 0.00001	Tot. Loss: 0.17
2024-12-23 02:19:35,622 INFO Epoch 293 	 Batch 199	LR : 0.00001	Tot. Loss: 0.17
2024-12-23 02:19:55,922 INFO Epoch 293 	 Batch 299	LR : 0.00001	Tot. Loss: 0.17
2024-12-23 02:20:08,352 INFO ################## 
 ---> Validation Epoch 293	Acc.: 80.280	FPR: 70.284	AUROC: 84.047	AUPR: 52.101	AURC: 57.418	EAURC: 36.553	AUPR Succ.: 95.692	ECE: 6.901	NLL: 6.297	Brier: 29.150
2024-12-23 02:20:08,353 INFO ####### --- Training Epoch 294 --- #######
2024-12-23 02:20:28,929 INFO Epoch 294 	 Batch 99	LR : 0.00001	Tot. Loss: 0.17
2024-12-23 02:20:49,234 INFO Epoch 294 	 Batch 199	LR : 0.00001	Tot. Loss: 0.17
2024-12-23 02:21:09,539 INFO Epoch 294 	 Batch 299	LR : 0.00001	Tot. Loss: 0.17
2024-12-23 02:21:21,954 INFO ################## 
 ---> Validation Epoch 294	Acc.: 80.220	FPR: 68.857	AUROC: 84.222	AUPR: 52.564	AURC: 57.253	EAURC: 36.255	AUPR Succ.: 95.723	ECE: 7.022	NLL: 6.286	Brier: 29.096
2024-12-23 02:21:21,956 INFO ####### --- Training Epoch 295 --- #######
2024-12-23 02:21:42,566 INFO Epoch 295 	 Batch 99	LR : 0.00001	Tot. Loss: 0.17
2024-12-23 02:22:02,876 INFO Epoch 295 	 Batch 199	LR : 0.00001	Tot. Loss: 0.17
2024-12-23 02:22:23,192 INFO Epoch 295 	 Batch 299	LR : 0.00001	Tot. Loss: 0.17
2024-12-23 02:22:35,595 INFO ################## 
 ---> Validation Epoch 295	Acc.: 80.280	FPR: 69.777	AUROC: 84.203	AUPR: 52.407	AURC: 57.031	EAURC: 36.166	AUPR Succ.: 95.737	ECE: 6.949	NLL: 6.288	Brier: 29.094
2024-12-23 02:22:35,597 INFO ####### --- Training Epoch 296 --- #######
2024-12-23 02:22:56,190 INFO Epoch 296 	 Batch 99	LR : 0.00001	Tot. Loss: 0.17
2024-12-23 02:23:16,500 INFO Epoch 296 	 Batch 199	LR : 0.00001	Tot. Loss: 0.17
2024-12-23 02:23:36,808 INFO Epoch 296 	 Batch 299	LR : 0.00001	Tot. Loss: 0.17
2024-12-23 02:23:49,240 INFO ################## 
 ---> Validation Epoch 296	Acc.: 80.440	FPR: 71.881	AUROC: 84.020	AUPR: 51.637	AURC: 56.854	EAURC: 36.339	AUPR Succ.: 95.724	ECE: 6.764	NLL: 6.257	Brier: 28.999
2024-12-23 02:23:49,242 INFO ####### --- Training Epoch 297 --- #######
2024-12-23 02:24:09,841 INFO Epoch 297 	 Batch 99	LR : 0.00001	Tot. Loss: 0.17
2024-12-23 02:24:30,149 INFO Epoch 297 	 Batch 199	LR : 0.00001	Tot. Loss: 0.17
2024-12-23 02:24:50,465 INFO Epoch 297 	 Batch 299	LR : 0.00001	Tot. Loss: 0.17
2024-12-23 02:25:02,880 INFO ################## 
 ---> Validation Epoch 297	Acc.: 80.400	FPR: 72.449	AUROC: 83.906	AUPR: 51.123	AURC: 57.226	EAURC: 36.623	AUPR Succ.: 95.691	ECE: 6.817	NLL: 6.280	Brier: 29.116
2024-12-23 02:25:02,881 INFO ####### --- Training Epoch 298 --- #######
2024-12-23 02:25:23,572 INFO Epoch 298 	 Batch 99	LR : 0.00001	Tot. Loss: 0.17
2024-12-23 02:25:43,884 INFO Epoch 298 	 Batch 199	LR : 0.00001	Tot. Loss: 0.17
2024-12-23 02:26:04,194 INFO Epoch 298 	 Batch 299	LR : 0.00001	Tot. Loss: 0.17
2024-12-23 02:26:16,805 INFO ################## 
 ---> Validation Epoch 298	Acc.: 80.400	FPR: 72.347	AUROC: 83.899	AUPR: 51.085	AURC: 57.265	EAURC: 36.662	AUPR Succ.: 95.686	ECE: 6.770	NLL: 6.279	Brier: 29.113
2024-12-23 02:26:16,807 INFO ####### --- Training Epoch 299 --- #######
2024-12-23 02:26:37,390 INFO Epoch 299 	 Batch 99	LR : 0.00001	Tot. Loss: 0.17
2024-12-23 02:26:57,690 INFO Epoch 299 	 Batch 199	LR : 0.00001	Tot. Loss: 0.17
2024-12-23 02:27:18,002 INFO Epoch 299 	 Batch 299	LR : 0.00001	Tot. Loss: 0.17
2024-12-23 02:27:30,416 INFO ################## 
 ---> Validation Epoch 299	Acc.: 80.360	FPR: 71.792	AUROC: 83.924	AUPR: 51.137	AURC: 57.364	EAURC: 36.674	AUPR Succ.: 95.683	ECE: 6.800	NLL: 6.294	Brier: 29.147
2024-12-23 18:52:18,829 INFO Testing model_1 ...
2024-12-23 18:52:19,075 INFO Using diffusion ...
2024-12-23 18:52:24,700 INFO Using q_distribution ...
2024-12-23 18:54:38,923 INFO Testing model_1 ...
2024-12-23 18:54:39,120 INFO Using diffusion ...
2024-12-23 18:54:46,003 INFO Using q_distribution ...
2024-12-23 18:55:29,566 INFO Testing model_1 ...
2024-12-23 18:55:29,759 INFO Using diffusion ...
2024-12-23 18:55:34,717 INFO Using q_distribution ...
2024-12-23 18:55:43,771 INFO ################## 
 ---> Test MSP results：	Acc.: 79.690	FPR: 68.932	AUROC: 84.304	AUPR: 53.773	AURC: 59.728	EAURC: 37.545	AUPR Succ.: 95.538	ECE: 7.553	NLL: 6.595	Brier: 29.755
2024-12-23 18:59:08,609 INFO Testing model_1 ...
2024-12-23 18:59:10,093 INFO Using diffusion ...
2024-12-23 18:59:13,757 INFO Using q_distribution ...
2024-12-23 18:59:22,044 INFO ################## 
 ---> Test MSP results：	Acc.: 79.690	FPR: 68.932	AUROC: 84.304	AUPR: 53.773	AURC: 59.728	EAURC: 37.545	AUPR Succ.: 95.538	ECE: 7.553	NLL: 6.595	Brier: 29.755
2024-12-23 18:59:22,044 INFO Testing on corruption: brightness, severity: 1
2024-12-23 18:59:47,885 INFO Testing on corruption: brightness, severity: 2
2024-12-23 19:00:07,235 INFO Testing on corruption: brightness, severity: 3
2024-12-23 19:00:26,132 INFO Testing on corruption: brightness, severity: 4
2024-12-23 19:00:45,642 INFO Testing on corruption: brightness, severity: 5
2024-12-23 19:01:05,237 INFO Testing on corruption: contrast, severity: 1
2024-12-23 19:01:24,837 INFO Testing on corruption: contrast, severity: 2
2024-12-23 19:02:27,495 INFO Testing on corruption: contrast, severity: 3
2024-12-23 19:02:47,082 INFO Testing on corruption: contrast, severity: 4
2024-12-23 19:03:06,672 INFO Testing on corruption: contrast, severity: 5
2024-12-23 19:03:25,734 INFO Testing on corruption: defocus_blur, severity: 1
2024-12-23 19:03:45,417 INFO Testing on corruption: defocus_blur, severity: 2
2024-12-23 19:04:04,980 INFO Testing on corruption: defocus_blur, severity: 3
2024-12-23 19:04:24,527 INFO Testing on corruption: defocus_blur, severity: 4
2024-12-23 19:06:18,908 INFO Testing model_1 ...
2024-12-23 19:06:19,323 INFO Using diffusion ...
2024-12-23 19:06:24,573 INFO Using q_distribution ...
2024-12-23 19:06:32,888 INFO ################## 
 ---> Test MSP results：	Acc.: 79.690	FPR: 68.932	AUROC: 84.304	AUPR: 53.771	AURC: 59.728	EAURC: 37.546	AUPR Succ.: 95.538	ECE: 7.553	NLL: 6.595	Brier: 29.755
2024-12-23 19:06:32,888 INFO Testing on corruption: brightness, severity: 1
2024-12-23 19:06:48,839 INFO Testing on corruption: brightness, severity: 2
2024-12-23 19:07:02,752 INFO Testing model_1 ...
2024-12-23 19:07:02,959 INFO Using diffusion ...
2024-12-23 19:07:07,832 INFO Using q_distribution ...
2024-12-23 19:07:15,379 INFO ################## 
 ---> Test MSP results：	Acc.: 79.690	FPR: 68.981	AUROC: 84.304	AUPR: 53.769	AURC: 59.729	EAURC: 37.546	AUPR Succ.: 95.538	ECE: 7.553	NLL: 6.595	Brier: 29.755
2024-12-23 19:07:15,380 INFO Testing on corruption: brightness, severity: 1
2024-12-23 19:07:31,107 INFO Testing model_1 ...
2024-12-23 19:07:31,306 INFO Using diffusion ...
2024-12-23 19:07:36,280 INFO Using q_distribution ...
2024-12-23 19:07:43,843 INFO ################## 
 ---> Test MSP results：	Acc.: 79.690	FPR: 68.882	AUROC: 84.296	AUPR: 53.536	AURC: 59.744	EAURC: 37.561	AUPR Succ.: 95.537	ECE: 7.597	NLL: 6.596	Brier: 29.760
2024-12-23 19:07:43,843 INFO Testing on corruption: brightness, severity: 1
2024-12-23 19:08:04,001 INFO Testing model_1 ...
2024-12-23 19:08:04,203 INFO Using diffusion ...
2024-12-23 19:08:09,057 INFO Using q_distribution ...
2024-12-23 19:08:16,507 INFO ################## 
 ---> Test MSP results：	Acc.: 79.660	FPR: 68.584	AUROC: 84.301	AUPR: 53.758	AURC: 59.856	EAURC: 37.605	AUPR Succ.: 95.530	ECE: 7.584	NLL: 6.605	Brier: 29.812
2024-12-23 19:08:16,507 INFO Testing on corruption: brightness, severity: 1
2024-12-23 19:08:32,348 INFO Testing on corruption: brightness, severity: 2
2024-12-23 19:08:44,849 INFO Testing on corruption: brightness, severity: 3
2024-12-23 19:09:03,458 INFO Testing model_1 ...
2024-12-23 19:09:03,654 INFO Using diffusion ...
2024-12-23 19:09:08,658 INFO Using q_distribution ...
2024-12-23 19:09:16,198 INFO ################## 
 ---> Test MSP results：	Acc.: 78.590	FPR: 73.003	AUROC: 83.456	AUPR: 52.702	AURC: 66.693	EAURC: 41.937	AUPR Succ.: 94.969	ECE: 7.908	NLL: 6.942	Brier: 31.407
2024-12-23 19:09:16,198 INFO Testing on corruption: brightness, severity: 1
2024-12-23 19:31:51,019 INFO Testing model_1 ...
2024-12-23 19:31:51,236 INFO Using diffusion ...
2024-12-23 19:31:56,032 INFO Using q_distribution ...
2024-12-23 19:32:26,672 INFO {
    "attn_type": "kep_svgp",
    "backbone": "unet1d",
    "batch_size": 128,
    "beta1": 0.9,
    "beta2": 0.999,
    "concate": true,
    "corruption_dir": "./data",
    "dataset": "cifar10",
    "depth": 7,
    "eta_kl": 1.0,
    "eta_ksvd": 10.0,
    "gpu": "1",
    "hdim": 384,
    "ksvd_layers": 7,
    "low_rank": 10,
    "lr": 0.001,
    "min_lr": 1e-05,
    "model": "diffusion",
    "nb_cls": 10,
    "nb_epochs": 300,
    "nb_run": 1,
    "nb_worker": 4,
    "num_heads": 12,
    "pretrained_dir": "../experiments/CIFAR10_out/vit_out_cat",
    "rank_multi": 10,
    "save_dir": "../experiments/CIFAR10_out/diffusion",
    "seed": 0,
    "subcommand": "Cifar10",
    "test_dir": "../data/CIFAR10/test",
    "train_dir": "../data/CIFAR10/train",
    "val_dir": "../data/CIFAR10/val",
    "wandb_key": "6cf7b84d1bd52c9eb1e5eade43f583a8059231f2",
    "warmup_epoch": 5,
    "weight_decay": 5e-05
}
2024-12-23 19:32:26,828 INFO ####################################################################################################
1 / 1 Running
2024-12-23 19:32:26,841 INFO Using diffusion ...
2024-12-23 19:32:31,631 INFO Using q_distribution ...
2024-12-23 19:32:31,834 INFO ####### --- Training Epoch 0 --- #######
2024-12-23 19:33:56,010 INFO Epoch 0 	 Batch 99	LR : 0.00000	Tot. Loss: 3.70
2024-12-23 21:30:46,615 INFO {
    "attn_type": "kep_svgp",
    "backbone": "mlp",
    "batch_size": 128,
    "beta1": 0.9,
    "beta2": 0.999,
    "concate": true,
    "corruption_dir": "./data",
    "dataset": "cifar10",
    "depth": 7,
    "eta_kl": 1.0,
    "eta_ksvd": 10.0,
    "gpu": "1",
    "hdim": 384,
    "ksvd_layers": 7,
    "low_rank": 10,
    "lr": 0.001,
    "min_lr": 1e-05,
    "model": "diffusion",
    "nb_cls": 10,
    "nb_epochs": 300,
    "nb_run": 1,
    "nb_worker": 4,
    "num_heads": 12,
    "pretrained_dir": "../experiments/CIFAR10_out/vit_out_cat",
    "rank_multi": 10,
    "save_dir": "../experiments/CIFAR10_out/diffusion",
    "seed": 0,
    "stage": 2,
    "subcommand": "Cifar10",
    "test_dir": "../data/CIFAR10/test",
    "train_dir": "../data/CIFAR10/train",
    "val_dir": "../data/CIFAR10/val",
    "wandb_key": "6cf7b84d1bd52c9eb1e5eade43f583a8059231f2",
    "warmup_epoch": 5,
    "weight_decay": 5e-05
}
2024-12-23 21:30:46,770 INFO ####################################################################################################
1 / 1 Running
2024-12-23 21:30:46,788 INFO Using diffusion ...
2024-12-23 21:30:51,921 INFO Using q_distribution ...
2024-12-23 21:30:52,039 INFO ####### --- Training Epoch 0 --- #######
2024-12-23 21:31:12,583 INFO Epoch 0 	 Batch 99	LR : 0.00000	Top1 Acc.: 84.95	Tot. Loss: 0.43
2024-12-23 21:31:31,949 INFO Epoch 0 	 Batch 199	LR : 0.00000	Top1 Acc.: 84.52	Tot. Loss: 0.44
2024-12-23 21:31:51,908 INFO Epoch 0 	 Batch 299	LR : 0.00000	Top1 Acc.: 84.10	Tot. Loss: 0.44
2024-12-23 21:32:05,791 INFO ################## 
 ---> Validation Epoch 0	Acc.: 81.020	FPR: 71.970	AUROC: 83.876	AUPR: 49.161	AURC: 54.971	EAURC: 35.697	AUPR Succ.: 95.824	ECE: 6.544	NLL: 6.157	Brier: 28.309
2024-12-23 21:32:05,792 INFO Accuracy improved from 0.00 to 81.02!!!
2024-12-23 21:32:05,825 INFO AUROC improved from 0.00 to 83.88!!!
2024-12-23 21:32:05,840 INFO AURC decreased from 1000000.00 to 54.97!!!
2024-12-23 21:32:05,854 INFO ####### --- Training Epoch 1 --- #######
2024-12-23 21:32:14,672 INFO Epoch 1 	 Batch 99	LR : 0.00020	Top1 Acc.: 84.12	Tot. Loss: 0.44
2024-12-23 21:32:23,393 INFO Epoch 1 	 Batch 199	LR : 0.00020	Top1 Acc.: 85.04	Tot. Loss: 0.43
2024-12-23 21:32:32,126 INFO Epoch 1 	 Batch 299	LR : 0.00020	Top1 Acc.: 84.88	Tot. Loss: 0.42
2024-12-23 21:32:40,139 INFO ################## 
 ---> Validation Epoch 1	Acc.: 81.020	FPR: 71.970	AUROC: 83.876	AUPR: 49.161	AURC: 54.971	EAURC: 35.697	AUPR Succ.: 95.824	ECE: 6.544	NLL: 6.157	Brier: 28.309
2024-12-23 21:32:40,140 INFO ####### --- Training Epoch 2 --- #######
2024-12-23 21:32:49,041 INFO Epoch 2 	 Batch 99	LR : 0.00040	Top1 Acc.: 84.72	Tot. Loss: 0.43
2024-12-23 21:32:57,744 INFO Epoch 2 	 Batch 199	LR : 0.00040	Top1 Acc.: 85.00	Tot. Loss: 0.43
2024-12-23 21:33:06,578 INFO Epoch 2 	 Batch 299	LR : 0.00040	Top1 Acc.: 84.71	Tot. Loss: 0.43
2024-12-23 21:33:14,954 INFO ################## 
 ---> Validation Epoch 2	Acc.: 81.020	FPR: 71.970	AUROC: 83.876	AUPR: 49.161	AURC: 54.971	EAURC: 35.697	AUPR Succ.: 95.824	ECE: 6.544	NLL: 6.157	Brier: 28.309
2024-12-23 21:33:14,956 INFO ####### --- Training Epoch 3 --- #######
2024-12-23 21:33:23,936 INFO Epoch 3 	 Batch 99	LR : 0.00060	Top1 Acc.: 84.59	Tot. Loss: 0.43
2024-12-23 21:33:32,692 INFO Epoch 3 	 Batch 199	LR : 0.00060	Top1 Acc.: 84.58	Tot. Loss: 0.44
2024-12-23 21:33:41,445 INFO Epoch 3 	 Batch 299	LR : 0.00060	Top1 Acc.: 84.30	Tot. Loss: 0.44
2024-12-23 21:33:49,673 INFO ################## 
 ---> Validation Epoch 3	Acc.: 81.020	FPR: 71.970	AUROC: 83.876	AUPR: 49.161	AURC: 54.971	EAURC: 35.697	AUPR Succ.: 95.824	ECE: 6.544	NLL: 6.157	Brier: 28.309
2024-12-23 21:33:49,674 INFO ####### --- Training Epoch 4 --- #######
2024-12-23 21:33:58,655 INFO Epoch 4 	 Batch 99	LR : 0.00080	Top1 Acc.: 84.75	Tot. Loss: 0.43
2024-12-23 21:34:07,439 INFO Epoch 4 	 Batch 199	LR : 0.00080	Top1 Acc.: 85.11	Tot. Loss: 0.42
2024-12-23 21:34:16,213 INFO Epoch 4 	 Batch 299	LR : 0.00080	Top1 Acc.: 84.34	Tot. Loss: 0.44
2024-12-23 21:34:24,321 INFO ################## 
 ---> Validation Epoch 4	Acc.: 81.020	FPR: 71.970	AUROC: 83.876	AUPR: 49.161	AURC: 54.971	EAURC: 35.697	AUPR Succ.: 95.824	ECE: 6.544	NLL: 6.157	Brier: 28.309
2024-12-23 21:34:24,323 INFO ####### --- Training Epoch 5 --- #######
2024-12-23 21:34:33,238 INFO Epoch 5 	 Batch 99	LR : 0.00100	Top1 Acc.: 84.87	Tot. Loss: 0.42
2024-12-23 21:34:41,951 INFO Epoch 5 	 Batch 199	LR : 0.00100	Top1 Acc.: 84.45	Tot. Loss: 0.43
2024-12-23 21:34:50,712 INFO Epoch 5 	 Batch 299	LR : 0.00100	Top1 Acc.: 84.68	Tot. Loss: 0.43
2024-12-23 21:34:59,084 INFO ################## 
 ---> Validation Epoch 5	Acc.: 81.020	FPR: 71.970	AUROC: 83.876	AUPR: 49.161	AURC: 54.971	EAURC: 35.697	AUPR Succ.: 95.824	ECE: 6.544	NLL: 6.157	Brier: 28.309
2024-12-23 21:34:59,085 INFO ####### --- Training Epoch 6 --- #######
2024-12-23 21:35:08,035 INFO Epoch 6 	 Batch 99	LR : 0.00100	Top1 Acc.: 84.75	Tot. Loss: 0.43
2024-12-23 21:35:16,745 INFO Epoch 6 	 Batch 199	LR : 0.00100	Top1 Acc.: 85.10	Tot. Loss: 0.41
2024-12-23 21:35:25,441 INFO Epoch 6 	 Batch 299	LR : 0.00100	Top1 Acc.: 84.54	Tot. Loss: 0.43
2024-12-23 21:35:33,784 INFO ################## 
 ---> Validation Epoch 6	Acc.: 81.020	FPR: 71.970	AUROC: 83.876	AUPR: 49.161	AURC: 54.971	EAURC: 35.697	AUPR Succ.: 95.824	ECE: 6.544	NLL: 6.157	Brier: 28.309
2024-12-23 21:35:33,785 INFO ####### --- Training Epoch 7 --- #######
2024-12-23 21:35:42,730 INFO Epoch 7 	 Batch 99	LR : 0.00100	Top1 Acc.: 84.91	Tot. Loss: 0.42
2024-12-23 21:35:51,483 INFO Epoch 7 	 Batch 199	LR : 0.00100	Top1 Acc.: 84.51	Tot. Loss: 0.43
2024-12-23 21:36:00,230 INFO Epoch 7 	 Batch 299	LR : 0.00100	Top1 Acc.: 84.50	Tot. Loss: 0.44
2024-12-23 21:36:08,268 INFO ################## 
 ---> Validation Epoch 7	Acc.: 81.020	FPR: 71.970	AUROC: 83.876	AUPR: 49.161	AURC: 54.971	EAURC: 35.697	AUPR Succ.: 95.824	ECE: 6.544	NLL: 6.157	Brier: 28.309
2024-12-23 21:36:08,270 INFO ####### --- Training Epoch 8 --- #######
2024-12-23 21:36:17,155 INFO Epoch 8 	 Batch 99	LR : 0.00100	Top1 Acc.: 84.93	Tot. Loss: 0.43
2024-12-23 21:36:25,862 INFO Epoch 8 	 Batch 199	LR : 0.00100	Top1 Acc.: 84.66	Tot. Loss: 0.43
2024-12-23 21:36:34,586 INFO Epoch 8 	 Batch 299	LR : 0.00100	Top1 Acc.: 84.62	Tot. Loss: 0.43
2024-12-23 21:36:42,927 INFO ################## 
 ---> Validation Epoch 8	Acc.: 81.020	FPR: 71.970	AUROC: 83.876	AUPR: 49.161	AURC: 54.971	EAURC: 35.697	AUPR Succ.: 95.824	ECE: 6.544	NLL: 6.157	Brier: 28.309
2024-12-23 21:36:42,929 INFO ####### --- Training Epoch 9 --- #######
2024-12-23 21:36:51,877 INFO Epoch 9 	 Batch 99	LR : 0.00100	Top1 Acc.: 85.04	Tot. Loss: 0.42
2024-12-23 21:37:00,624 INFO Epoch 9 	 Batch 199	LR : 0.00100	Top1 Acc.: 84.76	Tot. Loss: 0.42
2024-12-23 21:37:09,330 INFO Epoch 9 	 Batch 299	LR : 0.00100	Top1 Acc.: 84.55	Tot. Loss: 0.43
2024-12-23 21:37:17,495 INFO ################## 
 ---> Validation Epoch 9	Acc.: 81.020	FPR: 71.970	AUROC: 83.876	AUPR: 49.161	AURC: 54.971	EAURC: 35.697	AUPR Succ.: 95.824	ECE: 6.544	NLL: 6.157	Brier: 28.309
2024-12-23 21:37:17,496 INFO ####### --- Training Epoch 10 --- #######
2024-12-23 21:37:26,441 INFO Epoch 10 	 Batch 99	LR : 0.00100	Top1 Acc.: 85.00	Tot. Loss: 0.42
2024-12-23 21:37:35,262 INFO Epoch 10 	 Batch 199	LR : 0.00100	Top1 Acc.: 84.67	Tot. Loss: 0.43
2024-12-23 21:37:43,969 INFO Epoch 10 	 Batch 299	LR : 0.00100	Top1 Acc.: 84.54	Tot. Loss: 0.43
2024-12-23 21:37:48,677 INFO ################## 
 ---> Validation Epoch 10	Acc.: 81.020	FPR: 71.970	AUROC: 83.876	AUPR: 49.161	AURC: 54.971	EAURC: 35.697	AUPR Succ.: 95.824	ECE: 6.544	NLL: 6.157	Brier: 28.309
2024-12-23 21:37:48,679 INFO ####### --- Training Epoch 11 --- #######
2024-12-23 21:37:53,077 INFO Epoch 11 	 Batch 99	LR : 0.00100	Top1 Acc.: 84.92	Tot. Loss: 0.43
2024-12-23 21:38:00,002 INFO Epoch 11 	 Batch 199	LR : 0.00100	Top1 Acc.: 85.11	Tot. Loss: 0.42
2024-12-23 21:38:08,738 INFO Epoch 11 	 Batch 299	LR : 0.00100	Top1 Acc.: 84.24	Tot. Loss: 0.44
2024-12-23 21:38:16,752 INFO ################## 
 ---> Validation Epoch 11	Acc.: 81.020	FPR: 71.970	AUROC: 83.876	AUPR: 49.161	AURC: 54.971	EAURC: 35.697	AUPR Succ.: 95.824	ECE: 6.544	NLL: 6.157	Brier: 28.309
2024-12-23 21:38:16,754 INFO ####### --- Training Epoch 12 --- #######
2024-12-23 21:38:25,714 INFO Epoch 12 	 Batch 99	LR : 0.00100	Top1 Acc.: 84.86	Tot. Loss: 0.43
2024-12-23 21:38:34,415 INFO Epoch 12 	 Batch 199	LR : 0.00100	Top1 Acc.: 84.23	Tot. Loss: 0.44
2024-12-23 21:38:43,098 INFO Epoch 12 	 Batch 299	LR : 0.00100	Top1 Acc.: 84.38	Tot. Loss: 0.43
2024-12-23 21:38:51,432 INFO ################## 
 ---> Validation Epoch 12	Acc.: 81.020	FPR: 71.970	AUROC: 83.876	AUPR: 49.161	AURC: 54.971	EAURC: 35.697	AUPR Succ.: 95.824	ECE: 6.544	NLL: 6.157	Brier: 28.309
2024-12-23 21:38:51,433 INFO ####### --- Training Epoch 13 --- #######
2024-12-23 21:39:00,375 INFO Epoch 13 	 Batch 99	LR : 0.00100	Top1 Acc.: 84.45	Tot. Loss: 0.43
2024-12-23 21:39:09,127 INFO Epoch 13 	 Batch 199	LR : 0.00100	Top1 Acc.: 84.51	Tot. Loss: 0.44
2024-12-23 21:39:17,813 INFO Epoch 13 	 Batch 299	LR : 0.00100	Top1 Acc.: 85.19	Tot. Loss: 0.42
2024-12-23 21:39:26,101 INFO ################## 
 ---> Validation Epoch 13	Acc.: 81.020	FPR: 71.970	AUROC: 83.876	AUPR: 49.161	AURC: 54.971	EAURC: 35.697	AUPR Succ.: 95.824	ECE: 6.544	NLL: 6.157	Brier: 28.309
2024-12-23 21:39:26,103 INFO ####### --- Training Epoch 14 --- #######
2024-12-23 21:39:35,068 INFO Epoch 14 	 Batch 99	LR : 0.00100	Top1 Acc.: 84.80	Tot. Loss: 0.44
2024-12-23 21:39:43,748 INFO Epoch 14 	 Batch 199	LR : 0.00100	Top1 Acc.: 84.42	Tot. Loss: 0.43
2024-12-23 21:39:52,442 INFO Epoch 14 	 Batch 299	LR : 0.00100	Top1 Acc.: 84.85	Tot. Loss: 0.42
2024-12-23 21:40:00,592 INFO ################## 
 ---> Validation Epoch 14	Acc.: 81.020	FPR: 71.970	AUROC: 83.876	AUPR: 49.161	AURC: 54.971	EAURC: 35.697	AUPR Succ.: 95.824	ECE: 6.544	NLL: 6.157	Brier: 28.309
2024-12-23 21:40:00,594 INFO ####### --- Training Epoch 15 --- #######
2024-12-23 21:40:09,476 INFO Epoch 15 	 Batch 99	LR : 0.00100	Top1 Acc.: 84.45	Tot. Loss: 0.44
2024-12-23 21:40:18,150 INFO Epoch 15 	 Batch 199	LR : 0.00100	Top1 Acc.: 84.54	Tot. Loss: 0.43
2024-12-23 21:40:26,899 INFO Epoch 15 	 Batch 299	LR : 0.00100	Top1 Acc.: 84.62	Tot. Loss: 0.43
2024-12-23 21:40:35,172 INFO ################## 
 ---> Validation Epoch 15	Acc.: 81.020	FPR: 71.970	AUROC: 83.876	AUPR: 49.161	AURC: 54.971	EAURC: 35.697	AUPR Succ.: 95.824	ECE: 6.544	NLL: 6.157	Brier: 28.309
2024-12-23 21:40:35,174 INFO ####### --- Training Epoch 16 --- #######
2024-12-23 21:40:44,080 INFO Epoch 16 	 Batch 99	LR : 0.00100	Top1 Acc.: 84.16	Tot. Loss: 0.44
2024-12-23 21:40:52,838 INFO Epoch 16 	 Batch 199	LR : 0.00100	Top1 Acc.: 84.88	Tot. Loss: 0.42
2024-12-23 21:41:01,534 INFO Epoch 16 	 Batch 299	LR : 0.00100	Top1 Acc.: 84.73	Tot. Loss: 0.42
2024-12-23 21:41:09,841 INFO ################## 
 ---> Validation Epoch 16	Acc.: 81.020	FPR: 71.970	AUROC: 83.876	AUPR: 49.161	AURC: 54.971	EAURC: 35.697	AUPR Succ.: 95.824	ECE: 6.544	NLL: 6.157	Brier: 28.309
2024-12-23 21:41:09,842 INFO ####### --- Training Epoch 17 --- #######
2024-12-23 21:41:18,822 INFO Epoch 17 	 Batch 99	LR : 0.00100	Top1 Acc.: 84.22	Tot. Loss: 0.44
2024-12-23 21:41:27,522 INFO Epoch 17 	 Batch 199	LR : 0.00100	Top1 Acc.: 84.63	Tot. Loss: 0.43
2024-12-23 21:41:36,218 INFO Epoch 17 	 Batch 299	LR : 0.00100	Top1 Acc.: 85.14	Tot. Loss: 0.41
2024-12-23 21:41:44,390 INFO ################## 
 ---> Validation Epoch 17	Acc.: 81.020	FPR: 71.970	AUROC: 83.876	AUPR: 49.161	AURC: 54.971	EAURC: 35.697	AUPR Succ.: 95.824	ECE: 6.544	NLL: 6.157	Brier: 28.309
2024-12-23 21:41:44,391 INFO ####### --- Training Epoch 18 --- #######
2024-12-23 21:41:53,371 INFO Epoch 18 	 Batch 99	LR : 0.00100	Top1 Acc.: 84.55	Tot. Loss: 0.43
2024-12-23 21:42:02,110 INFO Epoch 18 	 Batch 199	LR : 0.00100	Top1 Acc.: 84.65	Tot. Loss: 0.42
2024-12-23 21:42:10,844 INFO Epoch 18 	 Batch 299	LR : 0.00100	Top1 Acc.: 84.36	Tot. Loss: 0.44
2024-12-23 21:42:18,917 INFO ################## 
 ---> Validation Epoch 18	Acc.: 81.020	FPR: 71.970	AUROC: 83.876	AUPR: 49.161	AURC: 54.971	EAURC: 35.697	AUPR Succ.: 95.824	ECE: 6.544	NLL: 6.157	Brier: 28.309
2024-12-23 21:42:18,918 INFO ####### --- Training Epoch 19 --- #######
2024-12-23 21:42:27,817 INFO Epoch 19 	 Batch 99	LR : 0.00100	Top1 Acc.: 84.90	Tot. Loss: 0.43
2024-12-23 21:42:36,516 INFO Epoch 19 	 Batch 199	LR : 0.00100	Top1 Acc.: 84.83	Tot. Loss: 0.42
2024-12-23 21:42:45,272 INFO Epoch 19 	 Batch 299	LR : 0.00100	Top1 Acc.: 85.10	Tot. Loss: 0.42
2024-12-23 21:42:53,629 INFO ################## 
 ---> Validation Epoch 19	Acc.: 81.020	FPR: 71.970	AUROC: 83.876	AUPR: 49.161	AURC: 54.971	EAURC: 35.697	AUPR Succ.: 95.824	ECE: 6.544	NLL: 6.157	Brier: 28.309
2024-12-23 21:42:53,631 INFO ####### --- Training Epoch 20 --- #######
2024-12-23 21:43:02,559 INFO Epoch 20 	 Batch 99	LR : 0.00099	Top1 Acc.: 84.32	Tot. Loss: 0.43
2024-12-23 21:43:11,257 INFO Epoch 20 	 Batch 199	LR : 0.00099	Top1 Acc.: 84.70	Tot. Loss: 0.44
2024-12-23 21:43:19,939 INFO Epoch 20 	 Batch 299	LR : 0.00099	Top1 Acc.: 84.83	Tot. Loss: 0.43
2024-12-23 21:43:28,203 INFO ################## 
 ---> Validation Epoch 20	Acc.: 81.020	FPR: 71.970	AUROC: 83.876	AUPR: 49.161	AURC: 54.971	EAURC: 35.697	AUPR Succ.: 95.824	ECE: 6.544	NLL: 6.157	Brier: 28.309
2024-12-23 21:43:28,205 INFO ####### --- Training Epoch 21 --- #######
2024-12-23 21:43:37,151 INFO Epoch 21 	 Batch 99	LR : 0.00099	Top1 Acc.: 84.84	Tot. Loss: 0.43
2024-12-23 21:43:42,406 INFO Epoch 21 	 Batch 199	LR : 0.00099	Top1 Acc.: 85.20	Tot. Loss: 0.41
2024-12-23 21:43:46,595 INFO Epoch 21 	 Batch 299	LR : 0.00099	Top1 Acc.: 84.30	Tot. Loss: 0.43
2024-12-23 21:43:53,448 INFO ################## 
 ---> Validation Epoch 21	Acc.: 81.020	FPR: 71.970	AUROC: 83.876	AUPR: 49.161	AURC: 54.971	EAURC: 35.697	AUPR Succ.: 95.824	ECE: 6.544	NLL: 6.157	Brier: 28.309
2024-12-23 21:43:53,450 INFO ####### --- Training Epoch 22 --- #######
2024-12-23 21:44:02,373 INFO Epoch 22 	 Batch 99	LR : 0.00099	Top1 Acc.: 84.13	Tot. Loss: 0.45
2024-12-23 21:44:11,082 INFO Epoch 22 	 Batch 199	LR : 0.00099	Top1 Acc.: 85.08	Tot. Loss: 0.43
2024-12-23 21:44:19,768 INFO Epoch 22 	 Batch 299	LR : 0.00099	Top1 Acc.: 84.89	Tot. Loss: 0.43
2024-12-23 21:44:28,038 INFO ################## 
 ---> Validation Epoch 22	Acc.: 81.020	FPR: 71.970	AUROC: 83.876	AUPR: 49.161	AURC: 54.971	EAURC: 35.697	AUPR Succ.: 95.824	ECE: 6.544	NLL: 6.157	Brier: 28.309
2024-12-23 21:44:28,040 INFO ####### --- Training Epoch 23 --- #######
2024-12-23 21:44:36,995 INFO Epoch 23 	 Batch 99	LR : 0.00099	Top1 Acc.: 85.20	Tot. Loss: 0.41
2024-12-23 21:44:45,730 INFO Epoch 23 	 Batch 199	LR : 0.00099	Top1 Acc.: 84.71	Tot. Loss: 0.43
2024-12-23 21:44:54,470 INFO Epoch 23 	 Batch 299	LR : 0.00099	Top1 Acc.: 84.62	Tot. Loss: 0.44
2024-12-23 21:45:02,573 INFO ################## 
 ---> Validation Epoch 23	Acc.: 81.020	FPR: 71.970	AUROC: 83.876	AUPR: 49.161	AURC: 54.971	EAURC: 35.697	AUPR Succ.: 95.824	ECE: 6.544	NLL: 6.157	Brier: 28.309
2024-12-23 21:45:02,575 INFO ####### --- Training Epoch 24 --- #######
2024-12-23 21:45:11,492 INFO Epoch 24 	 Batch 99	LR : 0.00099	Top1 Acc.: 85.11	Tot. Loss: 0.42
2024-12-23 21:45:20,186 INFO Epoch 24 	 Batch 199	LR : 0.00099	Top1 Acc.: 84.83	Tot. Loss: 0.42
2024-12-23 21:45:28,862 INFO Epoch 24 	 Batch 299	LR : 0.00099	Top1 Acc.: 84.54	Tot. Loss: 0.43
2024-12-23 21:45:37,200 INFO ################## 
 ---> Validation Epoch 24	Acc.: 81.020	FPR: 71.970	AUROC: 83.876	AUPR: 49.161	AURC: 54.971	EAURC: 35.697	AUPR Succ.: 95.824	ECE: 6.544	NLL: 6.157	Brier: 28.309
2024-12-23 21:45:37,202 INFO ####### --- Training Epoch 25 --- #######
2024-12-23 21:45:46,125 INFO Epoch 25 	 Batch 99	LR : 0.00099	Top1 Acc.: 84.66	Tot. Loss: 0.42
2024-12-23 21:45:54,827 INFO Epoch 25 	 Batch 199	LR : 0.00099	Top1 Acc.: 85.04	Tot. Loss: 0.42
2024-12-23 21:46:03,560 INFO Epoch 25 	 Batch 299	LR : 0.00099	Top1 Acc.: 84.41	Tot. Loss: 0.44
2024-12-23 21:46:11,837 INFO ################## 
 ---> Validation Epoch 25	Acc.: 81.020	FPR: 71.970	AUROC: 83.876	AUPR: 49.161	AURC: 54.971	EAURC: 35.697	AUPR Succ.: 95.824	ECE: 6.544	NLL: 6.157	Brier: 28.309
2024-12-23 21:46:11,838 INFO ####### --- Training Epoch 26 --- #######
2024-12-23 21:46:20,786 INFO Epoch 26 	 Batch 99	LR : 0.00099	Top1 Acc.: 84.97	Tot. Loss: 0.42
2024-12-23 21:46:29,533 INFO Epoch 26 	 Batch 199	LR : 0.00099	Top1 Acc.: 85.02	Tot. Loss: 0.42
2024-12-23 21:46:38,230 INFO Epoch 26 	 Batch 299	LR : 0.00099	Top1 Acc.: 84.76	Tot. Loss: 0.42
2024-12-23 21:46:46,377 INFO ################## 
 ---> Validation Epoch 26	Acc.: 81.020	FPR: 71.970	AUROC: 83.876	AUPR: 49.161	AURC: 54.971	EAURC: 35.697	AUPR Succ.: 95.824	ECE: 6.544	NLL: 6.157	Brier: 28.309
2024-12-23 21:46:46,378 INFO ####### --- Training Epoch 27 --- #######
2024-12-23 21:46:55,264 INFO Epoch 27 	 Batch 99	LR : 0.00099	Top1 Acc.: 85.08	Tot. Loss: 0.42
2024-12-23 21:47:03,940 INFO Epoch 27 	 Batch 199	LR : 0.00099	Top1 Acc.: 85.14	Tot. Loss: 0.43
2024-12-23 21:47:12,674 INFO Epoch 27 	 Batch 299	LR : 0.00099	Top1 Acc.: 84.37	Tot. Loss: 0.43
2024-12-23 21:47:20,980 INFO ################## 
 ---> Validation Epoch 27	Acc.: 81.020	FPR: 71.970	AUROC: 83.876	AUPR: 49.161	AURC: 54.971	EAURC: 35.697	AUPR Succ.: 95.824	ECE: 6.544	NLL: 6.157	Brier: 28.309
2024-12-23 21:47:20,982 INFO ####### --- Training Epoch 28 --- #######
2024-12-23 21:47:29,956 INFO Epoch 28 	 Batch 99	LR : 0.00099	Top1 Acc.: 85.08	Tot. Loss: 0.42
2024-12-23 21:47:38,666 INFO Epoch 28 	 Batch 199	LR : 0.00099	Top1 Acc.: 84.72	Tot. Loss: 0.44
2024-12-23 21:47:47,353 INFO Epoch 28 	 Batch 299	LR : 0.00099	Top1 Acc.: 84.37	Tot. Loss: 0.44
2024-12-25 12:29:31,184 INFO Testing model_1 ...
2024-12-25 12:29:31,390 INFO Using diffusion ...
2024-12-25 12:29:36,198 INFO Using q_distribution ...
2024-12-25 13:38:04,457 INFO {
    "attn_type": "kep_svgp",
    "backbone": "mlp",
    "batch_size": 128,
    "beta1": 0.9,
    "beta2": 0.999,
    "concate": true,
    "corruption_dir": "./data",
    "dataset": "cifar10",
    "depth": 7,
    "eta_kl": 1.0,
    "eta_ksvd": 10.0,
    "gpu": "1",
    "hdim": 384,
    "ksvd_layers": 7,
    "low_rank": 10,
    "lr": 0.001,
    "min_lr": 1e-05,
    "model": "diffusion",
    "nb_cls": 10,
    "nb_epochs": 300,
    "nb_run": 1,
    "nb_worker": 4,
    "num_heads": 12,
    "pretrained_dir": "../experiments/CIFAR10_out/vit_out_cat",
    "rank_multi": 10,
    "save_dir": "../experiments/CIFAR10_out/diffusion",
    "seed": 0,
    "stage": 1,
    "subcommand": "Cifar10",
    "test_dir": "../data/CIFAR10/test",
    "train_dir": "../data/CIFAR10/train",
    "val_dir": "../data/CIFAR10/val",
    "wandb_key": "6cf7b84d1bd52c9eb1e5eade43f583a8059231f2",
    "warmup_epoch": 5,
    "weight_decay": 5e-05
}
2024-12-25 13:38:04,621 INFO ####################################################################################################
1 / 1 Running
2024-12-25 13:38:04,625 INFO Using diffusion ...
2024-12-25 13:38:09,572 INFO Using q_distribution ...
2024-12-25 13:38:09,737 INFO ####### --- Training Epoch 0 --- #######
2024-12-25 13:38:29,131 INFO Epoch 0 	 Batch 99	LR : 0.00000	Tot. Loss: 0.76
2024-12-25 13:39:15,610 INFO {
    "attn_type": "kep_svgp",
    "backbone": "mlp",
    "batch_size": 128,
    "beta1": 0.9,
    "beta2": 0.999,
    "concate": true,
    "corruption_dir": "./data",
    "dataset": "cifar10",
    "depth": 7,
    "eta_kl": 1.0,
    "eta_ksvd": 10.0,
    "gpu": "1",
    "hdim": 384,
    "ksvd_layers": 7,
    "low_rank": 10,
    "lr": 0.001,
    "min_lr": 1e-05,
    "model": "diffusion",
    "nb_cls": 10,
    "nb_epochs": 300,
    "nb_run": 1,
    "nb_worker": 4,
    "num_heads": 12,
    "pretrained_dir": "../experiments/CIFAR10_out/vit_out_cat",
    "rank_multi": 10,
    "save_dir": "../experiments/CIFAR10_out/diffusion",
    "seed": 0,
    "stage": 1,
    "subcommand": "Cifar10",
    "test_dir": "../data/CIFAR10/test",
    "train_dir": "../data/CIFAR10/train",
    "val_dir": "../data/CIFAR10/val",
    "wandb_key": "6cf7b84d1bd52c9eb1e5eade43f583a8059231f2",
    "warmup_epoch": 5,
    "weight_decay": 5e-05
}
2024-12-25 13:39:15,791 INFO ####################################################################################################
1 / 1 Running
2024-12-25 13:39:15,795 INFO Using diffusion ...
2024-12-25 13:39:20,858 INFO Using q_distribution ...
2024-12-25 13:39:21,034 INFO ####### --- Training Epoch 0 --- #######
2024-12-25 13:39:40,245 INFO Epoch 0 	 Batch 99	LR : 0.00000	Tot. Loss: 0.76
2024-12-25 13:39:59,353 INFO Epoch 0 	 Batch 199	LR : 0.00000	Tot. Loss: 0.77
2024-12-25 13:40:18,538 INFO Epoch 0 	 Batch 299	LR : 0.00000	Tot. Loss: 0.76
2024-12-25 13:40:30,284 INFO ################## 
 ---> Validation Epoch 0	Acc.: 11.420	FPR: 96.433	AUROC: 59.135	AUPR: 90.209	AURC: 843.619	EAURC: 205.610	AUPR Succ.: 17.389	ECE: 79.627	NLL: 109.157	Brier: 162.431
2024-12-25 13:40:30,285 INFO Accuracy improved from 0.00 to 11.42!!!
2024-12-25 13:40:30,314 INFO AUROC improved from 0.00 to 59.14!!!
2024-12-25 13:40:30,320 INFO AURC decreased from 1000000.00 to 843.62!!!
2024-12-25 13:40:30,327 INFO ####### --- Training Epoch 1 --- #######
2024-12-25 13:40:49,721 INFO Epoch 1 	 Batch 99	LR : 0.00020	Tot. Loss: 0.65
2024-12-25 13:41:08,872 INFO Epoch 1 	 Batch 199	LR : 0.00020	Tot. Loss: 0.51
2024-12-25 13:41:27,959 INFO Epoch 1 	 Batch 299	LR : 0.00020	Tot. Loss: 0.45
2024-12-25 13:41:39,577 INFO ################## 
 ---> Validation Epoch 1	Acc.: 25.920	FPR: 89.120	AUROC: 62.706	AUPR: 81.252	AURC: 646.125	EAURC: 255.285	AUPR Succ.: 38.912	ECE: 37.925	NLL: 36.522	Brier: 103.402
2024-12-25 13:41:39,578 INFO Accuracy improved from 11.42 to 25.92!!!
2024-12-25 13:41:39,581 INFO AUROC improved from 59.14 to 62.71!!!
2024-12-25 13:41:39,584 INFO AURC decreased from 843.62 to 646.13!!!
2024-12-25 13:41:39,588 INFO ####### --- Training Epoch 2 --- #######
2024-12-25 13:41:58,924 INFO Epoch 2 	 Batch 99	LR : 0.00040	Tot. Loss: 0.40
2024-12-25 13:42:17,983 INFO Epoch 2 	 Batch 199	LR : 0.00040	Tot. Loss: 0.38
2024-12-25 13:42:37,019 INFO Epoch 2 	 Batch 299	LR : 0.00040	Tot. Loss: 0.36
2024-12-25 13:42:48,770 INFO ################## 
 ---> Validation Epoch 2	Acc.: 43.320	FPR: 85.780	AUROC: 68.957	AUPR: 71.466	AURC: 396.288	EAURC: 191.884	AUPR Succ.: 66.086	ECE: 24.529	NLL: 21.968	Brier: 78.696
2024-12-25 13:42:48,770 INFO Accuracy improved from 25.92 to 43.32!!!
2024-12-25 13:42:48,774 INFO AUROC improved from 62.71 to 68.96!!!
2024-12-25 13:42:48,777 INFO AURC decreased from 646.13 to 396.29!!!
2024-12-25 13:42:48,781 INFO ####### --- Training Epoch 3 --- #######
2024-12-25 13:43:08,021 INFO Epoch 3 	 Batch 99	LR : 0.00060	Tot. Loss: 0.34
2024-12-25 13:43:27,054 INFO Epoch 3 	 Batch 199	LR : 0.00060	Tot. Loss: 0.33
2024-12-25 13:43:46,056 INFO Epoch 3 	 Batch 299	LR : 0.00060	Tot. Loss: 0.32
2024-12-25 13:43:57,709 INFO ################## 
 ---> Validation Epoch 3	Acc.: 55.600	FPR: 80.856	AUROC: 74.732	AUPR: 67.180	AURC: 250.345	EAURC: 132.710	AUPR Succ.: 79.740	ECE: 17.800	NLL: 15.577	Brier: 62.199
2024-12-25 13:43:57,710 INFO Accuracy improved from 43.32 to 55.60!!!
2024-12-25 13:43:57,713 INFO AUROC improved from 68.96 to 74.73!!!
2024-12-25 13:43:57,716 INFO AURC decreased from 396.29 to 250.34!!!
2024-12-25 13:43:57,720 INFO ####### --- Training Epoch 4 --- #######
2024-12-25 13:44:14,726 INFO Epoch 4 	 Batch 99	LR : 0.00080	Tot. Loss: 0.32
2024-12-25 13:44:24,792 INFO Epoch 4 	 Batch 199	LR : 0.00080	Tot. Loss: 0.31
2024-12-25 13:44:43,797 INFO Epoch 4 	 Batch 299	LR : 0.00080	Tot. Loss: 0.31
2024-12-25 13:44:55,521 INFO ################## 
 ---> Validation Epoch 4	Acc.: 57.980	FPR: 81.771	AUROC: 76.344	AUPR: 65.715	AURC: 220.777	EAURC: 116.610	AUPR Succ.: 82.670	ECE: 17.043	NLL: 14.462	Brier: 58.762
2024-12-25 13:44:55,521 INFO Accuracy improved from 55.60 to 57.98!!!
2024-12-25 13:44:55,524 INFO AUROC improved from 74.73 to 76.34!!!
2024-12-25 13:44:55,527 INFO AURC decreased from 250.34 to 220.78!!!
2024-12-25 13:44:55,531 INFO ####### --- Training Epoch 5 --- #######
2024-12-25 13:45:14,761 INFO Epoch 5 	 Batch 99	LR : 0.00100	Tot. Loss: 0.30
2024-12-25 13:45:33,763 INFO Epoch 5 	 Batch 199	LR : 0.00100	Tot. Loss: 0.30
2024-12-25 13:45:52,767 INFO Epoch 5 	 Batch 299	LR : 0.00100	Tot. Loss: 0.29
2024-12-25 13:46:04,611 INFO ################## 
 ---> Validation Epoch 5	Acc.: 60.660	FPR: 80.275	AUROC: 75.884	AUPR: 63.283	AURC: 203.920	EAURC: 113.751	AUPR Succ.: 83.652	ECE: 16.842	NLL: 13.393	Brier: 56.233
2024-12-25 13:46:04,612 INFO Accuracy improved from 57.98 to 60.66!!!
2024-12-25 13:46:04,615 INFO AURC decreased from 220.78 to 203.92!!!
2024-12-25 13:46:04,619 INFO ####### --- Training Epoch 6 --- #######
2024-12-25 13:46:23,873 INFO Epoch 6 	 Batch 99	LR : 0.00100	Tot. Loss: 0.29
2024-12-25 13:46:42,867 INFO Epoch 6 	 Batch 199	LR : 0.00100	Tot. Loss: 0.29
2024-12-25 13:47:01,847 INFO Epoch 6 	 Batch 299	LR : 0.00100	Tot. Loss: 0.29
2024-12-25 13:47:13,458 INFO ################## 
 ---> Validation Epoch 6	Acc.: 64.940	FPR: 81.803	AUROC: 76.970	AUPR: 59.247	AURC: 166.699	EAURC: 96.449	AUPR Succ.: 86.804	ECE: 13.962	NLL: 11.684	Brier: 50.346
2024-12-25 13:47:13,459 INFO Accuracy improved from 60.66 to 64.94!!!
2024-12-25 13:47:13,462 INFO AUROC improved from 76.34 to 76.97!!!
2024-12-25 13:47:13,465 INFO AURC decreased from 203.92 to 166.70!!!
2024-12-25 13:47:13,469 INFO ####### --- Training Epoch 7 --- #######
2024-12-25 13:47:32,608 INFO Epoch 7 	 Batch 99	LR : 0.00100	Tot. Loss: 0.28
2024-12-25 13:47:51,589 INFO Epoch 7 	 Batch 199	LR : 0.00100	Tot. Loss: 0.28
2024-12-25 13:48:10,582 INFO Epoch 7 	 Batch 299	LR : 0.00100	Tot. Loss: 0.28
2024-12-25 13:48:22,325 INFO ################## 
 ---> Validation Epoch 7	Acc.: 65.660	FPR: 80.431	AUROC: 76.933	AUPR: 59.460	AURC: 161.940	EAURC: 94.758	AUPR Succ.: 87.144	ECE: 13.968	NLL: 11.430	Brier: 49.698
2024-12-25 13:48:22,325 INFO Accuracy improved from 64.94 to 65.66!!!
2024-12-25 13:48:22,329 INFO AURC decreased from 166.70 to 161.94!!!
2024-12-25 13:48:22,332 INFO ####### --- Training Epoch 8 --- #######
2024-12-25 13:48:41,702 INFO Epoch 8 	 Batch 99	LR : 0.00100	Tot. Loss: 0.28
2024-12-25 13:49:00,706 INFO Epoch 8 	 Batch 199	LR : 0.00100	Tot. Loss: 0.28
2024-12-25 13:49:19,570 INFO Epoch 8 	 Batch 299	LR : 0.00100	Tot. Loss: 0.28
2024-12-25 13:49:31,335 INFO ################## 
 ---> Validation Epoch 8	Acc.: 67.280	FPR: 80.746	AUROC: 77.916	AUPR: 58.899	AURC: 146.654	EAURC: 86.090	AUPR Succ.: 88.508	ECE: 12.962	NLL: 10.721	Brier: 47.322
2024-12-25 13:49:31,335 INFO Accuracy improved from 65.66 to 67.28!!!
2024-12-25 13:49:31,338 INFO AUROC improved from 76.97 to 77.92!!!
2024-12-25 13:49:31,341 INFO AURC decreased from 161.94 to 146.65!!!
2024-12-25 13:49:31,345 INFO ####### --- Training Epoch 9 --- #######
2024-12-25 13:49:50,663 INFO Epoch 9 	 Batch 99	LR : 0.00100	Tot. Loss: 0.28
2024-12-25 13:50:06,122 INFO Epoch 9 	 Batch 199	LR : 0.00100	Tot. Loss: 0.28
2024-12-25 13:50:18,531 INFO Epoch 9 	 Batch 299	LR : 0.00100	Tot. Loss: 0.28
2024-12-25 13:50:30,141 INFO ################## 
 ---> Validation Epoch 9	Acc.: 66.920	FPR: 80.351	AUROC: 77.872	AUPR: 58.864	AURC: 149.208	EAURC: 87.207	AUPR Succ.: 88.311	ECE: 13.123	NLL: 10.856	Brier: 47.598
2024-12-25 13:50:30,143 INFO ####### --- Training Epoch 10 --- #######
2024-12-25 13:50:49,379 INFO Epoch 10 	 Batch 99	LR : 0.00100	Tot. Loss: 0.28
2024-12-25 13:51:08,328 INFO Epoch 10 	 Batch 199	LR : 0.00100	Tot. Loss: 0.27
2024-12-25 13:51:27,283 INFO Epoch 10 	 Batch 299	LR : 0.00100	Tot. Loss: 0.27
2024-12-25 13:51:38,927 INFO ################## 
 ---> Validation Epoch 10	Acc.: 69.100	FPR: 72.880	AUROC: 79.447	AUPR: 60.107	AURC: 129.852	EAURC: 76.256	AUPR Succ.: 89.969	ECE: 12.211	NLL: 9.991	Brier: 44.266
2024-12-25 13:51:38,928 INFO Accuracy improved from 67.28 to 69.10!!!
2024-12-25 13:51:38,931 INFO AUROC improved from 77.92 to 79.45!!!
2024-12-25 13:51:38,934 INFO AURC decreased from 146.65 to 129.85!!!
2024-12-25 13:51:38,938 INFO ####### --- Training Epoch 11 --- #######
2024-12-25 13:51:58,155 INFO Epoch 11 	 Batch 99	LR : 0.00100	Tot. Loss: 0.27
2024-12-25 13:52:17,115 INFO Epoch 11 	 Batch 199	LR : 0.00100	Tot. Loss: 0.27
2024-12-25 13:52:36,078 INFO Epoch 11 	 Batch 299	LR : 0.00100	Tot. Loss: 0.27
2024-12-25 13:52:47,669 INFO ################## 
 ---> Validation Epoch 11	Acc.: 66.600	FPR: 80.180	AUROC: 76.876	AUPR: 58.030	AURC: 155.208	EAURC: 91.914	AUPR Succ.: 87.679	ECE: 14.726	NLL: 11.068	Brier: 48.896
2024-12-25 13:52:47,670 INFO ####### --- Training Epoch 12 --- #######
2024-12-25 13:53:06,937 INFO Epoch 12 	 Batch 99	LR : 0.00100	Tot. Loss: 0.27
2024-12-25 13:53:25,898 INFO Epoch 12 	 Batch 199	LR : 0.00100	Tot. Loss: 0.27
2024-12-25 13:53:44,859 INFO Epoch 12 	 Batch 299	LR : 0.00100	Tot. Loss: 0.27
2024-12-25 13:53:56,511 INFO ################## 
 ---> Validation Epoch 12	Acc.: 67.920	FPR: 79.988	AUROC: 77.840	AUPR: 57.193	AURC: 142.632	EAURC: 84.573	AUPR Succ.: 88.799	ECE: 13.664	NLL: 10.566	Brier: 46.727
2024-12-25 13:53:56,513 INFO ####### --- Training Epoch 13 --- #######
2024-12-25 13:54:15,740 INFO Epoch 13 	 Batch 99	LR : 0.00100	Tot. Loss: 0.27
2024-12-25 13:54:34,698 INFO Epoch 13 	 Batch 199	LR : 0.00100	Tot. Loss: 0.27
2024-12-25 13:54:53,671 INFO Epoch 13 	 Batch 299	LR : 0.00100	Tot. Loss: 0.27
2024-12-25 13:55:05,342 INFO ################## 
 ---> Validation Epoch 13	Acc.: 68.560	FPR: 79.135	AUROC: 78.813	AUPR: 58.902	AURC: 134.622	EAURC: 79.009	AUPR Succ.: 89.583	ECE: 13.001	NLL: 10.190	Brier: 45.449
2024-12-25 13:55:05,343 INFO ####### --- Training Epoch 14 --- #######
2024-12-25 13:55:24,738 INFO Epoch 14 	 Batch 99	LR : 0.00100	Tot. Loss: 0.27
2024-12-25 13:55:43,706 INFO Epoch 14 	 Batch 199	LR : 0.00100	Tot. Loss: 0.27
2024-12-25 13:55:57,381 INFO Epoch 14 	 Batch 299	LR : 0.00100	Tot. Loss: 0.27
2024-12-25 13:56:03,296 INFO ################## 
 ---> Validation Epoch 14	Acc.: 68.520	FPR: 77.319	AUROC: 78.462	AUPR: 58.956	AURC: 136.427	EAURC: 80.664	AUPR Succ.: 89.365	ECE: 13.182	NLL: 10.259	Brier: 45.523
2024-12-25 13:56:03,297 INFO ####### --- Training Epoch 15 --- #######
2024-12-25 13:56:22,351 INFO Epoch 15 	 Batch 99	LR : 0.00100	Tot. Loss: 0.27
2024-12-25 13:56:41,280 INFO Epoch 15 	 Batch 199	LR : 0.00100	Tot. Loss: 0.27
2024-12-25 13:57:00,241 INFO Epoch 15 	 Batch 299	LR : 0.00100	Tot. Loss: 0.27
2024-12-25 13:57:11,866 INFO ################## 
 ---> Validation Epoch 15	Acc.: 67.420	FPR: 80.786	AUROC: 77.662	AUPR: 57.549	AURC: 145.019	EAURC: 85.007	AUPR Succ.: 88.714	ECE: 14.618	NLL: 10.867	Brier: 47.916
2024-12-25 13:57:11,868 INFO ####### --- Training Epoch 16 --- #######
2024-12-25 13:57:31,082 INFO Epoch 16 	 Batch 99	LR : 0.00100	Tot. Loss: 0.27
2024-12-25 13:57:50,025 INFO Epoch 16 	 Batch 199	LR : 0.00100	Tot. Loss: 0.27
2024-12-25 13:58:08,972 INFO Epoch 16 	 Batch 299	LR : 0.00100	Tot. Loss: 0.27
2024-12-25 13:58:20,644 INFO ################## 
 ---> Validation Epoch 16	Acc.: 67.740	FPR: 82.083	AUROC: 76.826	AUPR: 56.574	AURC: 147.411	EAURC: 88.653	AUPR Succ.: 88.278	ECE: 14.312	NLL: 10.769	Brier: 47.655
2024-12-25 13:58:20,646 INFO ####### --- Training Epoch 17 --- #######
2024-12-25 13:58:39,985 INFO Epoch 17 	 Batch 99	LR : 0.00100	Tot. Loss: 0.27
2024-12-25 13:58:58,942 INFO Epoch 17 	 Batch 199	LR : 0.00100	Tot. Loss: 0.27
2024-12-25 13:59:17,885 INFO Epoch 17 	 Batch 299	LR : 0.00100	Tot. Loss: 0.27
2024-12-25 13:59:29,452 INFO ################## 
 ---> Validation Epoch 17	Acc.: 68.640	FPR: 79.528	AUROC: 77.822	AUPR: 57.753	AURC: 137.498	EAURC: 82.187	AUPR Succ.: 89.214	ECE: 13.606	NLL: 10.380	Brier: 46.144
2024-12-25 13:59:29,454 INFO ####### --- Training Epoch 18 --- #######
2024-12-25 13:59:48,766 INFO Epoch 18 	 Batch 99	LR : 0.00100	Tot. Loss: 0.27
2024-12-25 14:00:07,707 INFO Epoch 18 	 Batch 199	LR : 0.00100	Tot. Loss: 0.27
2024-12-25 14:00:26,642 INFO Epoch 18 	 Batch 299	LR : 0.00100	Tot. Loss: 0.27
2024-12-25 14:00:38,267 INFO ################## 
 ---> Validation Epoch 18	Acc.: 68.300	FPR: 75.016	AUROC: 78.874	AUPR: 59.832	AURC: 136.479	EAURC: 79.880	AUPR Succ.: 89.426	ECE: 13.830	NLL: 10.075	Brier: 45.329
2024-12-25 14:00:38,268 INFO ####### --- Training Epoch 19 --- #######
2024-12-25 14:00:57,467 INFO Epoch 19 	 Batch 99	LR : 0.00100	Tot. Loss: 0.27
2024-12-25 14:01:16,391 INFO Epoch 19 	 Batch 199	LR : 0.00100	Tot. Loss: 0.27
2024-12-25 14:01:35,315 INFO Epoch 19 	 Batch 299	LR : 0.00100	Tot. Loss: 0.27
2024-12-25 14:01:44,962 INFO ################## 
 ---> Validation Epoch 19	Acc.: 68.200	FPR: 81.321	AUROC: 77.261	AUPR: 55.878	AURC: 141.849	EAURC: 84.868	AUPR Succ.: 88.841	ECE: 14.200	NLL: 10.617	Brier: 47.047
2024-12-25 14:01:44,964 INFO ####### --- Training Epoch 20 --- #######
2024-12-25 14:01:55,149 INFO Epoch 20 	 Batch 99	LR : 0.00099	Tot. Loss: 0.27
2024-12-25 14:02:14,064 INFO Epoch 20 	 Batch 199	LR : 0.00099	Tot. Loss: 0.26
2024-12-25 14:02:32,996 INFO Epoch 20 	 Batch 299	LR : 0.00099	Tot. Loss: 0.27
2024-12-25 14:02:44,561 INFO ################## 
 ---> Validation Epoch 20	Acc.: 69.240	FPR: 81.664	AUROC: 77.676	AUPR: 55.765	AURC: 133.086	EAURC: 80.007	AUPR Succ.: 89.601	ECE: 13.558	NLL: 10.264	Brier: 45.740
2024-12-25 14:02:44,562 INFO Accuracy improved from 69.10 to 69.24!!!
2024-12-25 14:02:44,566 INFO ####### --- Training Epoch 21 --- #######
2024-12-25 14:03:03,667 INFO Epoch 21 	 Batch 99	LR : 0.00099	Tot. Loss: 0.27
2024-12-25 14:03:22,602 INFO Epoch 21 	 Batch 199	LR : 0.00099	Tot. Loss: 0.26
2024-12-25 14:03:41,536 INFO Epoch 21 	 Batch 299	LR : 0.00099	Tot. Loss: 0.26
2024-12-25 14:03:53,215 INFO ################## 
 ---> Validation Epoch 21	Acc.: 69.400	FPR: 83.007	AUROC: 77.058	AUPR: 54.323	AURC: 134.559	EAURC: 82.065	AUPR Succ.: 89.365	ECE: 13.228	NLL: 10.075	Brier: 45.588
2024-12-25 14:03:53,216 INFO Accuracy improved from 69.24 to 69.40!!!
2024-12-25 14:03:53,220 INFO ####### --- Training Epoch 22 --- #######
2024-12-25 14:04:12,370 INFO Epoch 22 	 Batch 99	LR : 0.00099	Tot. Loss: 0.26
2024-12-25 14:04:31,316 INFO Epoch 22 	 Batch 199	LR : 0.00099	Tot. Loss: 0.26
2024-12-25 14:04:50,255 INFO Epoch 22 	 Batch 299	LR : 0.00099	Tot. Loss: 0.26
2024-12-25 14:05:01,964 INFO ################## 
 ---> Validation Epoch 22	Acc.: 70.340	FPR: 77.343	AUROC: 79.098	AUPR: 58.047	AURC: 121.363	EAURC: 72.240	AUPR Succ.: 90.680	ECE: 12.289	NLL: 9.500	Brier: 43.242
2024-12-25 14:05:01,965 INFO Accuracy improved from 69.40 to 70.34!!!
2024-12-25 14:05:01,968 INFO AURC decreased from 129.85 to 121.36!!!
2024-12-25 14:05:01,972 INFO ####### --- Training Epoch 23 --- #######
2024-12-25 14:05:21,281 INFO Epoch 23 	 Batch 99	LR : 0.00099	Tot. Loss: 0.26
2024-12-25 14:05:40,218 INFO Epoch 23 	 Batch 199	LR : 0.00099	Tot. Loss: 0.26
2024-12-25 14:05:59,172 INFO Epoch 23 	 Batch 299	LR : 0.00099	Tot. Loss: 0.26
2024-12-25 14:06:10,792 INFO ################## 
 ---> Validation Epoch 23	Acc.: 69.180	FPR: 79.753	AUROC: 78.519	AUPR: 56.791	AURC: 130.382	EAURC: 77.081	AUPR Succ.: 89.945	ECE: 13.076	NLL: 9.994	Brier: 44.969
2024-12-25 14:06:10,793 INFO ####### --- Training Epoch 24 --- #######
2024-12-25 14:06:29,999 INFO Epoch 24 	 Batch 99	LR : 0.00099	Tot. Loss: 0.26
2024-12-25 14:06:48,933 INFO Epoch 24 	 Batch 199	LR : 0.00099	Tot. Loss: 0.26
2024-12-25 14:07:07,854 INFO Epoch 24 	 Batch 299	LR : 0.00099	Tot. Loss: 0.26
2024-12-25 14:07:19,440 INFO ################## 
 ---> Validation Epoch 24	Acc.: 69.680	FPR: 76.451	AUROC: 79.797	AUPR: 57.803	AURC: 123.781	EAURC: 72.305	AUPR Succ.: 90.565	ECE: 12.931	NLL: 9.491	Brier: 43.149
2024-12-25 14:07:19,440 INFO AUROC improved from 79.45 to 79.80!!!
2024-12-25 14:07:19,444 INFO ####### --- Training Epoch 25 --- #######
2024-12-25 14:07:36,247 INFO Epoch 25 	 Batch 99	LR : 0.00099	Tot. Loss: 0.26
2024-12-25 14:07:46,487 INFO Epoch 25 	 Batch 199	LR : 0.00099	Tot. Loss: 0.26
2024-12-25 14:08:05,406 INFO Epoch 25 	 Batch 299	LR : 0.00099	Tot. Loss: 0.26
2024-12-25 14:08:17,033 INFO ################## 
 ---> Validation Epoch 25	Acc.: 68.360	FPR: 80.657	AUROC: 77.857	AUPR: 57.541	AURC: 138.697	EAURC: 82.326	AUPR Succ.: 89.170	ECE: 13.923	NLL: 10.350	Brier: 46.303
2024-12-25 14:08:17,036 INFO ####### --- Training Epoch 26 --- #######
2024-12-25 14:08:36,174 INFO Epoch 26 	 Batch 99	LR : 0.00099	Tot. Loss: 0.26
2024-12-25 14:08:55,106 INFO Epoch 26 	 Batch 199	LR : 0.00099	Tot. Loss: 0.26
2024-12-25 14:09:14,024 INFO Epoch 26 	 Batch 299	LR : 0.00099	Tot. Loss: 0.26
2024-12-25 14:09:25,658 INFO ################## 
 ---> Validation Epoch 26	Acc.: 70.000	FPR: 78.867	AUROC: 78.860	AUPR: 56.869	AURC: 125.162	EAURC: 74.834	AUPR Succ.: 90.298	ECE: 12.209	NLL: 9.505	Brier: 43.359
2024-12-25 14:09:25,659 INFO ####### --- Training Epoch 27 --- #######
2024-12-25 14:09:44,845 INFO Epoch 27 	 Batch 99	LR : 0.00099	Tot. Loss: 0.26
2024-12-25 14:10:03,765 INFO Epoch 27 	 Batch 199	LR : 0.00099	Tot. Loss: 0.26
2024-12-25 14:10:22,680 INFO Epoch 27 	 Batch 299	LR : 0.00099	Tot. Loss: 0.26
2024-12-25 14:10:34,216 INFO ################## 
 ---> Validation Epoch 27	Acc.: 69.000	FPR: 80.774	AUROC: 77.713	AUPR: 55.499	AURC: 135.564	EAURC: 81.598	AUPR Succ.: 89.338	ECE: 13.717	NLL: 10.240	Brier: 45.580
2024-12-25 14:10:34,217 INFO ####### --- Training Epoch 28 --- #######
2024-12-25 14:10:53,510 INFO Epoch 28 	 Batch 99	LR : 0.00099	Tot. Loss: 0.26
2024-12-25 14:11:17,459 INFO {
    "attn_type": "kep_svgp",
    "backbone": "mlp",
    "batch_size": 128,
    "beta1": 0.9,
    "beta2": 0.999,
    "concate": true,
    "corruption_dir": "./data",
    "dataset": "cifar10",
    "depth": 7,
    "eta_kl": 1.0,
    "eta_ksvd": 10.0,
    "gpu": "1",
    "hdim": 384,
    "ksvd_layers": 7,
    "low_rank": 10,
    "lr": 0.001,
    "min_lr": 1e-05,
    "model": "diffusion",
    "nb_cls": 10,
    "nb_epochs": 300,
    "nb_run": 1,
    "nb_worker": 4,
    "num_heads": 12,
    "pretrained_dir": "../experiments/CIFAR10_out/vit_out_cat",
    "rank_multi": 10,
    "save_dir": "../experiments/CIFAR10_out/diffusion",
    "seed": 0,
    "stage": 1,
    "subcommand": "Cifar10",
    "test_dir": "../data/CIFAR10/test",
    "train_dir": "../data/CIFAR10/train",
    "val_dir": "../data/CIFAR10/val",
    "wandb_key": "6cf7b84d1bd52c9eb1e5eade43f583a8059231f2",
    "warmup_epoch": 5,
    "weight_decay": 5e-05
}
2024-12-25 14:11:17,622 INFO ####################################################################################################
1 / 1 Running
2024-12-25 14:11:17,632 INFO Using diffusion ...
2024-12-25 14:11:22,472 INFO Using q_distribution ...
2024-12-25 14:11:22,669 INFO ####### --- Training Epoch 0 --- #######
2024-12-25 14:11:49,490 INFO Epoch 0 	 Batch 99	LR : 0.00000	Tot. Loss: 0.76
2024-12-25 14:12:15,985 INFO Epoch 0 	 Batch 199	LR : 0.00000	Tot. Loss: 0.76
2024-12-25 14:12:42,485 INFO Epoch 0 	 Batch 299	LR : 0.00000	Tot. Loss: 0.76
2024-12-25 14:12:58,927 INFO ################## 
 ---> Validation Epoch 0	Acc.: 16.420	FPR: 91.122	AUROC: 62.060	AUPR: 87.798	AURC: 767.596	EAURC: 228.451	AUPR Succ.: 26.299	ECE: 61.522	NLL: 99.081	Brier: 138.276
2024-12-25 14:12:58,927 INFO Accuracy improved from 0.00 to 16.42!!!
2024-12-25 14:12:58,935 INFO AUROC improved from 0.00 to 62.06!!!
2024-12-25 14:12:58,942 INFO AURC decreased from 1000000.00 to 767.60!!!
2024-12-25 14:12:58,949 INFO ####### --- Training Epoch 1 --- #######
2024-12-25 14:13:24,482 INFO Epoch 1 	 Batch 99	LR : 0.00020	Tot. Loss: 0.61
2024-12-25 14:13:44,059 INFO Epoch 1 	 Batch 199	LR : 0.00020	Tot. Loss: 0.46
2024-12-25 14:14:10,558 INFO Epoch 1 	 Batch 299	LR : 0.00020	Tot. Loss: 0.40
2024-12-25 14:14:26,860 INFO ################## 
 ---> Validation Epoch 1	Acc.: 35.680	FPR: 87.096	AUROC: 66.412	AUPR: 76.324	AURC: 498.565	EAURC: 223.076	AUPR Succ.: 55.645	ECE: 30.614	NLL: 28.223	Brier: 90.327
2024-12-25 14:14:26,861 INFO Accuracy improved from 16.42 to 35.68!!!
2024-12-25 14:14:26,870 INFO AUROC improved from 62.06 to 66.41!!!
2024-12-25 14:14:26,878 INFO AURC decreased from 767.60 to 498.56!!!
2024-12-25 14:14:26,886 INFO ####### --- Training Epoch 2 --- #######
2024-12-25 14:14:53,681 INFO Epoch 2 	 Batch 99	LR : 0.00040	Tot. Loss: 0.35
2024-12-25 14:15:20,289 INFO Epoch 2 	 Batch 199	LR : 0.00040	Tot. Loss: 0.32
2024-12-25 14:15:46,776 INFO Epoch 2 	 Batch 299	LR : 0.00040	Tot. Loss: 0.30
2024-12-25 14:16:03,114 INFO ################## 
 ---> Validation Epoch 2	Acc.: 55.660	FPR: 82.454	AUROC: 74.899	AUPR: 66.947	AURC: 246.811	EAURC: 129.528	AUPR Succ.: 80.282	ECE: 19.066	NLL: 15.683	Brier: 62.364
2024-12-25 14:16:03,115 INFO Accuracy improved from 35.68 to 55.66!!!
2024-12-25 14:16:03,123 INFO AUROC improved from 66.41 to 74.90!!!
2024-12-25 14:16:03,162 INFO AURC decreased from 498.56 to 246.81!!!
2024-12-25 14:16:03,172 INFO ####### --- Training Epoch 3 --- #######
2024-12-25 14:16:29,957 INFO Epoch 3 	 Batch 99	LR : 0.00060	Tot. Loss: 0.29
2024-12-25 14:16:56,461 INFO Epoch 3 	 Batch 199	LR : 0.00060	Tot. Loss: 0.27
2024-12-25 14:17:22,939 INFO Epoch 3 	 Batch 299	LR : 0.00060	Tot. Loss: 0.27
2024-12-25 14:17:39,303 INFO ################## 
 ---> Validation Epoch 3	Acc.: 66.360	FPR: 79.370	AUROC: 77.327	AUPR: 58.795	AURC: 155.118	EAURC: 90.845	AUPR Succ.: 87.768	ECE: 13.408	NLL: 11.108	Brier: 48.529
2024-12-25 14:17:39,304 INFO Accuracy improved from 55.66 to 66.36!!!
2024-12-25 14:17:39,312 INFO AUROC improved from 74.90 to 77.33!!!
2024-12-25 14:17:39,320 INFO AURC decreased from 246.81 to 155.12!!!
2024-12-25 14:17:39,328 INFO ####### --- Training Epoch 4 --- #######
2024-12-25 14:18:06,104 INFO Epoch 4 	 Batch 99	LR : 0.00080	Tot. Loss: 0.25
2024-12-25 14:18:32,587 INFO Epoch 4 	 Batch 199	LR : 0.00080	Tot. Loss: 0.25
2024-12-25 14:18:59,075 INFO Epoch 4 	 Batch 299	LR : 0.00080	Tot. Loss: 0.24
2024-12-25 14:19:15,509 INFO ################## 
 ---> Validation Epoch 4	Acc.: 71.380	FPR: 78.896	AUROC: 79.192	AUPR: 56.148	AURC: 116.544	EAURC: 71.003	AUPR Succ.: 90.908	ECE: 11.185	NLL: 9.299	Brier: 41.644
2024-12-25 14:19:15,510 INFO Accuracy improved from 66.36 to 71.38!!!
2024-12-25 14:19:15,519 INFO AUROC improved from 77.33 to 79.19!!!
2024-12-25 14:19:15,526 INFO AURC decreased from 155.12 to 116.54!!!
2024-12-25 14:19:15,534 INFO ####### --- Training Epoch 5 --- #######
2024-12-25 14:19:42,408 INFO Epoch 5 	 Batch 99	LR : 0.00100	Tot. Loss: 0.24
2024-12-25 14:20:01,052 INFO Epoch 5 	 Batch 199	LR : 0.00100	Tot. Loss: 0.23
2024-12-25 14:20:25,967 INFO Epoch 5 	 Batch 299	LR : 0.00100	Tot. Loss: 0.23
2024-12-25 14:20:42,375 INFO ################## 
 ---> Validation Epoch 5	Acc.: 74.220	FPR: 75.019	AUROC: 80.714	AUPR: 55.585	AURC: 95.408	EAURC: 58.885	AUPR Succ.: 92.659	ECE: 10.157	NLL: 8.397	Brier: 37.887
2024-12-25 14:20:42,375 INFO Accuracy improved from 71.38 to 74.22!!!
2024-12-25 14:20:42,384 INFO AUROC improved from 79.19 to 80.71!!!
2024-12-25 14:20:42,391 INFO AURC decreased from 116.54 to 95.41!!!
2024-12-25 14:20:42,399 INFO ####### --- Training Epoch 6 --- #######
2024-12-25 14:21:09,243 INFO Epoch 6 	 Batch 99	LR : 0.00100	Tot. Loss: 0.23
2024-12-25 14:21:35,871 INFO Epoch 6 	 Batch 199	LR : 0.00100	Tot. Loss: 0.22
2024-12-25 14:22:02,383 INFO Epoch 6 	 Batch 299	LR : 0.00100	Tot. Loss: 0.22
2024-12-25 14:22:18,760 INFO ################## 
 ---> Validation Epoch 6	Acc.: 73.000	FPR: 75.704	AUROC: 80.139	AUPR: 56.049	AURC: 103.669	EAURC: 63.408	AUPR Succ.: 92.008	ECE: 11.364	NLL: 8.838	Brier: 39.776
2024-12-25 14:22:18,762 INFO ####### --- Training Epoch 7 --- #######
2024-12-25 14:22:45,667 INFO Epoch 7 	 Batch 99	LR : 0.00100	Tot. Loss: 0.22
2024-12-25 14:23:12,150 INFO Epoch 7 	 Batch 199	LR : 0.00100	Tot. Loss: 0.22
2024-12-25 14:23:38,664 INFO Epoch 7 	 Batch 299	LR : 0.00100	Tot. Loss: 0.22
2024-12-25 14:23:54,980 INFO ################## 
 ---> Validation Epoch 7	Acc.: 74.120	FPR: 75.502	AUROC: 80.908	AUPR: 56.927	AURC: 95.752	EAURC: 58.931	AUPR Succ.: 92.636	ECE: 10.118	NLL: 8.412	Brier: 37.894
2024-12-25 14:23:54,980 INFO AUROC improved from 80.71 to 80.91!!!
2024-12-25 14:23:54,990 INFO ####### --- Training Epoch 8 --- #######
2024-12-25 14:24:21,838 INFO Epoch 8 	 Batch 99	LR : 0.00100	Tot. Loss: 0.21
2024-12-25 14:24:48,340 INFO Epoch 8 	 Batch 199	LR : 0.00100	Tot. Loss: 0.21
2024-12-25 14:25:14,868 INFO Epoch 8 	 Batch 299	LR : 0.00100	Tot. Loss: 0.21
2024-12-25 14:25:31,309 INFO ################## 
 ---> Validation Epoch 8	Acc.: 76.520	FPR: 75.724	AUROC: 81.186	AUPR: 52.253	AURC: 81.958	EAURC: 51.939	AUPR Succ.: 93.677	ECE: 8.389	NLL: 7.647	Brier: 34.967
2024-12-25 14:25:31,309 INFO Accuracy improved from 74.22 to 76.52!!!
2024-12-25 14:25:31,318 INFO AUROC improved from 80.91 to 81.19!!!
2024-12-25 14:25:31,325 INFO AURC decreased from 95.41 to 81.96!!!
2024-12-25 14:25:31,333 INFO ####### --- Training Epoch 9 --- #######
2024-12-25 14:25:58,213 INFO Epoch 9 	 Batch 99	LR : 0.00100	Tot. Loss: 0.21
2024-12-25 14:26:23,671 INFO Epoch 9 	 Batch 199	LR : 0.00100	Tot. Loss: 0.21
2024-12-25 14:26:42,951 INFO Epoch 9 	 Batch 299	LR : 0.00100	Tot. Loss: 0.21
2024-12-25 14:26:59,376 INFO ################## 
 ---> Validation Epoch 9	Acc.: 73.780	FPR: 75.439	AUROC: 80.840	AUPR: 55.584	AURC: 96.785	EAURC: 58.937	AUPR Succ.: 92.626	ECE: 11.208	NLL: 8.469	Brier: 38.608
2024-12-25 14:26:59,378 INFO ####### --- Training Epoch 10 --- #######
2024-12-25 14:27:26,335 INFO Epoch 10 	 Batch 99	LR : 0.00100	Tot. Loss: 0.21
2024-12-25 14:27:52,869 INFO Epoch 10 	 Batch 199	LR : 0.00100	Tot. Loss: 0.21
2024-12-25 14:28:19,573 INFO Epoch 10 	 Batch 299	LR : 0.00100	Tot. Loss: 0.21
2024-12-25 14:28:35,926 INFO ################## 
 ---> Validation Epoch 10	Acc.: 75.880	FPR: 74.461	AUROC: 81.465	AUPR: 53.981	AURC: 84.362	EAURC: 52.603	AUPR Succ.: 93.548	ECE: 9.722	NLL: 7.712	Brier: 35.598
2024-12-25 14:28:35,927 INFO AUROC improved from 81.19 to 81.46!!!
2024-12-25 14:28:35,936 INFO ####### --- Training Epoch 11 --- #######
2024-12-25 14:29:02,910 INFO Epoch 11 	 Batch 99	LR : 0.00100	Tot. Loss: 0.21
2024-12-25 14:29:29,439 INFO Epoch 11 	 Batch 199	LR : 0.00100	Tot. Loss: 0.21
2024-12-25 14:29:55,980 INFO Epoch 11 	 Batch 299	LR : 0.00100	Tot. Loss: 0.21
2024-12-25 14:30:12,300 INFO ################## 
 ---> Validation Epoch 11	Acc.: 76.980	FPR: 76.021	AUROC: 82.136	AUPR: 52.301	AURC: 76.929	EAURC: 48.127	AUPR Succ.: 94.159	ECE: 8.392	NLL: 7.287	Brier: 33.850
2024-12-25 14:30:12,301 INFO Accuracy improved from 76.52 to 76.98!!!
2024-12-25 14:30:12,309 INFO AUROC improved from 81.46 to 82.14!!!
2024-12-25 14:30:12,317 INFO AURC decreased from 81.96 to 76.93!!!
2024-12-25 14:30:12,325 INFO ####### --- Training Epoch 12 --- #######
2024-12-25 14:30:39,151 INFO Epoch 12 	 Batch 99	LR : 0.00100	Tot. Loss: 0.21
2024-12-25 14:31:05,674 INFO Epoch 12 	 Batch 199	LR : 0.00100	Tot. Loss: 0.21
2024-12-25 14:31:32,215 INFO Epoch 12 	 Batch 299	LR : 0.00100	Tot. Loss: 0.21
2024-12-25 14:31:48,582 INFO ################## 
 ---> Validation Epoch 12	Acc.: 76.400	FPR: 74.831	AUROC: 81.480	AUPR: 53.423	AURC: 81.881	EAURC: 51.540	AUPR Succ.: 93.709	ECE: 8.953	NLL: 7.594	Brier: 34.998
2024-12-25 14:31:48,584 INFO ####### --- Training Epoch 13 --- #######
2024-12-25 14:32:15,619 INFO Epoch 13 	 Batch 99	LR : 0.00100	Tot. Loss: 0.21
2024-12-25 14:32:42,174 INFO Epoch 13 	 Batch 199	LR : 0.00100	Tot. Loss: 0.20
2024-12-25 14:33:01,035 INFO Epoch 13 	 Batch 299	LR : 0.00100	Tot. Loss: 0.20
2024-12-25 14:33:15,562 INFO ################## 
 ---> Validation Epoch 13	Acc.: 75.860	FPR: 70.588	AUROC: 82.371	AUPR: 54.811	AURC: 81.428	EAURC: 49.615	AUPR Succ.: 93.907	ECE: 9.492	NLL: 7.612	Brier: 35.201
2024-12-25 14:33:15,562 INFO AUROC improved from 82.14 to 82.37!!!
2024-12-25 14:33:15,571 INFO ####### --- Training Epoch 14 --- #######
2024-12-25 14:33:42,462 INFO Epoch 14 	 Batch 99	LR : 0.00100	Tot. Loss: 0.20
2024-12-25 14:34:09,026 INFO Epoch 14 	 Batch 199	LR : 0.00100	Tot. Loss: 0.20
2024-12-25 14:34:35,585 INFO Epoch 14 	 Batch 299	LR : 0.00100	Tot. Loss: 0.20
2024-12-25 14:34:52,119 INFO ################## 
 ---> Validation Epoch 14	Acc.: 77.400	FPR: 72.920	AUROC: 82.843	AUPR: 54.690	AURC: 72.891	EAURC: 45.177	AUPR Succ.: 94.532	ECE: 8.411	NLL: 7.061	Brier: 32.878
2024-12-25 14:34:52,120 INFO Accuracy improved from 76.98 to 77.40!!!
2024-12-25 14:34:52,132 INFO AUROC improved from 82.37 to 82.84!!!
2024-12-25 14:34:52,143 INFO AURC decreased from 76.93 to 72.89!!!
2024-12-25 14:34:52,155 INFO ####### --- Training Epoch 15 --- #######
2024-12-25 14:35:19,139 INFO Epoch 15 	 Batch 99	LR : 0.00100	Tot. Loss: 0.20
2024-12-25 14:35:45,693 INFO Epoch 15 	 Batch 199	LR : 0.00100	Tot. Loss: 0.20
2024-12-25 14:36:12,203 INFO Epoch 15 	 Batch 299	LR : 0.00100	Tot. Loss: 0.20
2024-12-25 14:36:28,620 INFO ################## 
 ---> Validation Epoch 15	Acc.: 77.200	FPR: 75.965	AUROC: 81.672	AUPR: 52.494	AURC: 77.186	EAURC: 48.957	AUPR Succ.: 94.077	ECE: 8.277	NLL: 7.324	Brier: 33.922
2024-12-25 14:36:28,621 INFO ####### --- Training Epoch 16 --- #######
2024-12-25 14:36:55,531 INFO Epoch 16 	 Batch 99	LR : 0.00100	Tot. Loss: 0.20
2024-12-25 14:37:22,068 INFO Epoch 16 	 Batch 199	LR : 0.00100	Tot. Loss: 0.20
2024-12-25 14:37:48,603 INFO Epoch 16 	 Batch 299	LR : 0.00100	Tot. Loss: 0.20
2024-12-25 14:38:04,913 INFO ################## 
 ---> Validation Epoch 16	Acc.: 77.240	FPR: 75.747	AUROC: 82.081	AUPR: 52.678	AURC: 75.974	EAURC: 47.849	AUPR Succ.: 94.206	ECE: 8.712	NLL: 7.279	Brier: 33.625
2024-12-25 14:38:04,914 INFO ####### --- Training Epoch 17 --- #######
2024-12-25 14:38:31,796 INFO Epoch 17 	 Batch 99	LR : 0.00100	Tot. Loss: 0.20
2024-12-25 14:38:58,335 INFO Epoch 17 	 Batch 199	LR : 0.00100	Tot. Loss: 0.20
2024-12-25 14:39:24,137 INFO Epoch 17 	 Batch 299	LR : 0.00100	Tot. Loss: 0.20
2024-12-25 14:39:32,903 INFO ################## 
 ---> Validation Epoch 17	Acc.: 77.520	FPR: 74.822	AUROC: 82.818	AUPR: 53.605	AURC: 72.682	EAURC: 45.274	AUPR Succ.: 94.525	ECE: 8.170	NLL: 7.178	Brier: 32.961
2024-12-25 14:39:32,903 INFO Accuracy improved from 77.40 to 77.52!!!
2024-12-25 14:39:32,912 INFO AURC decreased from 72.89 to 72.68!!!
2024-12-25 14:39:32,920 INFO ####### --- Training Epoch 18 --- #######
2024-12-25 14:39:59,790 INFO Epoch 18 	 Batch 99	LR : 0.00100	Tot. Loss: 0.20
2024-12-25 14:40:26,413 INFO Epoch 18 	 Batch 199	LR : 0.00100	Tot. Loss: 0.20
2024-12-25 14:40:52,944 INFO Epoch 18 	 Batch 299	LR : 0.00100	Tot. Loss: 0.20
2024-12-25 14:41:09,431 INFO ################## 
 ---> Validation Epoch 18	Acc.: 77.620	FPR: 72.475	AUROC: 83.036	AUPR: 54.505	AURC: 71.655	EAURC: 44.501	AUPR Succ.: 94.621	ECE: 8.231	NLL: 6.989	Brier: 32.486
2024-12-25 14:41:09,431 INFO Accuracy improved from 77.52 to 77.62!!!
2024-12-25 14:41:09,440 INFO AUROC improved from 82.84 to 83.04!!!
2024-12-25 14:41:09,447 INFO AURC decreased from 72.68 to 71.65!!!
2024-12-25 14:41:09,455 INFO ####### --- Training Epoch 19 --- #######
2024-12-25 14:41:36,519 INFO Epoch 19 	 Batch 99	LR : 0.00100	Tot. Loss: 0.20
2024-12-25 14:42:03,084 INFO Epoch 19 	 Batch 199	LR : 0.00100	Tot. Loss: 0.20
2024-12-25 14:42:29,639 INFO Epoch 19 	 Batch 299	LR : 0.00100	Tot. Loss: 0.20
2024-12-25 14:42:46,089 INFO ################## 
 ---> Validation Epoch 19	Acc.: 77.400	FPR: 73.186	AUROC: 82.759	AUPR: 54.511	AURC: 73.620	EAURC: 45.906	AUPR Succ.: 94.438	ECE: 8.665	NLL: 7.177	Brier: 33.050
2024-12-25 14:42:46,090 INFO ####### --- Training Epoch 20 --- #######
2024-12-25 14:43:12,966 INFO Epoch 20 	 Batch 99	LR : 0.00099	Tot. Loss: 0.20
2024-12-25 14:43:39,526 INFO Epoch 20 	 Batch 199	LR : 0.00099	Tot. Loss: 0.20
2024-12-25 14:44:06,081 INFO Epoch 20 	 Batch 299	LR : 0.00099	Tot. Loss: 0.20
2024-12-25 14:44:22,487 INFO ################## 
 ---> Validation Epoch 20	Acc.: 78.000	FPR: 75.818	AUROC: 82.376	AUPR: 50.839	AURC: 71.468	EAURC: 45.268	AUPR Succ.: 94.561	ECE: 7.896	NLL: 7.021	Brier: 32.686
2024-12-25 14:44:22,488 INFO Accuracy improved from 77.62 to 78.00!!!
2024-12-25 14:44:22,496 INFO AURC decreased from 71.65 to 71.47!!!
2024-12-25 14:44:22,506 INFO ####### --- Training Epoch 21 --- #######
2024-12-25 14:44:49,351 INFO Epoch 21 	 Batch 99	LR : 0.00099	Tot. Loss: 0.20
2024-12-25 14:45:15,956 INFO Epoch 21 	 Batch 199	LR : 0.00099	Tot. Loss: 0.20
2024-12-25 14:45:42,515 INFO Epoch 21 	 Batch 299	LR : 0.00099	Tot. Loss: 0.20
2024-12-25 14:45:56,794 INFO ################## 
 ---> Validation Epoch 21	Acc.: 77.180	FPR: 71.954	AUROC: 82.415	AUPR: 54.152	AURC: 75.553	EAURC: 47.272	AUPR Succ.: 94.264	ECE: 8.796	NLL: 7.282	Brier: 33.443
2024-12-25 14:45:56,796 INFO ####### --- Training Epoch 22 --- #######
2024-12-25 14:46:16,713 INFO Epoch 22 	 Batch 99	LR : 0.00099	Tot. Loss: 0.20
2024-12-25 14:46:43,242 INFO Epoch 22 	 Batch 199	LR : 0.00099	Tot. Loss: 0.20
2024-12-25 14:47:09,773 INFO Epoch 22 	 Batch 299	LR : 0.00099	Tot. Loss: 0.20
2024-12-25 14:47:26,094 INFO ################## 
 ---> Validation Epoch 22	Acc.: 77.620	FPR: 73.101	AUROC: 82.618	AUPR: 53.628	AURC: 72.834	EAURC: 45.681	AUPR Succ.: 94.482	ECE: 7.807	NLL: 7.131	Brier: 32.936
2024-12-25 14:47:26,095 INFO ####### --- Training Epoch 23 --- #######
2024-12-25 14:47:52,975 INFO Epoch 23 	 Batch 99	LR : 0.00099	Tot. Loss: 0.20
2024-12-25 14:48:19,824 INFO Epoch 23 	 Batch 199	LR : 0.00099	Tot. Loss: 0.20
2024-12-25 14:48:46,373 INFO Epoch 23 	 Batch 299	LR : 0.00099	Tot. Loss: 0.20
2024-12-25 14:49:02,678 INFO ################## 
 ---> Validation Epoch 23	Acc.: 78.600	FPR: 74.766	AUROC: 81.981	AUPR: 50.886	AURC: 70.192	EAURC: 45.460	AUPR Succ.: 94.568	ECE: 7.467	NLL: 6.916	Brier: 31.988
2024-12-25 14:49:02,678 INFO Accuracy improved from 78.00 to 78.60!!!
2024-12-25 14:49:02,687 INFO AURC decreased from 71.47 to 70.19!!!
2024-12-25 14:49:02,695 INFO ####### --- Training Epoch 24 --- #######
2024-12-25 14:49:29,590 INFO Epoch 24 	 Batch 99	LR : 0.00099	Tot. Loss: 0.20
2024-12-25 14:49:56,134 INFO Epoch 24 	 Batch 199	LR : 0.00099	Tot. Loss: 0.20
2024-12-25 14:50:22,683 INFO Epoch 24 	 Batch 299	LR : 0.00099	Tot. Loss: 0.20
2024-12-25 14:50:39,117 INFO ################## 
 ---> Validation Epoch 24	Acc.: 77.100	FPR: 68.472	AUROC: 83.339	AUPR: 56.283	AURC: 73.098	EAURC: 44.609	AUPR Succ.: 94.575	ECE: 9.104	NLL: 7.231	Brier: 33.297
2024-12-25 14:50:39,117 INFO AUROC improved from 83.04 to 83.34!!!
2024-12-25 14:50:39,126 INFO ####### --- Training Epoch 25 --- #######
2024-12-25 14:51:05,983 INFO Epoch 25 	 Batch 99	LR : 0.00099	Tot. Loss: 0.20
2024-12-25 14:51:32,475 INFO Epoch 25 	 Batch 199	LR : 0.00099	Tot. Loss: 0.20
2024-12-25 14:51:58,957 INFO Epoch 25 	 Batch 299	LR : 0.00099	Tot. Loss: 0.20
2024-12-25 14:52:15,278 INFO ################## 
 ---> Validation Epoch 25	Acc.: 77.480	FPR: 72.202	AUROC: 82.460	AUPR: 53.280	AURC: 74.063	EAURC: 46.554	AUPR Succ.: 94.367	ECE: 8.690	NLL: 7.254	Brier: 33.150
2024-12-25 14:52:15,279 INFO ####### --- Training Epoch 26 --- #######
2024-12-25 14:52:33,798 INFO Epoch 26 	 Batch 99	LR : 0.00099	Tot. Loss: 0.20
2024-12-25 14:53:00,471 INFO Epoch 26 	 Batch 199	LR : 0.00099	Tot. Loss: 0.20
2024-12-25 14:53:26,988 INFO Epoch 26 	 Batch 299	LR : 0.00099	Tot. Loss: 0.20
2024-12-25 14:53:43,508 INFO ################## 
 ---> Validation Epoch 26	Acc.: 75.560	FPR: 72.750	AUROC: 81.707	AUPR: 55.921	AURC: 85.555	EAURC: 52.906	AUPR Succ.: 93.479	ECE: 9.698	NLL: 7.882	Brier: 35.823
2024-12-25 14:53:43,509 INFO ####### --- Training Epoch 27 --- #######
2024-12-25 14:54:10,460 INFO Epoch 27 	 Batch 99	LR : 0.00099	Tot. Loss: 0.20
2024-12-25 14:54:37,004 INFO Epoch 27 	 Batch 199	LR : 0.00099	Tot. Loss: 0.20
2024-12-25 14:55:03,724 INFO Epoch 27 	 Batch 299	LR : 0.00099	Tot. Loss: 0.20
2024-12-25 14:55:20,090 INFO ################## 
 ---> Validation Epoch 27	Acc.: 78.400	FPR: 72.685	AUROC: 82.832	AUPR: 52.089	AURC: 68.566	EAURC: 43.349	AUPR Succ.: 94.805	ECE: 7.744	NLL: 6.947	Brier: 31.814
2024-12-25 14:55:20,091 INFO AURC decreased from 70.19 to 68.57!!!
2024-12-25 14:55:20,101 INFO ####### --- Training Epoch 28 --- #######
2024-12-25 14:55:47,089 INFO Epoch 28 	 Batch 99	LR : 0.00099	Tot. Loss: 0.20
2024-12-25 14:56:13,620 INFO Epoch 28 	 Batch 199	LR : 0.00099	Tot. Loss: 0.20
2024-12-25 14:56:40,130 INFO Epoch 28 	 Batch 299	LR : 0.00099	Tot. Loss: 0.20
2024-12-25 14:56:56,469 INFO ################## 
 ---> Validation Epoch 28	Acc.: 77.940	FPR: 71.170	AUROC: 83.023	AUPR: 55.929	AURC: 70.531	EAURC: 44.182	AUPR Succ.: 94.670	ECE: 7.828	NLL: 6.955	Brier: 32.144
2024-12-25 14:56:56,473 INFO ####### --- Training Epoch 29 --- #######
2024-12-25 14:57:23,303 INFO Epoch 29 	 Batch 99	LR : 0.00099	Tot. Loss: 0.20
2024-12-25 14:57:49,839 INFO Epoch 29 	 Batch 199	LR : 0.00099	Tot. Loss: 0.20
2024-12-25 14:58:16,369 INFO Epoch 29 	 Batch 299	LR : 0.00099	Tot. Loss: 0.20
2024-12-25 14:58:32,703 INFO ################## 
 ---> Validation Epoch 29	Acc.: 77.280	FPR: 73.239	AUROC: 82.695	AUPR: 55.122	AURC: 74.155	EAURC: 46.133	AUPR Succ.: 94.407	ECE: 8.017	NLL: 7.248	Brier: 33.214
2024-12-25 14:58:32,704 INFO ####### --- Training Epoch 30 --- #######
2024-12-25 14:58:57,246 INFO Epoch 30 	 Batch 99	LR : 0.00098	Tot. Loss: 0.20
2024-12-25 14:59:16,846 INFO Epoch 30 	 Batch 199	LR : 0.00098	Tot. Loss: 0.20
2024-12-25 14:59:43,361 INFO Epoch 30 	 Batch 299	LR : 0.00098	Tot. Loss: 0.20
2024-12-25 14:59:59,658 INFO ################## 
 ---> Validation Epoch 30	Acc.: 77.320	FPR: 74.603	AUROC: 82.710	AUPR: 53.023	AURC: 73.743	EAURC: 45.823	AUPR Succ.: 94.451	ECE: 8.626	NLL: 7.128	Brier: 33.228
2024-12-25 14:59:59,659 INFO ####### --- Training Epoch 31 --- #######
2024-12-25 15:00:26,449 INFO Epoch 31 	 Batch 99	LR : 0.00098	Tot. Loss: 0.20
2024-12-25 15:00:52,932 INFO Epoch 31 	 Batch 199	LR : 0.00098	Tot. Loss: 0.20
2024-12-25 15:01:19,449 INFO Epoch 31 	 Batch 299	LR : 0.00098	Tot. Loss: 0.20
2024-12-25 15:01:36,086 INFO ################## 
 ---> Validation Epoch 31	Acc.: 78.840	FPR: 72.684	AUROC: 83.171	AUPR: 51.799	AURC: 65.702	EAURC: 41.544	AUPR Succ.: 95.041	ECE: 7.390	NLL: 6.757	Brier: 31.229
2024-12-25 15:01:36,087 INFO Accuracy improved from 78.60 to 78.84!!!
2024-12-25 15:01:36,095 INFO AURC decreased from 68.57 to 65.70!!!
2024-12-25 15:01:36,103 INFO ####### --- Training Epoch 32 --- #######
2024-12-25 15:02:02,950 INFO Epoch 32 	 Batch 99	LR : 0.00098	Tot. Loss: 0.20
2024-12-25 15:02:29,471 INFO Epoch 32 	 Batch 199	LR : 0.00098	Tot. Loss: 0.20
2024-12-25 15:02:56,011 INFO Epoch 32 	 Batch 299	LR : 0.00098	Tot. Loss: 0.20
2024-12-25 15:03:12,433 INFO ################## 
 ---> Validation Epoch 32	Acc.: 77.200	FPR: 73.421	AUROC: 82.427	AUPR: 53.624	AURC: 75.430	EAURC: 47.201	AUPR Succ.: 94.274	ECE: 8.488	NLL: 7.260	Brier: 33.418
2024-12-25 15:03:12,434 INFO ####### --- Training Epoch 33 --- #######
2024-12-25 15:03:39,365 INFO Epoch 33 	 Batch 99	LR : 0.00098	Tot. Loss: 0.20
2024-12-25 15:04:05,919 INFO Epoch 33 	 Batch 199	LR : 0.00098	Tot. Loss: 0.20
2024-12-25 15:04:32,447 INFO Epoch 33 	 Batch 299	LR : 0.00098	Tot. Loss: 0.20
2024-12-25 15:04:48,741 INFO ################## 
 ---> Validation Epoch 33	Acc.: 77.260	FPR: 72.999	AUROC: 82.792	AUPR: 54.046	AURC: 74.054	EAURC: 45.980	AUPR Succ.: 94.422	ECE: 8.568	NLL: 7.217	Brier: 33.110
2024-12-25 15:04:48,743 INFO ####### --- Training Epoch 34 --- #######
2024-12-25 15:05:15,530 INFO Epoch 34 	 Batch 99	LR : 0.00098	Tot. Loss: 0.20
2024-12-25 15:05:33,680 INFO Epoch 34 	 Batch 199	LR : 0.00098	Tot. Loss: 0.20
2024-12-25 15:06:00,273 INFO Epoch 34 	 Batch 299	LR : 0.00098	Tot. Loss: 0.20
2024-12-25 15:06:16,521 INFO ################## 
 ---> Validation Epoch 34	Acc.: 77.320	FPR: 74.780	AUROC: 81.828	AUPR: 51.877	AURC: 76.643	EAURC: 48.723	AUPR Succ.: 94.103	ECE: 8.605	NLL: 7.299	Brier: 33.521
2024-12-25 15:06:16,522 INFO ####### --- Training Epoch 35 --- #######
2024-12-25 15:06:43,360 INFO Epoch 35 	 Batch 99	LR : 0.00098	Tot. Loss: 0.20
2024-12-25 15:07:09,844 INFO Epoch 35 	 Batch 199	LR : 0.00098	Tot. Loss: 0.20
2024-12-25 15:07:36,359 INFO Epoch 35 	 Batch 299	LR : 0.00098	Tot. Loss: 0.20
2024-12-25 15:07:52,793 INFO ################## 
 ---> Validation Epoch 35	Acc.: 77.060	FPR: 72.799	AUROC: 81.908	AUPR: 53.855	AURC: 77.460	EAURC: 48.867	AUPR Succ.: 94.071	ECE: 8.402	NLL: 7.490	Brier: 34.123
2024-12-25 15:07:52,795 INFO ####### --- Training Epoch 36 --- #######
2024-12-25 15:08:19,690 INFO Epoch 36 	 Batch 99	LR : 0.00098	Tot. Loss: 0.20
2024-12-25 15:08:46,215 INFO Epoch 36 	 Batch 199	LR : 0.00098	Tot. Loss: 0.20
2024-12-25 15:09:12,738 INFO Epoch 36 	 Batch 299	LR : 0.00098	Tot. Loss: 0.20
2024-12-25 15:09:29,050 INFO ################## 
 ---> Validation Epoch 36	Acc.: 78.280	FPR: 73.849	AUROC: 83.035	AUPR: 52.998	AURC: 68.664	EAURC: 43.154	AUPR Succ.: 94.819	ECE: 7.780	NLL: 6.886	Brier: 31.851
2024-12-25 15:09:29,051 INFO ####### --- Training Epoch 37 --- #######
2024-12-25 15:09:55,924 INFO Epoch 37 	 Batch 99	LR : 0.00097	Tot. Loss: 0.20
2024-12-25 15:10:22,438 INFO Epoch 37 	 Batch 199	LR : 0.00097	Tot. Loss: 0.20
2024-12-25 15:10:48,918 INFO Epoch 37 	 Batch 299	LR : 0.00097	Tot. Loss: 0.20
2024-12-25 15:11:05,324 INFO ################## 
 ---> Validation Epoch 37	Acc.: 78.480	FPR: 72.677	AUROC: 82.890	AUPR: 53.250	AURC: 68.356	EAURC: 43.334	AUPR Succ.: 94.806	ECE: 7.728	NLL: 6.930	Brier: 31.644
2024-12-25 15:11:05,325 INFO ####### --- Training Epoch 38 --- #######
2024-12-25 15:11:32,223 INFO Epoch 38 	 Batch 99	LR : 0.00097	Tot. Loss: 0.20
2024-12-25 15:11:56,750 INFO Epoch 38 	 Batch 199	LR : 0.00097	Tot. Loss: 0.20
2024-12-25 15:12:15,785 INFO Epoch 38 	 Batch 299	LR : 0.00097	Tot. Loss: 0.20
2024-12-25 15:12:32,108 INFO ################## 
 ---> Validation Epoch 38	Acc.: 78.660	FPR: 71.978	AUROC: 83.263	AUPR: 53.391	AURC: 66.419	EAURC: 41.831	AUPR Succ.: 94.994	ECE: 7.309	NLL: 6.769	Brier: 31.281
2024-12-25 15:12:32,109 INFO ####### --- Training Epoch 39 --- #######
2024-12-25 15:12:58,894 INFO Epoch 39 	 Batch 99	LR : 0.00097	Tot. Loss: 0.20
2024-12-25 15:13:25,351 INFO Epoch 39 	 Batch 199	LR : 0.00097	Tot. Loss: 0.20
2024-12-25 15:13:51,831 INFO Epoch 39 	 Batch 299	LR : 0.00097	Tot. Loss: 0.20
2024-12-25 15:14:08,196 INFO ################## 
 ---> Validation Epoch 39	Acc.: 76.860	FPR: 71.737	AUROC: 83.167	AUPR: 55.535	AURC: 74.810	EAURC: 45.694	AUPR Succ.: 94.430	ECE: 8.658	NLL: 7.222	Brier: 33.400
2024-12-25 15:14:08,198 INFO ####### --- Training Epoch 40 --- #######
2024-12-25 15:14:35,266 INFO Epoch 40 	 Batch 99	LR : 0.00097	Tot. Loss: 0.20
2024-12-25 15:15:01,751 INFO Epoch 40 	 Batch 199	LR : 0.00097	Tot. Loss: 0.20
2024-12-25 15:15:28,256 INFO Epoch 40 	 Batch 299	LR : 0.00097	Tot. Loss: 0.20
2024-12-25 15:15:44,675 INFO ################## 
 ---> Validation Epoch 40	Acc.: 79.000	FPR: 72.190	AUROC: 83.386	AUPR: 52.973	AURC: 64.785	EAURC: 41.006	AUPR Succ.: 95.105	ECE: 7.295	NLL: 6.662	Brier: 30.789
2024-12-25 15:15:44,676 INFO Accuracy improved from 78.84 to 79.00!!!
2024-12-25 15:15:44,687 INFO AUROC improved from 83.34 to 83.39!!!
2024-12-25 15:15:44,697 INFO AURC decreased from 65.70 to 64.79!!!
2024-12-25 15:15:44,715 INFO ####### --- Training Epoch 41 --- #######
2024-12-25 15:16:11,512 INFO Epoch 41 	 Batch 99	LR : 0.00097	Tot. Loss: 0.20
2024-12-25 15:16:38,003 INFO Epoch 41 	 Batch 199	LR : 0.00097	Tot. Loss: 0.20
2024-12-25 15:17:04,506 INFO Epoch 41 	 Batch 299	LR : 0.00097	Tot. Loss: 0.20
2024-12-25 15:17:21,031 INFO ################## 
 ---> Validation Epoch 41	Acc.: 78.600	FPR: 75.514	AUROC: 82.693	AUPR: 51.065	AURC: 68.390	EAURC: 43.658	AUPR Succ.: 94.776	ECE: 7.386	NLL: 6.776	Brier: 31.455
2024-12-25 15:17:21,032 INFO ####### --- Training Epoch 42 --- #######
2024-12-25 15:17:47,944 INFO Epoch 42 	 Batch 99	LR : 0.00097	Tot. Loss: 0.20
2024-12-25 15:18:14,456 INFO Epoch 42 	 Batch 199	LR : 0.00097	Tot. Loss: 0.20
2024-12-25 15:18:32,667 INFO Epoch 42 	 Batch 299	LR : 0.00097	Tot. Loss: 0.20
2024-12-25 15:18:49,303 INFO ################## 
 ---> Validation Epoch 42	Acc.: 76.840	FPR: 72.625	AUROC: 82.732	AUPR: 55.559	AURC: 76.077	EAURC: 46.908	AUPR Succ.: 94.287	ECE: 8.802	NLL: 7.308	Brier: 33.709
2024-12-25 15:18:49,304 INFO ####### --- Training Epoch 43 --- #######
2024-12-25 15:19:16,237 INFO Epoch 43 	 Batch 99	LR : 0.00096	Tot. Loss: 0.20
2024-12-25 15:19:42,819 INFO Epoch 43 	 Batch 199	LR : 0.00096	Tot. Loss: 0.20
2024-12-25 15:20:09,521 INFO Epoch 43 	 Batch 299	LR : 0.00096	Tot. Loss: 0.20
2024-12-25 15:20:26,009 INFO ################## 
 ---> Validation Epoch 43	Acc.: 78.060	FPR: 71.194	AUROC: 82.766	AUPR: 54.563	AURC: 70.544	EAURC: 44.493	AUPR Succ.: 94.645	ECE: 7.633	NLL: 7.058	Brier: 32.354
2024-12-25 15:20:26,011 INFO ####### --- Training Epoch 44 --- #######
2024-12-25 15:20:52,962 INFO Epoch 44 	 Batch 99	LR : 0.00096	Tot. Loss: 0.20
2024-12-25 15:21:19,726 INFO Epoch 44 	 Batch 199	LR : 0.00096	Tot. Loss: 0.20
2024-12-25 15:21:46,330 INFO Epoch 44 	 Batch 299	LR : 0.00096	Tot. Loss: 0.20
2024-12-25 15:22:02,796 INFO ################## 
 ---> Validation Epoch 44	Acc.: 76.500	FPR: 73.277	AUROC: 81.669	AUPR: 53.790	AURC: 81.130	EAURC: 51.058	AUPR Succ.: 93.767	ECE: 9.134	NLL: 7.458	Brier: 34.409
2024-12-25 15:22:02,798 INFO ####### --- Training Epoch 45 --- #######
2024-12-25 15:22:29,789 INFO Epoch 45 	 Batch 99	LR : 0.00096	Tot. Loss: 0.20
2024-12-25 15:22:56,399 INFO Epoch 45 	 Batch 199	LR : 0.00096	Tot. Loss: 0.20
2024-12-25 15:23:23,018 INFO Epoch 45 	 Batch 299	LR : 0.00096	Tot. Loss: 0.20
2024-12-25 15:23:39,392 INFO ################## 
 ---> Validation Epoch 45	Acc.: 77.900	FPR: 74.027	AUROC: 82.978	AUPR: 53.602	AURC: 70.326	EAURC: 43.877	AUPR Succ.: 94.715	ECE: 7.929	NLL: 6.945	Brier: 32.254
2024-12-25 15:23:39,394 INFO ####### --- Training Epoch 46 --- #######
2024-12-25 15:24:06,334 INFO Epoch 46 	 Batch 99	LR : 0.00096	Tot. Loss: 0.20
2024-12-25 15:24:32,977 INFO Epoch 46 	 Batch 199	LR : 0.00096	Tot. Loss: 0.20
2024-12-25 15:24:57,434 INFO Epoch 46 	 Batch 299	LR : 0.00096	Tot. Loss: 0.20
2024-12-25 15:25:06,776 INFO ################## 
 ---> Validation Epoch 46	Acc.: 78.180	FPR: 71.769	AUROC: 82.707	AUPR: 53.152	AURC: 70.030	EAURC: 44.275	AUPR Succ.: 94.680	ECE: 7.595	NLL: 6.917	Brier: 32.011
2024-12-25 15:25:06,777 INFO ####### --- Training Epoch 47 --- #######
2024-12-25 15:25:33,719 INFO Epoch 47 	 Batch 99	LR : 0.00096	Tot. Loss: 0.20
2024-12-25 15:26:00,323 INFO Epoch 47 	 Batch 199	LR : 0.00096	Tot. Loss: 0.20
2024-12-25 15:26:26,956 INFO Epoch 47 	 Batch 299	LR : 0.00096	Tot. Loss: 0.20
2024-12-25 15:26:43,389 INFO ################## 
 ---> Validation Epoch 47	Acc.: 77.160	FPR: 70.928	AUROC: 83.017	AUPR: 55.186	AURC: 74.069	EAURC: 45.736	AUPR Succ.: 94.440	ECE: 8.267	NLL: 7.207	Brier: 33.073
2024-12-25 15:26:43,391 INFO ####### --- Training Epoch 48 --- #######
2024-12-25 15:27:10,464 INFO Epoch 48 	 Batch 99	LR : 0.00095	Tot. Loss: 0.20
2024-12-25 15:27:37,124 INFO Epoch 48 	 Batch 199	LR : 0.00095	Tot. Loss: 0.20
2024-12-25 15:28:03,839 INFO Epoch 48 	 Batch 299	LR : 0.00095	Tot. Loss: 0.20
2024-12-25 15:28:20,390 INFO ################## 
 ---> Validation Epoch 48	Acc.: 77.880	FPR: 74.141	AUROC: 82.752	AUPR: 52.643	AURC: 71.159	EAURC: 44.659	AUPR Succ.: 94.620	ECE: 8.170	NLL: 7.000	Brier: 32.441
2024-12-25 15:28:20,392 INFO ####### --- Training Epoch 49 --- #######
2024-12-25 15:28:47,312 INFO Epoch 49 	 Batch 99	LR : 0.00095	Tot. Loss: 0.20
2024-12-25 15:29:13,946 INFO Epoch 49 	 Batch 199	LR : 0.00095	Tot. Loss: 0.20
2024-12-25 15:29:40,598 INFO Epoch 49 	 Batch 299	LR : 0.00095	Tot. Loss: 0.20
2024-12-25 15:29:57,098 INFO ################## 
 ---> Validation Epoch 49	Acc.: 78.600	FPR: 73.364	AUROC: 82.652	AUPR: 51.890	AURC: 68.173	EAURC: 43.440	AUPR Succ.: 94.806	ECE: 7.759	NLL: 6.943	Brier: 31.782
2024-12-25 15:29:57,099 INFO ####### --- Training Epoch 50 --- #######
2024-12-25 15:30:24,036 INFO Epoch 50 	 Batch 99	LR : 0.00095	Tot. Loss: 0.20
2024-12-25 15:30:50,709 INFO Epoch 50 	 Batch 199	LR : 0.00095	Tot. Loss: 0.20
2024-12-25 15:31:17,366 INFO Epoch 50 	 Batch 299	LR : 0.00095	Tot. Loss: 0.20
2024-12-25 15:31:30,892 INFO ################## 
 ---> Validation Epoch 50	Acc.: 77.300	FPR: 73.921	AUROC: 82.119	AUPR: 52.789	AURC: 75.616	EAURC: 47.645	AUPR Succ.: 94.233	ECE: 8.187	NLL: 7.210	Brier: 33.442
2024-12-25 15:31:30,894 INFO ####### --- Training Epoch 51 --- #######
2024-12-25 15:31:52,691 INFO Epoch 51 	 Batch 99	LR : 0.00095	Tot. Loss: 0.20
2024-12-25 15:32:19,307 INFO Epoch 51 	 Batch 199	LR : 0.00095	Tot. Loss: 0.20
2024-12-25 15:32:45,918 INFO Epoch 51 	 Batch 299	LR : 0.00095	Tot. Loss: 0.20
2024-12-25 15:33:02,438 INFO ################## 
 ---> Validation Epoch 51	Acc.: 78.880	FPR: 72.159	AUROC: 82.897	AUPR: 52.041	AURC: 66.455	EAURC: 42.392	AUPR Succ.: 94.940	ECE: 7.526	NLL: 6.772	Brier: 31.228
2024-12-25 15:33:02,439 INFO ####### --- Training Epoch 52 --- #######
2024-12-25 15:33:29,407 INFO Epoch 52 	 Batch 99	LR : 0.00094	Tot. Loss: 0.20
2024-12-25 15:33:56,111 INFO Epoch 52 	 Batch 199	LR : 0.00094	Tot. Loss: 0.20
2024-12-25 15:34:22,912 INFO Epoch 52 	 Batch 299	LR : 0.00094	Tot. Loss: 0.20
2024-12-25 15:34:39,540 INFO ################## 
 ---> Validation Epoch 52	Acc.: 78.400	FPR: 72.500	AUROC: 82.183	AUPR: 50.349	AURC: 70.261	EAURC: 45.045	AUPR Succ.: 94.609	ECE: 7.835	NLL: 6.953	Brier: 32.129
2024-12-25 15:34:39,542 INFO ####### --- Training Epoch 53 --- #######
2024-12-25 15:35:06,594 INFO Epoch 53 	 Batch 99	LR : 0.00094	Tot. Loss: 0.20
2024-12-25 15:35:33,305 INFO Epoch 53 	 Batch 199	LR : 0.00094	Tot. Loss: 0.20
2024-12-25 15:36:00,007 INFO Epoch 53 	 Batch 299	LR : 0.00094	Tot. Loss: 0.20
2024-12-25 15:36:16,396 INFO ################## 
 ---> Validation Epoch 53	Acc.: 79.040	FPR: 71.183	AUROC: 82.851	AUPR: 52.037	AURC: 65.876	EAURC: 42.191	AUPR Succ.: 94.973	ECE: 6.991	NLL: 6.787	Brier: 31.098
2024-12-25 15:36:16,397 INFO Accuracy improved from 79.00 to 79.04!!!
2024-12-25 15:36:16,407 INFO ####### --- Training Epoch 54 --- #######
2024-12-25 15:36:43,438 INFO Epoch 54 	 Batch 99	LR : 0.00094	Tot. Loss: 0.20
2024-12-25 15:37:10,080 INFO Epoch 54 	 Batch 199	LR : 0.00094	Tot. Loss: 0.20
2024-12-25 15:37:36,731 INFO Epoch 54 	 Batch 299	LR : 0.00094	Tot. Loss: 0.20
2024-12-25 15:37:53,246 INFO ################## 
 ---> Validation Epoch 54	Acc.: 77.640	FPR: 71.735	AUROC: 82.823	AUPR: 54.304	AURC: 72.430	EAURC: 45.327	AUPR Succ.: 94.519	ECE: 8.068	NLL: 7.028	Brier: 32.541
2024-12-25 15:37:53,247 INFO ####### --- Training Epoch 55 --- #######
2024-12-25 15:38:10,650 INFO Epoch 55 	 Batch 99	LR : 0.00094	Tot. Loss: 0.20
2024-12-25 15:38:37,343 INFO Epoch 55 	 Batch 199	LR : 0.00094	Tot. Loss: 0.20
2024-12-25 15:39:03,965 INFO Epoch 55 	 Batch 299	LR : 0.00094	Tot. Loss: 0.20
2024-12-25 15:39:20,235 INFO ################## 
 ---> Validation Epoch 55	Acc.: 78.820	FPR: 73.277	AUROC: 82.932	AUPR: 53.383	AURC: 66.590	EAURC: 42.385	AUPR Succ.: 94.938	ECE: 7.216	NLL: 6.700	Brier: 31.035
2024-12-25 15:39:20,236 INFO ####### --- Training Epoch 56 --- #######
2024-12-25 15:39:47,135 INFO Epoch 56 	 Batch 99	LR : 0.00093	Tot. Loss: 0.20
2024-12-25 15:40:13,662 INFO Epoch 56 	 Batch 199	LR : 0.00093	Tot. Loss: 0.20
2024-12-25 15:40:40,192 INFO Epoch 56 	 Batch 299	LR : 0.00093	Tot. Loss: 0.20
2024-12-25 15:40:56,651 INFO ################## 
 ---> Validation Epoch 56	Acc.: 78.720	FPR: 73.214	AUROC: 82.611	AUPR: 52.803	AURC: 68.066	EAURC: 43.622	AUPR Succ.: 94.785	ECE: 7.150	NLL: 6.780	Brier: 31.397
2024-12-25 15:40:56,652 INFO ####### --- Training Epoch 57 --- #######
2024-12-25 15:41:23,625 INFO Epoch 57 	 Batch 99	LR : 0.00093	Tot. Loss: 0.20
2024-12-25 15:41:50,177 INFO Epoch 57 	 Batch 199	LR : 0.00093	Tot. Loss: 0.20
2024-12-25 15:42:16,747 INFO Epoch 57 	 Batch 299	LR : 0.00093	Tot. Loss: 0.20
2024-12-25 15:42:33,265 INFO ################## 
 ---> Validation Epoch 57	Acc.: 77.600	FPR: 70.714	AUROC: 83.449	AUPR: 56.633	AURC: 70.721	EAURC: 43.516	AUPR Succ.: 94.732	ECE: 8.266	NLL: 7.000	Brier: 32.417
2024-12-25 15:42:33,265 INFO AUROC improved from 83.39 to 83.45!!!
2024-12-25 15:42:33,275 INFO ####### --- Training Epoch 58 --- #######
2024-12-25 15:43:00,281 INFO Epoch 58 	 Batch 99	LR : 0.00093	Tot. Loss: 0.20
2024-12-25 15:43:26,829 INFO Epoch 58 	 Batch 199	LR : 0.00093	Tot. Loss: 0.20
2024-12-25 15:43:53,377 INFO Epoch 58 	 Batch 299	LR : 0.00093	Tot. Loss: 0.20
2024-12-25 15:44:09,725 INFO ################## 
 ---> Validation Epoch 58	Acc.: 78.220	FPR: 71.717	AUROC: 83.423	AUPR: 55.445	AURC: 67.824	EAURC: 42.167	AUPR Succ.: 94.930	ECE: 7.422	NLL: 6.788	Brier: 31.655
2024-12-25 15:44:09,726 INFO ####### --- Training Epoch 59 --- #######
2024-12-25 15:44:33,779 INFO Epoch 59 	 Batch 99	LR : 0.00093	Tot. Loss: 0.20
2024-12-25 15:44:55,029 INFO Epoch 59 	 Batch 199	LR : 0.00093	Tot. Loss: 0.20
2024-12-25 15:45:21,605 INFO Epoch 59 	 Batch 299	LR : 0.00093	Tot. Loss: 0.20
2024-12-25 15:45:38,105 INFO ################## 
 ---> Validation Epoch 59	Acc.: 78.280	FPR: 74.862	AUROC: 82.598	AUPR: 51.828	AURC: 69.623	EAURC: 44.114	AUPR Succ.: 94.712	ECE: 7.958	NLL: 6.885	Brier: 32.116
2024-12-25 15:45:38,107 INFO ####### --- Training Epoch 60 --- #######
2024-12-25 15:46:04,937 INFO Epoch 60 	 Batch 99	LR : 0.00092	Tot. Loss: 0.20
2024-12-25 15:46:31,470 INFO Epoch 60 	 Batch 199	LR : 0.00092	Tot. Loss: 0.20
2024-12-25 15:46:58,010 INFO Epoch 60 	 Batch 299	LR : 0.00092	Tot. Loss: 0.20
2024-12-25 15:47:14,471 INFO ################## 
 ---> Validation Epoch 60	Acc.: 78.320	FPR: 74.908	AUROC: 82.252	AUPR: 51.096	AURC: 70.625	EAURC: 45.214	AUPR Succ.: 94.581	ECE: 7.692	NLL: 6.993	Brier: 32.251
2024-12-25 15:47:14,473 INFO ####### --- Training Epoch 61 --- #######
2024-12-25 15:47:41,355 INFO Epoch 61 	 Batch 99	LR : 0.00092	Tot. Loss: 0.20
2024-12-25 15:48:07,877 INFO Epoch 61 	 Batch 199	LR : 0.00092	Tot. Loss: 0.20
2024-12-25 15:48:34,409 INFO Epoch 61 	 Batch 299	LR : 0.00092	Tot. Loss: 0.20
2024-12-25 15:48:50,939 INFO ################## 
 ---> Validation Epoch 61	Acc.: 78.580	FPR: 70.588	AUROC: 83.101	AUPR: 52.922	AURC: 67.160	EAURC: 42.379	AUPR Succ.: 94.925	ECE: 7.794	NLL: 6.827	Brier: 31.453
2024-12-25 15:48:50,940 INFO ####### --- Training Epoch 62 --- #######
2024-12-25 15:49:17,888 INFO Epoch 62 	 Batch 99	LR : 0.00092	Tot. Loss: 0.20
2024-12-25 15:49:44,438 INFO Epoch 62 	 Batch 199	LR : 0.00092	Tot. Loss: 0.20
2024-12-25 15:50:11,018 INFO Epoch 62 	 Batch 299	LR : 0.00092	Tot. Loss: 0.20
2024-12-25 15:50:27,373 INFO ################## 
 ---> Validation Epoch 62	Acc.: 78.340	FPR: 71.468	AUROC: 83.316	AUPR: 53.401	AURC: 67.966	EAURC: 42.603	AUPR Succ.: 94.879	ECE: 7.558	NLL: 6.863	Brier: 31.601
2024-12-25 15:50:27,375 INFO ####### --- Training Epoch 63 --- #######
2024-12-25 15:50:54,243 INFO Epoch 63 	 Batch 99	LR : 0.00091	Tot. Loss: 0.20
2024-12-25 15:51:11,362 INFO Epoch 63 	 Batch 199	LR : 0.00091	Tot. Loss: 0.20
2024-12-25 15:51:37,740 INFO Epoch 63 	 Batch 299	LR : 0.00091	Tot. Loss: 0.20
2024-12-25 15:51:54,231 INFO ################## 
 ---> Validation Epoch 63	Acc.: 78.780	FPR: 73.893	AUROC: 82.227	AUPR: 49.509	AURC: 68.730	EAURC: 44.429	AUPR Succ.: 94.698	ECE: 7.571	NLL: 6.796	Brier: 31.498
2024-12-25 15:51:54,232 INFO ####### --- Training Epoch 64 --- #######
2024-12-25 15:52:21,196 INFO Epoch 64 	 Batch 99	LR : 0.00091	Tot. Loss: 0.20
2024-12-25 15:52:47,687 INFO Epoch 64 	 Batch 199	LR : 0.00091	Tot. Loss: 0.20
2024-12-25 15:53:14,181 INFO Epoch 64 	 Batch 299	LR : 0.00091	Tot. Loss: 0.20
2024-12-25 15:53:30,554 INFO ################## 
 ---> Validation Epoch 64	Acc.: 78.360	FPR: 70.795	AUROC: 82.856	AUPR: 53.157	AURC: 68.917	EAURC: 43.604	AUPR Succ.: 94.767	ECE: 7.475	NLL: 6.894	Brier: 31.849
2024-12-25 15:53:30,555 INFO ####### --- Training Epoch 65 --- #######
2024-12-25 15:53:57,436 INFO Epoch 65 	 Batch 99	LR : 0.00091	Tot. Loss: 0.20
2024-12-25 15:54:24,330 INFO Epoch 65 	 Batch 199	LR : 0.00091	Tot. Loss: 0.20
2024-12-25 15:54:50,869 INFO Epoch 65 	 Batch 299	LR : 0.00091	Tot. Loss: 0.20
2024-12-25 15:55:07,282 INFO ################## 
 ---> Validation Epoch 65	Acc.: 77.980	FPR: 75.295	AUROC: 81.733	AUPR: 50.857	AURC: 74.051	EAURC: 47.801	AUPR Succ.: 94.251	ECE: 7.928	NLL: 7.164	Brier: 32.820
2024-12-25 15:55:07,284 INFO ####### --- Training Epoch 66 --- #######
2024-12-25 15:55:34,239 INFO Epoch 66 	 Batch 99	LR : 0.00091	Tot. Loss: 0.20
2024-12-25 15:56:00,730 INFO Epoch 66 	 Batch 199	LR : 0.00091	Tot. Loss: 0.20
2024-12-25 15:56:27,221 INFO Epoch 66 	 Batch 299	LR : 0.00091	Tot. Loss: 0.20
2024-12-25 15:56:43,544 INFO ################## 
 ---> Validation Epoch 66	Acc.: 78.520	FPR: 72.160	AUROC: 82.526	AUPR: 51.610	AURC: 69.039	EAURC: 44.114	AUPR Succ.: 94.719	ECE: 7.552	NLL: 6.898	Brier: 31.812
2024-12-25 15:56:43,546 INFO ####### --- Training Epoch 67 --- #######
2024-12-25 15:57:10,415 INFO Epoch 67 	 Batch 99	LR : 0.00090	Tot. Loss: 0.20
2024-12-25 15:57:34,111 INFO Epoch 67 	 Batch 199	LR : 0.00090	Tot. Loss: 0.20
2024-12-25 15:57:55,329 INFO Epoch 67 	 Batch 299	LR : 0.00090	Tot. Loss: 0.20
2024-12-25 15:58:11,799 INFO ################## 
 ---> Validation Epoch 67	Acc.: 78.700	FPR: 69.296	AUROC: 82.802	AUPR: 53.113	AURC: 67.803	EAURC: 43.311	AUPR Succ.: 94.817	ECE: 7.277	NLL: 6.798	Brier: 31.336
2024-12-25 15:58:11,800 INFO ####### --- Training Epoch 68 --- #######
2024-12-25 15:58:38,629 INFO Epoch 68 	 Batch 99	LR : 0.00090	Tot. Loss: 0.20
2024-12-25 15:59:05,168 INFO Epoch 68 	 Batch 199	LR : 0.00090	Tot. Loss: 0.20
2024-12-25 15:59:31,690 INFO Epoch 68 	 Batch 299	LR : 0.00090	Tot. Loss: 0.20
2024-12-25 15:59:48,177 INFO ################## 
 ---> Validation Epoch 68	Acc.: 78.560	FPR: 74.067	AUROC: 82.546	AUPR: 52.287	AURC: 68.738	EAURC: 43.909	AUPR Succ.: 94.746	ECE: 7.541	NLL: 6.860	Brier: 31.784
2024-12-25 15:59:48,179 INFO ####### --- Training Epoch 69 --- #######
2024-12-25 16:00:14,990 INFO Epoch 69 	 Batch 99	LR : 0.00090	Tot. Loss: 0.20
2024-12-25 16:00:41,549 INFO Epoch 69 	 Batch 199	LR : 0.00090	Tot. Loss: 0.20
2024-12-25 16:01:08,078 INFO Epoch 69 	 Batch 299	LR : 0.00090	Tot. Loss: 0.20
2024-12-25 16:01:24,518 INFO ################## 
 ---> Validation Epoch 69	Acc.: 77.080	FPR: 71.553	AUROC: 82.619	AUPR: 54.504	AURC: 75.526	EAURC: 46.986	AUPR Succ.: 94.289	ECE: 8.343	NLL: 7.187	Brier: 33.284
2024-12-25 16:01:24,520 INFO ####### --- Training Epoch 70 --- #######
2024-12-25 16:01:51,346 INFO Epoch 70 	 Batch 99	LR : 0.00089	Tot. Loss: 0.20
2024-12-25 16:02:17,876 INFO Epoch 70 	 Batch 199	LR : 0.00089	Tot. Loss: 0.19
2024-12-25 16:02:44,474 INFO Epoch 70 	 Batch 299	LR : 0.00089	Tot. Loss: 0.20
2024-12-25 16:03:00,927 INFO ################## 
 ---> Validation Epoch 70	Acc.: 78.660	FPR: 71.696	AUROC: 83.148	AUPR: 53.906	AURC: 66.779	EAURC: 42.191	AUPR Succ.: 94.950	ECE: 7.645	NLL: 6.831	Brier: 31.489
2024-12-25 16:03:00,929 INFO ####### --- Training Epoch 71 --- #######
2024-12-25 16:03:27,840 INFO Epoch 71 	 Batch 99	LR : 0.00089	Tot. Loss: 0.20
2024-12-25 16:03:54,462 INFO Epoch 71 	 Batch 199	LR : 0.00089	Tot. Loss: 0.20
2024-12-25 16:04:11,772 INFO Epoch 71 	 Batch 299	LR : 0.00089	Tot. Loss: 0.20
2024-12-25 16:04:28,108 INFO ################## 
 ---> Validation Epoch 71	Acc.: 78.740	FPR: 71.966	AUROC: 83.228	AUPR: 52.787	AURC: 66.209	EAURC: 41.812	AUPR Succ.: 94.999	ECE: 7.347	NLL: 6.667	Brier: 30.969
2024-12-25 16:04:28,109 INFO ####### --- Training Epoch 72 --- #######
2024-12-25 16:04:55,122 INFO Epoch 72 	 Batch 99	LR : 0.00089	Tot. Loss: 0.20
2024-12-25 16:05:21,666 INFO Epoch 72 	 Batch 199	LR : 0.00089	Tot. Loss: 0.20
2024-12-25 16:05:48,199 INFO Epoch 72 	 Batch 299	LR : 0.00089	Tot. Loss: 0.20
2024-12-25 16:06:04,501 INFO ################## 
 ---> Validation Epoch 72	Acc.: 77.580	FPR: 71.097	AUROC: 82.613	AUPR: 53.391	AURC: 73.094	EAURC: 45.839	AUPR Succ.: 94.459	ECE: 7.983	NLL: 7.089	Brier: 32.817
2024-12-25 16:06:04,503 INFO ####### --- Training Epoch 73 --- #######
2024-12-25 16:06:31,377 INFO Epoch 73 	 Batch 99	LR : 0.00088	Tot. Loss: 0.20
2024-12-25 16:06:57,965 INFO Epoch 73 	 Batch 199	LR : 0.00088	Tot. Loss: 0.20
2024-12-25 16:07:24,524 INFO Epoch 73 	 Batch 299	LR : 0.00088	Tot. Loss: 0.20
2024-12-25 16:07:41,123 INFO ################## 
 ---> Validation Epoch 73	Acc.: 77.220	FPR: 76.207	AUROC: 81.968	AUPR: 51.866	AURC: 76.426	EAURC: 48.249	AUPR Succ.: 94.158	ECE: 8.420	NLL: 7.325	Brier: 33.633
2024-12-25 16:07:41,124 INFO ####### --- Training Epoch 74 --- #######
2024-12-25 16:08:08,004 INFO Epoch 74 	 Batch 99	LR : 0.00088	Tot. Loss: 0.20
2024-12-25 16:08:34,574 INFO Epoch 74 	 Batch 199	LR : 0.00088	Tot. Loss: 0.20
2024-12-25 16:09:01,133 INFO Epoch 74 	 Batch 299	LR : 0.00088	Tot. Loss: 0.20
2024-12-25 16:09:17,649 INFO ################## 
 ---> Validation Epoch 74	Acc.: 78.040	FPR: 74.317	AUROC: 82.606	AUPR: 52.162	AURC: 70.914	EAURC: 44.813	AUPR Succ.: 94.611	ECE: 7.998	NLL: 6.950	Brier: 32.230
2024-12-25 16:09:17,650 INFO ####### --- Training Epoch 75 --- #######
2024-12-25 16:09:44,650 INFO Epoch 75 	 Batch 99	LR : 0.00088	Tot. Loss: 0.20
2024-12-25 16:10:11,220 INFO Epoch 75 	 Batch 199	LR : 0.00088	Tot. Loss: 0.20
2024-12-25 16:10:35,125 INFO Epoch 75 	 Batch 299	LR : 0.00088	Tot. Loss: 0.20
2024-12-25 16:10:46,006 INFO ################## 
 ---> Validation Epoch 75	Acc.: 78.640	FPR: 71.723	AUROC: 82.795	AUPR: 53.522	AURC: 68.015	EAURC: 43.379	AUPR Succ.: 94.807	ECE: 7.867	NLL: 6.855	Brier: 31.497
2024-12-25 16:10:46,007 INFO ####### --- Training Epoch 76 --- #######
2024-12-25 16:11:12,823 INFO Epoch 76 	 Batch 99	LR : 0.00087	Tot. Loss: 0.20
2024-12-25 16:11:39,377 INFO Epoch 76 	 Batch 199	LR : 0.00087	Tot. Loss: 0.20
2024-12-25 16:12:05,966 INFO Epoch 76 	 Batch 299	LR : 0.00087	Tot. Loss: 0.20
2024-12-25 16:12:22,426 INFO ################## 
 ---> Validation Epoch 76	Acc.: 78.160	FPR: 76.282	AUROC: 82.082	AUPR: 51.854	AURC: 71.672	EAURC: 45.868	AUPR Succ.: 94.497	ECE: 7.644	NLL: 6.980	Brier: 32.439
2024-12-25 16:12:22,428 INFO ####### --- Training Epoch 77 --- #######
2024-12-25 16:12:49,282 INFO Epoch 77 	 Batch 99	LR : 0.00087	Tot. Loss: 0.20
2024-12-25 16:13:15,818 INFO Epoch 77 	 Batch 199	LR : 0.00087	Tot. Loss: 0.20
2024-12-25 16:13:42,373 INFO Epoch 77 	 Batch 299	LR : 0.00087	Tot. Loss: 0.20
2024-12-25 16:13:58,813 INFO ################## 
 ---> Validation Epoch 77	Acc.: 78.080	FPR: 75.730	AUROC: 81.998	AUPR: 50.984	AURC: 72.120	EAURC: 46.118	AUPR Succ.: 94.466	ECE: 8.194	NLL: 7.099	Brier: 32.744
2024-12-25 16:13:58,814 INFO ####### --- Training Epoch 78 --- #######
2024-12-25 16:14:25,753 INFO Epoch 78 	 Batch 99	LR : 0.00087	Tot. Loss: 0.20
2024-12-25 16:14:52,323 INFO Epoch 78 	 Batch 199	LR : 0.00087	Tot. Loss: 0.20
2024-12-25 16:15:18,891 INFO Epoch 78 	 Batch 299	LR : 0.00087	Tot. Loss: 0.19
2024-12-25 16:15:35,445 INFO ################## 
 ---> Validation Epoch 78	Acc.: 79.340	FPR: 71.249	AUROC: 82.943	AUPR: 50.759	AURC: 64.377	EAURC: 41.392	AUPR Succ.: 95.081	ECE: 6.915	NLL: 6.638	Brier: 30.575
2024-12-25 16:15:35,445 INFO Accuracy improved from 79.04 to 79.34!!!
2024-12-25 16:15:35,454 INFO AURC decreased from 64.79 to 64.38!!!
2024-12-25 16:15:35,462 INFO ####### --- Training Epoch 79 --- #######
2024-12-25 16:16:02,464 INFO Epoch 79 	 Batch 99	LR : 0.00086	Tot. Loss: 0.20
2024-12-25 16:16:29,080 INFO Epoch 79 	 Batch 199	LR : 0.00086	Tot. Loss: 0.20
2024-12-25 16:16:55,677 INFO Epoch 79 	 Batch 299	LR : 0.00086	Tot. Loss: 0.20
2024-12-25 16:17:07,951 INFO ################## 
 ---> Validation Epoch 79	Acc.: 77.300	FPR: 74.449	AUROC: 82.089	AUPR: 53.645	AURC: 75.992	EAURC: 48.021	AUPR Succ.: 94.183	ECE: 8.732	NLL: 7.264	Brier: 33.480
2024-12-25 16:17:07,953 INFO ####### --- Training Epoch 80 --- #######
2024-12-25 16:17:29,899 INFO Epoch 80 	 Batch 99	LR : 0.00086	Tot. Loss: 0.20
2024-12-25 16:17:56,442 INFO Epoch 80 	 Batch 199	LR : 0.00086	Tot. Loss: 0.20
2024-12-25 16:18:23,001 INFO Epoch 80 	 Batch 299	LR : 0.00086	Tot. Loss: 0.20
2024-12-25 16:18:39,628 INFO ################## 
 ---> Validation Epoch 80	Acc.: 78.920	FPR: 76.281	AUROC: 82.105	AUPR: 50.282	AURC: 68.428	EAURC: 44.459	AUPR Succ.: 94.703	ECE: 7.408	NLL: 6.916	Brier: 31.656
2024-12-25 16:18:39,630 INFO ####### --- Training Epoch 81 --- #######
2024-12-25 16:19:06,579 INFO Epoch 81 	 Batch 99	LR : 0.00086	Tot. Loss: 0.19
2024-12-25 16:19:33,132 INFO Epoch 81 	 Batch 199	LR : 0.00086	Tot. Loss: 0.20
2024-12-25 16:19:59,712 INFO Epoch 81 	 Batch 299	LR : 0.00086	Tot. Loss: 0.20
2024-12-25 16:20:16,010 INFO ################## 
 ---> Validation Epoch 81	Acc.: 79.000	FPR: 73.333	AUROC: 82.658	AUPR: 51.564	AURC: 66.518	EAURC: 42.738	AUPR Succ.: 94.908	ECE: 7.150	NLL: 6.740	Brier: 31.207
2024-12-25 16:20:16,012 INFO ####### --- Training Epoch 82 --- #######
2024-12-25 16:20:42,898 INFO Epoch 82 	 Batch 99	LR : 0.00085	Tot. Loss: 0.20
2024-12-25 16:21:09,806 INFO Epoch 82 	 Batch 199	LR : 0.00085	Tot. Loss: 0.20
2024-12-25 16:21:36,392 INFO Epoch 82 	 Batch 299	LR : 0.00085	Tot. Loss: 0.20
2024-12-25 16:21:52,754 INFO ################## 
 ---> Validation Epoch 82	Acc.: 78.600	FPR: 69.159	AUROC: 83.671	AUPR: 56.311	AURC: 65.959	EAURC: 41.227	AUPR Succ.: 95.052	ECE: 7.503	NLL: 6.663	Brier: 30.953
2024-12-25 16:21:52,755 INFO AUROC improved from 83.45 to 83.67!!!
2024-12-25 16:21:52,765 INFO ####### --- Training Epoch 83 --- #######
2024-12-25 16:22:19,651 INFO Epoch 83 	 Batch 99	LR : 0.00085	Tot. Loss: 0.20
2024-12-25 16:22:46,214 INFO Epoch 83 	 Batch 199	LR : 0.00085	Tot. Loss: 0.20
2024-12-25 16:23:12,793 INFO Epoch 83 	 Batch 299	LR : 0.00085	Tot. Loss: 0.20
2024-12-25 16:23:29,293 INFO ################## 
 ---> Validation Epoch 83	Acc.: 79.020	FPR: 72.545	AUROC: 82.871	AUPR: 51.972	AURC: 66.253	EAURC: 42.521	AUPR Succ.: 94.927	ECE: 7.141	NLL: 6.780	Brier: 31.011
2024-12-25 16:23:29,294 INFO ####### --- Training Epoch 84 --- #######
2024-12-25 16:23:48,011 INFO Epoch 84 	 Batch 99	LR : 0.00084	Tot. Loss: 0.19
2024-12-25 16:24:14,583 INFO Epoch 84 	 Batch 199	LR : 0.00084	Tot. Loss: 0.20
2024-12-25 16:24:41,120 INFO Epoch 84 	 Batch 299	LR : 0.00084	Tot. Loss: 0.20
2024-12-25 16:24:57,545 INFO ################## 
 ---> Validation Epoch 84	Acc.: 79.080	FPR: 73.518	AUROC: 82.761	AUPR: 51.025	AURC: 65.980	EAURC: 42.389	AUPR Succ.: 94.951	ECE: 7.009	NLL: 6.645	Brier: 30.885
2024-12-25 16:24:57,547 INFO ####### --- Training Epoch 85 --- #######
2024-12-25 16:25:24,372 INFO Epoch 85 	 Batch 99	LR : 0.00084	Tot. Loss: 0.19
2024-12-25 16:25:50,919 INFO Epoch 85 	 Batch 199	LR : 0.00084	Tot. Loss: 0.19
2024-12-25 16:26:17,436 INFO Epoch 85 	 Batch 299	LR : 0.00084	Tot. Loss: 0.20
2024-12-25 16:26:33,778 INFO ################## 
 ---> Validation Epoch 85	Acc.: 78.440	FPR: 74.583	AUROC: 82.381	AUPR: 50.404	AURC: 69.855	EAURC: 44.736	AUPR Succ.: 94.642	ECE: 7.661	NLL: 6.861	Brier: 31.769
2024-12-25 16:26:33,779 INFO ####### --- Training Epoch 86 --- #######
2024-12-25 16:27:00,640 INFO Epoch 86 	 Batch 99	LR : 0.00084	Tot. Loss: 0.20
2024-12-25 16:27:27,197 INFO Epoch 86 	 Batch 199	LR : 0.00084	Tot. Loss: 0.19
2024-12-25 16:27:53,878 INFO Epoch 86 	 Batch 299	LR : 0.00084	Tot. Loss: 0.19
2024-12-25 16:28:10,330 INFO ################## 
 ---> Validation Epoch 86	Acc.: 77.560	FPR: 73.619	AUROC: 81.571	AUPR: 51.627	AURC: 76.267	EAURC: 48.961	AUPR Succ.: 94.091	ECE: 8.231	NLL: 7.198	Brier: 33.301
2024-12-25 16:28:10,331 INFO ####### --- Training Epoch 87 --- #######
2024-12-25 16:28:37,149 INFO Epoch 87 	 Batch 99	LR : 0.00083	Tot. Loss: 0.20
2024-12-25 16:29:03,730 INFO Epoch 87 	 Batch 199	LR : 0.00083	Tot. Loss: 0.20
2024-12-25 16:29:30,314 INFO Epoch 87 	 Batch 299	LR : 0.00083	Tot. Loss: 0.20
2024-12-25 16:29:46,794 INFO ################## 
 ---> Validation Epoch 87	Acc.: 78.720	FPR: 72.556	AUROC: 82.741	AUPR: 51.787	AURC: 67.483	EAURC: 43.039	AUPR Succ.: 94.858	ECE: 7.434	NLL: 6.851	Brier: 31.617
2024-12-25 16:29:46,795 INFO ####### --- Training Epoch 88 --- #######
2024-12-25 16:30:09,230 INFO Epoch 88 	 Batch 99	LR : 0.00083	Tot. Loss: 0.20
2024-12-25 16:30:30,982 INFO Epoch 88 	 Batch 199	LR : 0.00083	Tot. Loss: 0.19
2024-12-25 16:30:57,534 INFO Epoch 88 	 Batch 299	LR : 0.00083	Tot. Loss: 0.19
2024-12-25 16:31:14,118 INFO ################## 
 ---> Validation Epoch 88	Acc.: 78.940	FPR: 72.840	AUROC: 82.695	AUPR: 51.490	AURC: 66.786	EAURC: 42.865	AUPR Succ.: 94.888	ECE: 7.281	NLL: 6.695	Brier: 31.047
2024-12-25 16:31:14,119 INFO ####### --- Training Epoch 89 --- #######
2024-12-25 16:31:41,034 INFO Epoch 89 	 Batch 99	LR : 0.00082	Tot. Loss: 0.19
2024-12-25 16:32:07,595 INFO Epoch 89 	 Batch 199	LR : 0.00082	Tot. Loss: 0.20
2024-12-25 16:32:34,186 INFO Epoch 89 	 Batch 299	LR : 0.00082	Tot. Loss: 0.20
2024-12-25 16:32:50,706 INFO ################## 
 ---> Validation Epoch 89	Acc.: 78.240	FPR: 72.518	AUROC: 82.596	AUPR: 52.706	AURC: 70.139	EAURC: 44.532	AUPR Succ.: 94.652	ECE: 7.778	NLL: 6.980	Brier: 31.968
2024-12-25 16:32:50,708 INFO ####### --- Training Epoch 90 --- #######
2024-12-25 16:33:17,682 INFO Epoch 90 	 Batch 99	LR : 0.00082	Tot. Loss: 0.19
2024-12-25 16:33:44,240 INFO Epoch 90 	 Batch 199	LR : 0.00082	Tot. Loss: 0.19
2024-12-25 16:34:10,777 INFO Epoch 90 	 Batch 299	LR : 0.00082	Tot. Loss: 0.20
2024-12-25 16:34:27,319 INFO ################## 
 ---> Validation Epoch 90	Acc.: 78.240	FPR: 70.588	AUROC: 83.221	AUPR: 52.912	AURC: 68.546	EAURC: 42.939	AUPR Succ.: 94.836	ECE: 7.971	NLL: 6.846	Brier: 31.608
2024-12-25 16:34:27,320 INFO ####### --- Training Epoch 91 --- #######
2024-12-25 16:34:54,267 INFO Epoch 91 	 Batch 99	LR : 0.00082	Tot. Loss: 0.20
2024-12-25 16:35:20,779 INFO Epoch 91 	 Batch 199	LR : 0.00082	Tot. Loss: 0.20
2024-12-25 16:35:47,345 INFO Epoch 91 	 Batch 299	LR : 0.00082	Tot. Loss: 0.19
2024-12-25 16:36:03,766 INFO ################## 
 ---> Validation Epoch 91	Acc.: 78.580	FPR: 73.296	AUROC: 82.222	AUPR: 51.396	AURC: 69.917	EAURC: 45.137	AUPR Succ.: 94.598	ECE: 7.216	NLL: 6.802	Brier: 31.598
2024-12-25 16:36:03,767 INFO ####### --- Training Epoch 92 --- #######
2024-12-25 16:36:30,665 INFO Epoch 92 	 Batch 99	LR : 0.00081	Tot. Loss: 0.20
2024-12-25 16:36:49,156 INFO Epoch 92 	 Batch 199	LR : 0.00081	Tot. Loss: 0.19
2024-12-25 16:37:15,696 INFO Epoch 92 	 Batch 299	LR : 0.00081	Tot. Loss: 0.19
2024-12-25 16:37:32,140 INFO ################## 
 ---> Validation Epoch 92	Acc.: 78.360	FPR: 69.686	AUROC: 83.569	AUPR: 55.190	AURC: 67.058	EAURC: 41.744	AUPR Succ.: 94.983	ECE: 7.693	NLL: 6.733	Brier: 31.349
2024-12-25 16:37:32,142 INFO ####### --- Training Epoch 93 --- #######
2024-12-25 16:37:58,956 INFO Epoch 93 	 Batch 99	LR : 0.00081	Tot. Loss: 0.19
2024-12-25 16:38:25,456 INFO Epoch 93 	 Batch 199	LR : 0.00081	Tot. Loss: 0.19
2024-12-25 16:38:51,948 INFO Epoch 93 	 Batch 299	LR : 0.00081	Tot. Loss: 0.19
2024-12-25 16:39:08,437 INFO ################## 
 ---> Validation Epoch 93	Acc.: 79.200	FPR: 73.654	AUROC: 82.849	AUPR: 51.989	AURC: 65.309	EAURC: 41.999	AUPR Succ.: 95.002	ECE: 7.375	NLL: 6.734	Brier: 30.845
2024-12-25 16:39:08,439 INFO ####### --- Training Epoch 94 --- #######
2024-12-25 16:39:35,423 INFO Epoch 94 	 Batch 99	LR : 0.00080	Tot. Loss: 0.19
2024-12-25 16:40:02,008 INFO Epoch 94 	 Batch 199	LR : 0.00080	Tot. Loss: 0.19
2024-12-25 16:40:28,598 INFO Epoch 94 	 Batch 299	LR : 0.00080	Tot. Loss: 0.20
2024-12-25 16:40:44,962 INFO ################## 
 ---> Validation Epoch 94	Acc.: 77.820	FPR: 72.858	AUROC: 82.542	AUPR: 52.778	AURC: 72.332	EAURC: 45.683	AUPR Succ.: 94.491	ECE: 8.164	NLL: 6.992	Brier: 32.428
2024-12-25 16:40:44,964 INFO ####### --- Training Epoch 95 --- #######
2024-12-25 16:41:11,976 INFO Epoch 95 	 Batch 99	LR : 0.00080	Tot. Loss: 0.19
2024-12-25 16:41:38,562 INFO Epoch 95 	 Batch 199	LR : 0.00080	Tot. Loss: 0.19
2024-12-25 16:42:05,164 INFO Epoch 95 	 Batch 299	LR : 0.00080	Tot. Loss: 0.19
2024-12-25 16:42:21,630 INFO ################## 
 ---> Validation Epoch 95	Acc.: 78.520	FPR: 74.115	AUROC: 82.494	AUPR: 51.110	AURC: 69.125	EAURC: 44.200	AUPR Succ.: 94.710	ECE: 7.826	NLL: 6.915	Brier: 31.801
2024-12-25 16:42:21,631 INFO ####### --- Training Epoch 96 --- #######
2024-12-25 16:42:48,447 INFO Epoch 96 	 Batch 99	LR : 0.00080	Tot. Loss: 0.19
2024-12-25 16:43:09,909 INFO Epoch 96 	 Batch 199	LR : 0.00080	Tot. Loss: 0.20
2024-12-25 16:43:32,148 INFO Epoch 96 	 Batch 299	LR : 0.00080	Tot. Loss: 0.19
2024-12-25 16:43:48,533 INFO ################## 
 ---> Validation Epoch 96	Acc.: 77.760	FPR: 74.011	AUROC: 82.366	AUPR: 52.866	AURC: 73.159	EAURC: 46.359	AUPR Succ.: 94.406	ECE: 8.222	NLL: 7.070	Brier: 32.607
2024-12-25 16:43:48,534 INFO ####### --- Training Epoch 97 --- #######
2024-12-25 16:44:15,443 INFO Epoch 97 	 Batch 99	LR : 0.00079	Tot. Loss: 0.19
2024-12-25 16:44:42,050 INFO Epoch 97 	 Batch 199	LR : 0.00079	Tot. Loss: 0.20
2024-12-25 16:45:08,737 INFO Epoch 97 	 Batch 299	LR : 0.00079	Tot. Loss: 0.19
2024-12-25 16:45:25,170 INFO ################## 
 ---> Validation Epoch 97	Acc.: 79.120	FPR: 71.648	AUROC: 82.808	AUPR: 52.765	AURC: 65.838	EAURC: 42.341	AUPR Succ.: 94.955	ECE: 7.040	NLL: 6.698	Brier: 30.862
2024-12-25 16:45:25,171 INFO ####### --- Training Epoch 98 --- #######
2024-12-25 16:45:51,975 INFO Epoch 98 	 Batch 99	LR : 0.00079	Tot. Loss: 0.19
2024-12-25 16:46:18,531 INFO Epoch 98 	 Batch 199	LR : 0.00079	Tot. Loss: 0.19
2024-12-25 16:46:45,044 INFO Epoch 98 	 Batch 299	LR : 0.00079	Tot. Loss: 0.19
2024-12-25 16:47:01,393 INFO ################## 
 ---> Validation Epoch 98	Acc.: 78.560	FPR: 72.388	AUROC: 83.281	AUPR: 54.268	AURC: 66.843	EAURC: 42.014	AUPR Succ.: 94.966	ECE: 7.550	NLL: 6.783	Brier: 31.313
2024-12-25 16:47:01,394 INFO ####### --- Training Epoch 99 --- #######
2024-12-25 16:47:28,308 INFO Epoch 99 	 Batch 99	LR : 0.00078	Tot. Loss: 0.19
2024-12-25 16:47:54,980 INFO Epoch 99 	 Batch 199	LR : 0.00078	Tot. Loss: 0.19
2024-12-25 16:48:21,545 INFO Epoch 99 	 Batch 299	LR : 0.00078	Tot. Loss: 0.19
2024-12-25 16:48:38,048 INFO ################## 
 ---> Validation Epoch 99	Acc.: 78.380	FPR: 73.913	AUROC: 82.469	AUPR: 52.330	AURC: 69.808	EAURC: 44.542	AUPR Succ.: 94.661	ECE: 7.620	NLL: 6.934	Brier: 32.008
2024-12-25 16:48:38,049 INFO ####### --- Training Epoch 100 --- #######
2024-12-25 16:49:04,870 INFO Epoch 100 	 Batch 99	LR : 0.00078	Tot. Loss: 0.19
2024-12-25 16:49:31,443 INFO Epoch 100 	 Batch 199	LR : 0.00078	Tot. Loss: 0.19
2024-12-25 16:49:49,867 INFO Epoch 100 	 Batch 299	LR : 0.00078	Tot. Loss: 0.19
2024-12-25 16:50:06,241 INFO ################## 
 ---> Validation Epoch 100	Acc.: 78.680	FPR: 69.887	AUROC: 83.426	AUPR: 54.494	AURC: 66.095	EAURC: 41.555	AUPR Succ.: 95.022	ECE: 7.414	NLL: 6.790	Brier: 31.129
2024-12-25 16:50:06,243 INFO ####### --- Training Epoch 101 --- #######
2024-12-25 16:50:33,047 INFO Epoch 101 	 Batch 99	LR : 0.00077	Tot. Loss: 0.19
2024-12-25 16:50:59,581 INFO Epoch 101 	 Batch 199	LR : 0.00077	Tot. Loss: 0.19
2024-12-25 16:51:26,114 INFO Epoch 101 	 Batch 299	LR : 0.00077	Tot. Loss: 0.19
2024-12-25 16:51:42,457 INFO ################## 
 ---> Validation Epoch 101	Acc.: 77.840	FPR: 73.195	AUROC: 82.501	AUPR: 52.785	AURC: 72.164	EAURC: 45.565	AUPR Succ.: 94.509	ECE: 7.949	NLL: 7.039	Brier: 32.584
2024-12-25 16:51:42,459 INFO ####### --- Training Epoch 102 --- #######
2024-12-25 16:52:09,410 INFO Epoch 102 	 Batch 99	LR : 0.00077	Tot. Loss: 0.19
2024-12-25 16:52:35,924 INFO Epoch 102 	 Batch 199	LR : 0.00077	Tot. Loss: 0.19
2024-12-25 16:53:02,427 INFO Epoch 102 	 Batch 299	LR : 0.00077	Tot. Loss: 0.19
2024-12-25 16:53:18,766 INFO ################## 
 ---> Validation Epoch 102	Acc.: 77.840	FPR: 74.729	AUROC: 82.173	AUPR: 52.124	AURC: 73.094	EAURC: 46.494	AUPR Succ.: 94.400	ECE: 7.997	NLL: 7.066	Brier: 32.707
2024-12-25 16:53:18,767 INFO ####### --- Training Epoch 103 --- #######
2024-12-25 16:53:45,721 INFO Epoch 103 	 Batch 99	LR : 0.00077	Tot. Loss: 0.19
2024-12-25 16:54:12,256 INFO Epoch 103 	 Batch 199	LR : 0.00077	Tot. Loss: 0.19
2024-12-25 16:54:38,751 INFO Epoch 103 	 Batch 299	LR : 0.00077	Tot. Loss: 0.19
2024-12-25 16:54:55,232 INFO ################## 
 ---> Validation Epoch 103	Acc.: 78.340	FPR: 73.684	AUROC: 82.483	AUPR: 51.464	AURC: 69.863	EAURC: 44.500	AUPR Succ.: 94.666	ECE: 8.089	NLL: 7.038	Brier: 32.169
2024-12-25 16:54:55,233 INFO ####### --- Training Epoch 104 --- #######
2024-12-25 16:55:22,007 INFO Epoch 104 	 Batch 99	LR : 0.00076	Tot. Loss: 0.19
2024-12-25 16:55:48,555 INFO Epoch 104 	 Batch 199	LR : 0.00076	Tot. Loss: 0.19
2024-12-25 16:56:10,471 INFO Epoch 104 	 Batch 299	LR : 0.00076	Tot. Loss: 0.20
2024-12-25 16:56:22,142 INFO ################## 
 ---> Validation Epoch 104	Acc.: 78.680	FPR: 73.452	AUROC: 82.292	AUPR: 50.474	AURC: 68.856	EAURC: 44.316	AUPR Succ.: 94.708	ECE: 7.400	NLL: 6.919	Brier: 31.909
2024-12-25 16:56:22,144 INFO ####### --- Training Epoch 105 --- #######
2024-12-25 16:56:49,119 INFO Epoch 105 	 Batch 99	LR : 0.00076	Tot. Loss: 0.19
2024-12-25 16:57:15,644 INFO Epoch 105 	 Batch 199	LR : 0.00076	Tot. Loss: 0.19
2024-12-25 16:57:42,183 INFO Epoch 105 	 Batch 299	LR : 0.00076	Tot. Loss: 0.19
2024-12-25 16:57:58,542 INFO ################## 
 ---> Validation Epoch 105	Acc.: 78.980	FPR: 74.215	AUROC: 82.229	AUPR: 50.874	AURC: 67.735	EAURC: 43.908	AUPR Succ.: 94.771	ECE: 7.236	NLL: 6.825	Brier: 31.363
2024-12-25 16:57:58,544 INFO ####### --- Training Epoch 106 --- #######
2024-12-25 16:58:25,481 INFO Epoch 106 	 Batch 99	LR : 0.00075	Tot. Loss: 0.19
2024-12-25 16:58:52,024 INFO Epoch 106 	 Batch 199	LR : 0.00075	Tot. Loss: 0.19
2024-12-25 16:59:18,561 INFO Epoch 106 	 Batch 299	LR : 0.00075	Tot. Loss: 0.19
2024-12-25 16:59:34,958 INFO ################## 
 ---> Validation Epoch 106	Acc.: 78.700	FPR: 74.930	AUROC: 81.440	AUPR: 50.326	AURC: 71.378	EAURC: 46.885	AUPR Succ.: 94.406	ECE: 7.401	NLL: 7.008	Brier: 32.161
2024-12-25 16:59:34,960 INFO ####### --- Training Epoch 107 --- #######
2024-12-25 17:00:01,800 INFO Epoch 107 	 Batch 99	LR : 0.00075	Tot. Loss: 0.19
2024-12-25 17:00:28,331 INFO Epoch 107 	 Batch 199	LR : 0.00075	Tot. Loss: 0.19
2024-12-25 17:00:55,144 INFO Epoch 107 	 Batch 299	LR : 0.00075	Tot. Loss: 0.19
2024-12-25 17:01:11,611 INFO ################## 
 ---> Validation Epoch 107	Acc.: 78.940	FPR: 74.834	AUROC: 82.348	AUPR: 50.772	AURC: 67.670	EAURC: 43.749	AUPR Succ.: 94.786	ECE: 7.379	NLL: 6.783	Brier: 31.319
2024-12-25 17:01:11,612 INFO ####### --- Training Epoch 108 --- #######
2024-12-25 17:01:38,446 INFO Epoch 108 	 Batch 99	LR : 0.00074	Tot. Loss: 0.19
2024-12-25 17:02:04,998 INFO Epoch 108 	 Batch 199	LR : 0.00074	Tot. Loss: 0.19
2024-12-25 17:02:31,504 INFO Epoch 108 	 Batch 299	LR : 0.00074	Tot. Loss: 0.19
2024-12-25 17:02:41,858 INFO ################## 
 ---> Validation Epoch 108	Acc.: 77.320	FPR: 70.370	AUROC: 82.350	AUPR: 54.416	AURC: 74.988	EAURC: 47.069	AUPR Succ.: 94.298	ECE: 8.692	NLL: 7.155	Brier: 33.227
2024-12-25 17:02:41,859 INFO ####### --- Training Epoch 109 --- #######
2024-12-25 17:03:06,738 INFO Epoch 109 	 Batch 99	LR : 0.00074	Tot. Loss: 0.19
2024-12-25 17:03:33,261 INFO Epoch 109 	 Batch 199	LR : 0.00074	Tot. Loss: 0.19
2024-12-25 17:03:59,806 INFO Epoch 109 	 Batch 299	LR : 0.00074	Tot. Loss: 0.19
2024-12-25 17:04:16,260 INFO ################## 
 ---> Validation Epoch 109	Acc.: 78.400	FPR: 72.963	AUROC: 82.691	AUPR: 52.490	AURC: 69.025	EAURC: 43.809	AUPR Succ.: 94.750	ECE: 7.685	NLL: 6.907	Brier: 31.838
2024-12-25 17:04:16,261 INFO ####### --- Training Epoch 110 --- #######
2024-12-25 17:04:43,081 INFO Epoch 110 	 Batch 99	LR : 0.00073	Tot. Loss: 0.19
2024-12-25 17:05:09,656 INFO Epoch 110 	 Batch 199	LR : 0.00073	Tot. Loss: 0.19
2024-12-25 17:05:36,191 INFO Epoch 110 	 Batch 299	LR : 0.00073	Tot. Loss: 0.19
2024-12-25 17:05:52,698 INFO ################## 
 ---> Validation Epoch 110	Acc.: 78.180	FPR: 70.669	AUROC: 83.181	AUPR: 54.345	AURC: 68.948	EAURC: 43.193	AUPR Succ.: 94.802	ECE: 7.858	NLL: 6.819	Brier: 31.650
2024-12-25 17:05:52,700 INFO ####### --- Training Epoch 111 --- #######
2024-12-25 17:06:19,683 INFO Epoch 111 	 Batch 99	LR : 0.00073	Tot. Loss: 0.19
2024-12-25 17:06:46,215 INFO Epoch 111 	 Batch 199	LR : 0.00073	Tot. Loss: 0.19
2024-12-25 17:07:12,740 INFO Epoch 111 	 Batch 299	LR : 0.00073	Tot. Loss: 0.19
2024-12-25 17:07:29,086 INFO ################## 
 ---> Validation Epoch 111	Acc.: 78.580	FPR: 74.043	AUROC: 82.809	AUPR: 52.161	AURC: 67.625	EAURC: 42.845	AUPR Succ.: 94.877	ECE: 7.825	NLL: 6.909	Brier: 31.804
2024-12-25 17:07:29,088 INFO ####### --- Training Epoch 112 --- #######
2024-12-25 17:07:55,991 INFO Epoch 112 	 Batch 99	LR : 0.00073	Tot. Loss: 0.19
2024-12-25 17:08:22,611 INFO Epoch 112 	 Batch 199	LR : 0.00073	Tot. Loss: 0.19
2024-12-25 17:08:49,213 INFO Epoch 112 	 Batch 299	LR : 0.00073	Tot. Loss: 0.19
2024-12-25 17:09:05,639 INFO ################## 
 ---> Validation Epoch 112	Acc.: 77.840	FPR: 76.354	AUROC: 81.932	AUPR: 51.347	AURC: 73.762	EAURC: 47.163	AUPR Succ.: 94.323	ECE: 8.119	NLL: 7.162	Brier: 32.910
2024-12-25 17:09:05,640 INFO ####### --- Training Epoch 113 --- #######
2024-12-25 17:09:24,173 INFO Epoch 113 	 Batch 99	LR : 0.00072	Tot. Loss: 0.19
2024-12-25 17:09:50,738 INFO Epoch 113 	 Batch 199	LR : 0.00072	Tot. Loss: 0.19
2024-12-25 17:10:17,287 INFO Epoch 113 	 Batch 299	LR : 0.00072	Tot. Loss: 0.19
2024-12-25 17:10:33,581 INFO ################## 
 ---> Validation Epoch 113	Acc.: 78.580	FPR: 72.269	AUROC: 82.601	AUPR: 52.131	AURC: 68.706	EAURC: 43.925	AUPR Succ.: 94.742	ECE: 7.490	NLL: 6.820	Brier: 31.614
2024-12-25 17:10:33,582 INFO ####### --- Training Epoch 114 --- #######
2024-12-25 17:11:00,381 INFO Epoch 114 	 Batch 99	LR : 0.00072	Tot. Loss: 0.19
2024-12-25 17:11:26,940 INFO Epoch 114 	 Batch 199	LR : 0.00072	Tot. Loss: 0.19
2024-12-25 17:11:53,536 INFO Epoch 114 	 Batch 299	LR : 0.00072	Tot. Loss: 0.19
2024-12-25 17:12:09,995 INFO ################## 
 ---> Validation Epoch 114	Acc.: 78.480	FPR: 73.327	AUROC: 82.958	AUPR: 52.189	AURC: 68.004	EAURC: 42.982	AUPR Succ.: 94.850	ECE: 7.709	NLL: 6.819	Brier: 31.535
2024-12-25 17:12:09,997 INFO ####### --- Training Epoch 115 --- #######
2024-12-25 17:12:36,853 INFO Epoch 115 	 Batch 99	LR : 0.00071	Tot. Loss: 0.19
2024-12-25 17:13:03,424 INFO Epoch 115 	 Batch 199	LR : 0.00071	Tot. Loss: 0.19
2024-12-25 17:13:30,051 INFO Epoch 115 	 Batch 299	LR : 0.00071	Tot. Loss: 0.19
2024-12-25 17:13:46,521 INFO ################## 
 ---> Validation Epoch 115	Acc.: 77.900	FPR: 73.484	AUROC: 82.294	AUPR: 51.221	AURC: 72.543	EAURC: 46.094	AUPR Succ.: 94.451	ECE: 8.280	NLL: 7.096	Brier: 32.660
2024-12-25 17:13:46,522 INFO ####### --- Training Epoch 116 --- #######
2024-12-25 17:14:13,562 INFO Epoch 116 	 Batch 99	LR : 0.00071	Tot. Loss: 0.19
2024-12-25 17:14:40,155 INFO Epoch 116 	 Batch 199	LR : 0.00071	Tot. Loss: 0.19
2024-12-25 17:15:06,753 INFO Epoch 116 	 Batch 299	LR : 0.00071	Tot. Loss: 0.19
2024-12-25 17:15:23,294 INFO ################## 
 ---> Validation Epoch 116	Acc.: 78.020	FPR: 70.883	AUROC: 83.286	AUPR: 55.362	AURC: 69.380	EAURC: 43.230	AUPR Succ.: 94.788	ECE: 8.021	NLL: 6.930	Brier: 31.902
2024-12-25 17:15:23,296 INFO ####### --- Training Epoch 117 --- #######
2024-12-25 17:15:43,404 INFO Epoch 117 	 Batch 99	LR : 0.00070	Tot. Loss: 0.19
2024-12-25 17:16:08,760 INFO Epoch 117 	 Batch 199	LR : 0.00070	Tot. Loss: 0.19
2024-12-25 17:16:35,310 INFO Epoch 117 	 Batch 299	LR : 0.00070	Tot. Loss: 0.19
2024-12-25 17:16:51,670 INFO ################## 
 ---> Validation Epoch 117	Acc.: 79.320	FPR: 71.373	AUROC: 82.604	AUPR: 51.048	AURC: 65.606	EAURC: 42.575	AUPR Succ.: 94.938	ECE: 6.796	NLL: 6.685	Brier: 30.718
2024-12-25 17:16:51,671 INFO ####### --- Training Epoch 118 --- #######
2024-12-25 17:17:18,514 INFO Epoch 118 	 Batch 99	LR : 0.00070	Tot. Loss: 0.19
2024-12-25 17:17:45,031 INFO Epoch 118 	 Batch 199	LR : 0.00070	Tot. Loss: 0.19
2024-12-25 17:18:11,552 INFO Epoch 118 	 Batch 299	LR : 0.00070	Tot. Loss: 0.19
2024-12-25 17:18:27,930 INFO ################## 
 ---> Validation Epoch 118	Acc.: 78.540	FPR: 70.084	AUROC: 83.480	AUPR: 54.418	AURC: 66.407	EAURC: 41.530	AUPR Succ.: 95.020	ECE: 7.586	NLL: 6.778	Brier: 31.307
2024-12-25 17:18:27,931 INFO ####### --- Training Epoch 119 --- #######
2024-12-25 17:18:54,883 INFO Epoch 119 	 Batch 99	LR : 0.00069	Tot. Loss: 0.19
2024-12-25 17:19:21,422 INFO Epoch 119 	 Batch 199	LR : 0.00069	Tot. Loss: 0.19
2024-12-25 17:19:47,950 INFO Epoch 119 	 Batch 299	LR : 0.00069	Tot. Loss: 0.19
2024-12-25 17:20:04,447 INFO ################## 
 ---> Validation Epoch 119	Acc.: 78.200	FPR: 71.101	AUROC: 83.549	AUPR: 54.938	AURC: 67.480	EAURC: 41.775	AUPR Succ.: 94.976	ECE: 7.961	NLL: 6.811	Brier: 31.703
2024-12-25 17:20:04,448 INFO ####### --- Training Epoch 120 --- #######
2024-12-25 17:20:31,468 INFO Epoch 120 	 Batch 99	LR : 0.00069	Tot. Loss: 0.19
2024-12-25 17:20:58,121 INFO Epoch 120 	 Batch 199	LR : 0.00069	Tot. Loss: 0.19
2024-12-25 17:21:24,697 INFO Epoch 120 	 Batch 299	LR : 0.00069	Tot. Loss: 0.19
2024-12-25 17:21:41,213 INFO ################## 
 ---> Validation Epoch 120	Acc.: 79.260	FPR: 74.928	AUROC: 82.056	AUPR: 48.683	AURC: 67.153	EAURC: 43.982	AUPR Succ.: 94.776	ECE: 7.229	NLL: 6.787	Brier: 31.166
2024-12-25 17:21:41,215 INFO ####### --- Training Epoch 121 --- #######
2024-12-25 17:22:06,775 INFO Epoch 121 	 Batch 99	LR : 0.00068	Tot. Loss: 0.19
2024-12-25 17:22:25,333 INFO Epoch 121 	 Batch 199	LR : 0.00068	Tot. Loss: 0.19
2024-12-25 17:22:51,913 INFO Epoch 121 	 Batch 299	LR : 0.00068	Tot. Loss: 0.19
2024-12-25 17:23:08,292 INFO ################## 
 ---> Validation Epoch 121	Acc.: 77.780	FPR: 72.097	AUROC: 83.203	AUPR: 54.691	AURC: 70.438	EAURC: 43.688	AUPR Succ.: 94.726	ECE: 8.043	NLL: 7.025	Brier: 32.391
2024-12-25 17:23:08,293 INFO ####### --- Training Epoch 122 --- #######
2024-12-25 17:23:35,177 INFO Epoch 122 	 Batch 99	LR : 0.00068	Tot. Loss: 0.19
2024-12-25 17:24:01,757 INFO Epoch 122 	 Batch 199	LR : 0.00068	Tot. Loss: 0.19
2024-12-25 17:24:28,329 INFO Epoch 122 	 Batch 299	LR : 0.00068	Tot. Loss: 0.19
2024-12-25 17:24:44,746 INFO ################## 
 ---> Validation Epoch 122	Acc.: 77.540	FPR: 70.882	AUROC: 82.850	AUPR: 54.029	AURC: 72.729	EAURC: 45.373	AUPR Succ.: 94.509	ECE: 8.494	NLL: 7.054	Brier: 32.650
2024-12-25 17:24:44,747 INFO ####### --- Training Epoch 123 --- #######
2024-12-25 17:25:11,662 INFO Epoch 123 	 Batch 99	LR : 0.00067	Tot. Loss: 0.19
2024-12-25 17:25:38,185 INFO Epoch 123 	 Batch 199	LR : 0.00067	Tot. Loss: 0.19
2024-12-25 17:26:04,699 INFO Epoch 123 	 Batch 299	LR : 0.00067	Tot. Loss: 0.19
2024-12-25 17:26:21,022 INFO ################## 
 ---> Validation Epoch 123	Acc.: 78.620	FPR: 74.743	AUROC: 82.455	AUPR: 51.730	AURC: 68.798	EAURC: 44.114	AUPR Succ.: 94.725	ECE: 7.262	NLL: 6.884	Brier: 31.772
2024-12-25 17:26:21,024 INFO ####### --- Training Epoch 124 --- #######
2024-12-25 17:26:47,975 INFO Epoch 124 	 Batch 99	LR : 0.00067	Tot. Loss: 0.19
2024-12-25 17:27:14,677 INFO Epoch 124 	 Batch 199	LR : 0.00067	Tot. Loss: 0.19
2024-12-25 17:27:41,254 INFO Epoch 124 	 Batch 299	LR : 0.00067	Tot. Loss: 0.19
2024-12-25 17:27:57,585 INFO ################## 
 ---> Validation Epoch 124	Acc.: 78.040	FPR: 71.949	AUROC: 82.602	AUPR: 52.545	AURC: 71.206	EAURC: 45.105	AUPR Succ.: 94.571	ECE: 7.598	NLL: 6.958	Brier: 32.143
2024-12-25 17:27:57,586 INFO ####### --- Training Epoch 125 --- #######
2024-12-25 17:28:24,418 INFO Epoch 125 	 Batch 99	LR : 0.00066	Tot. Loss: 0.19
2024-12-25 17:28:43,983 INFO Epoch 125 	 Batch 199	LR : 0.00066	Tot. Loss: 0.19
2024-12-25 17:29:09,108 INFO Epoch 125 	 Batch 299	LR : 0.00066	Tot. Loss: 0.19
2024-12-25 17:29:25,664 INFO ################## 
 ---> Validation Epoch 125	Acc.: 76.880	FPR: 76.471	AUROC: 81.390	AUPR: 51.341	AURC: 79.706	EAURC: 50.643	AUPR Succ.: 93.854	ECE: 9.262	NLL: 7.471	Brier: 34.384
2024-12-25 17:29:25,665 INFO ####### --- Training Epoch 126 --- #######
2024-12-25 17:29:52,685 INFO Epoch 126 	 Batch 99	LR : 0.00066	Tot. Loss: 0.19
2024-12-25 17:30:19,306 INFO Epoch 126 	 Batch 199	LR : 0.00066	Tot. Loss: 0.19
2024-12-25 17:30:45,933 INFO Epoch 126 	 Batch 299	LR : 0.00066	Tot. Loss: 0.19
2024-12-25 17:31:02,403 INFO ################## 
 ---> Validation Epoch 126	Acc.: 78.720	FPR: 74.624	AUROC: 82.859	AUPR: 52.111	AURC: 67.143	EAURC: 42.699	AUPR Succ.: 94.898	ECE: 7.315	NLL: 6.809	Brier: 31.422
2024-12-25 17:31:02,405 INFO ####### --- Training Epoch 127 --- #######
2024-12-25 17:31:29,359 INFO Epoch 127 	 Batch 99	LR : 0.00065	Tot. Loss: 0.19
2024-12-25 17:31:55,949 INFO Epoch 127 	 Batch 199	LR : 0.00065	Tot. Loss: 0.19
2024-12-25 17:32:22,535 INFO Epoch 127 	 Batch 299	LR : 0.00065	Tot. Loss: 0.19
2024-12-25 17:32:38,928 INFO ################## 
 ---> Validation Epoch 127	Acc.: 78.100	FPR: 75.982	AUROC: 81.832	AUPR: 51.085	AURC: 72.886	EAURC: 46.933	AUPR Succ.: 94.366	ECE: 7.929	NLL: 7.131	Brier: 32.757
2024-12-25 17:32:38,931 INFO ####### --- Training Epoch 128 --- #######
2024-12-25 17:33:05,816 INFO Epoch 128 	 Batch 99	LR : 0.00065	Tot. Loss: 0.19
2024-12-25 17:33:32,407 INFO Epoch 128 	 Batch 199	LR : 0.00065	Tot. Loss: 0.19
2024-12-25 17:33:59,021 INFO Epoch 128 	 Batch 299	LR : 0.00065	Tot. Loss: 0.19
2024-12-25 17:34:15,463 INFO ################## 
 ---> Validation Epoch 128	Acc.: 78.800	FPR: 73.774	AUROC: 82.332	AUPR: 51.232	AURC: 68.522	EAURC: 44.269	AUPR Succ.: 94.714	ECE: 7.713	NLL: 6.967	Brier: 31.711
2024-12-25 17:34:15,464 INFO ####### --- Training Epoch 129 --- #######
2024-12-25 17:34:42,448 INFO Epoch 129 	 Batch 99	LR : 0.00064	Tot. Loss: 0.19
2024-12-25 17:35:08,089 INFO Epoch 129 	 Batch 199	LR : 0.00064	Tot. Loss: 0.19
2024-12-25 17:35:26,215 INFO Epoch 129 	 Batch 299	LR : 0.00064	Tot. Loss: 0.19
2024-12-25 17:35:42,566 INFO ################## 
 ---> Validation Epoch 129	Acc.: 78.560	FPR: 73.041	AUROC: 82.588	AUPR: 52.505	AURC: 68.921	EAURC: 44.092	AUPR Succ.: 94.720	ECE: 7.396	NLL: 6.872	Brier: 31.656
2024-12-25 17:35:42,567 INFO ####### --- Training Epoch 130 --- #######
2024-12-25 17:36:09,486 INFO Epoch 130 	 Batch 99	LR : 0.00064	Tot. Loss: 0.19
2024-12-25 17:36:36,096 INFO Epoch 130 	 Batch 199	LR : 0.00064	Tot. Loss: 0.19
2024-12-25 17:37:02,822 INFO Epoch 130 	 Batch 299	LR : 0.00064	Tot. Loss: 0.19
2024-12-25 17:37:19,283 INFO ################## 
 ---> Validation Epoch 130	Acc.: 77.160	FPR: 74.956	AUROC: 82.968	AUPR: 54.488	AURC: 73.567	EAURC: 45.235	AUPR Succ.: 94.513	ECE: 8.709	NLL: 7.243	Brier: 33.342
2024-12-25 17:37:19,285 INFO ####### --- Training Epoch 131 --- #######
2024-12-25 17:37:46,149 INFO Epoch 131 	 Batch 99	LR : 0.00063	Tot. Loss: 0.19
2024-12-25 17:38:12,705 INFO Epoch 131 	 Batch 199	LR : 0.00063	Tot. Loss: 0.19
2024-12-25 17:38:39,254 INFO Epoch 131 	 Batch 299	LR : 0.00063	Tot. Loss: 0.19
2024-12-25 17:38:55,741 INFO ################## 
 ---> Validation Epoch 131	Acc.: 79.480	FPR: 73.002	AUROC: 82.742	AUPR: 51.275	AURC: 64.363	EAURC: 41.700	AUPR Succ.: 95.053	ECE: 6.879	NLL: 6.642	Brier: 30.579
2024-12-25 17:38:55,742 INFO Accuracy improved from 79.34 to 79.48!!!
2024-12-25 17:38:55,750 INFO AURC decreased from 64.38 to 64.36!!!
2024-12-25 17:38:55,758 INFO ####### --- Training Epoch 132 --- #######
2024-12-25 17:39:22,572 INFO Epoch 132 	 Batch 99	LR : 0.00063	Tot. Loss: 0.19
2024-12-25 17:39:49,134 INFO Epoch 132 	 Batch 199	LR : 0.00063	Tot. Loss: 0.19
2024-12-25 17:40:15,724 INFO Epoch 132 	 Batch 299	LR : 0.00063	Tot. Loss: 0.19
2024-12-25 17:40:32,227 INFO ################## 
 ---> Validation Epoch 132	Acc.: 78.820	FPR: 75.354	AUROC: 82.301	AUPR: 49.933	AURC: 68.246	EAURC: 44.040	AUPR Succ.: 94.747	ECE: 7.293	NLL: 6.804	Brier: 31.502
2024-12-25 17:40:32,229 INFO ####### --- Training Epoch 133 --- #######
2024-12-25 17:40:59,124 INFO Epoch 133 	 Batch 99	LR : 0.00062	Tot. Loss: 0.19
2024-12-25 17:41:25,740 INFO Epoch 133 	 Batch 199	LR : 0.00062	Tot. Loss: 0.19
2024-12-25 17:41:45,985 INFO Epoch 133 	 Batch 299	LR : 0.00062	Tot. Loss: 0.19
2024-12-25 17:42:00,569 INFO ################## 
 ---> Validation Epoch 133	Acc.: 78.400	FPR: 74.167	AUROC: 82.432	AUPR: 51.542	AURC: 69.859	EAURC: 44.643	AUPR Succ.: 94.650	ECE: 8.026	NLL: 6.944	Brier: 32.023
2024-12-25 17:42:00,570 INFO ####### --- Training Epoch 134 --- #######
2024-12-25 17:42:27,537 INFO Epoch 134 	 Batch 99	LR : 0.00062	Tot. Loss: 0.19
2024-12-25 17:42:54,172 INFO Epoch 134 	 Batch 199	LR : 0.00062	Tot. Loss: 0.19
2024-12-25 17:43:20,789 INFO Epoch 134 	 Batch 299	LR : 0.00062	Tot. Loss: 0.19
2024-12-25 17:43:37,110 INFO ################## 
 ---> Validation Epoch 134	Acc.: 78.260	FPR: 72.861	AUROC: 83.112	AUPR: 54.542	AURC: 68.545	EAURC: 42.987	AUPR Succ.: 94.836	ECE: 7.691	NLL: 6.911	Brier: 31.916
2024-12-25 17:43:37,111 INFO ####### --- Training Epoch 135 --- #######
2024-12-25 17:44:04,082 INFO Epoch 135 	 Batch 99	LR : 0.00061	Tot. Loss: 0.19
2024-12-25 17:44:30,666 INFO Epoch 135 	 Batch 199	LR : 0.00061	Tot. Loss: 0.19
2024-12-25 17:44:57,268 INFO Epoch 135 	 Batch 299	LR : 0.00061	Tot. Loss: 0.19
2024-12-25 17:45:13,770 INFO ################## 
 ---> Validation Epoch 135	Acc.: 77.640	FPR: 74.866	AUROC: 82.211	AUPR: 52.819	AURC: 73.789	EAURC: 46.686	AUPR Succ.: 94.368	ECE: 8.087	NLL: 7.170	Brier: 33.052
2024-12-25 17:45:13,772 INFO ####### --- Training Epoch 136 --- #######
2024-12-25 17:45:40,692 INFO Epoch 136 	 Batch 99	LR : 0.00061	Tot. Loss: 0.19
2024-12-25 17:46:07,314 INFO Epoch 136 	 Batch 199	LR : 0.00061	Tot. Loss: 0.19
2024-12-25 17:46:33,970 INFO Epoch 136 	 Batch 299	LR : 0.00061	Tot. Loss: 0.19
2024-12-25 17:46:50,459 INFO ################## 
 ---> Validation Epoch 136	Acc.: 79.060	FPR: 71.347	AUROC: 83.325	AUPR: 51.891	AURC: 64.365	EAURC: 40.727	AUPR Succ.: 95.147	ECE: 7.366	NLL: 6.671	Brier: 30.850
2024-12-25 17:46:50,460 INFO ####### --- Training Epoch 137 --- #######
2024-12-25 17:47:17,673 INFO Epoch 137 	 Batch 99	LR : 0.00060	Tot. Loss: 0.19
2024-12-25 17:47:44,305 INFO Epoch 137 	 Batch 199	LR : 0.00060	Tot. Loss: 0.19
2024-12-25 17:48:10,371 INFO Epoch 137 	 Batch 299	LR : 0.00060	Tot. Loss: 0.19
2024-12-25 17:48:19,396 INFO ################## 
 ---> Validation Epoch 137	Acc.: 78.120	FPR: 74.406	AUROC: 82.506	AUPR: 52.339	AURC: 70.839	EAURC: 44.936	AUPR Succ.: 94.600	ECE: 7.767	NLL: 6.974	Brier: 32.284
2024-12-25 17:48:19,398 INFO ####### --- Training Epoch 138 --- #######
2024-12-25 17:48:45,211 INFO Epoch 138 	 Batch 99	LR : 0.00060	Tot. Loss: 0.19
2024-12-25 17:49:11,827 INFO Epoch 138 	 Batch 199	LR : 0.00060	Tot. Loss: 0.19
2024-12-25 17:49:38,470 INFO Epoch 138 	 Batch 299	LR : 0.00060	Tot. Loss: 0.19
2024-12-25 17:49:54,945 INFO ################## 
 ---> Validation Epoch 138	Acc.: 78.580	FPR: 73.669	AUROC: 82.637	AUPR: 51.235	AURC: 68.333	EAURC: 43.552	AUPR Succ.: 94.791	ECE: 7.376	NLL: 6.837	Brier: 31.680
2024-12-25 17:49:54,947 INFO ####### --- Training Epoch 139 --- #######
2024-12-25 17:50:21,988 INFO Epoch 139 	 Batch 99	LR : 0.00059	Tot. Loss: 0.19
2024-12-25 17:50:48,594 INFO Epoch 139 	 Batch 199	LR : 0.00059	Tot. Loss: 0.19
2024-12-25 17:51:15,219 INFO Epoch 139 	 Batch 299	LR : 0.00059	Tot. Loss: 0.19
2024-12-25 17:51:31,628 INFO ################## 
 ---> Validation Epoch 139	Acc.: 79.600	FPR: 76.667	AUROC: 82.010	AUPR: 48.539	AURC: 65.577	EAURC: 43.189	AUPR Succ.: 94.891	ECE: 6.739	NLL: 6.677	Brier: 30.818
2024-12-25 17:51:31,628 INFO Accuracy improved from 79.48 to 79.60!!!
2024-12-25 17:51:31,638 INFO ####### --- Training Epoch 140 --- #######
2024-12-25 17:51:58,586 INFO Epoch 140 	 Batch 99	LR : 0.00059	Tot. Loss: 0.19
2024-12-25 17:52:25,206 INFO Epoch 140 	 Batch 199	LR : 0.00059	Tot. Loss: 0.19
2024-12-25 17:52:51,817 INFO Epoch 140 	 Batch 299	LR : 0.00059	Tot. Loss: 0.19
2024-12-25 17:53:08,285 INFO ################## 
 ---> Validation Epoch 140	Acc.: 78.460	FPR: 73.723	AUROC: 82.393	AUPR: 51.977	AURC: 69.784	EAURC: 44.713	AUPR Succ.: 94.643	ECE: 7.683	NLL: 6.897	Brier: 31.890
2024-12-25 17:53:08,286 INFO ####### --- Training Epoch 141 --- #######
2024-12-25 17:53:35,275 INFO Epoch 141 	 Batch 99	LR : 0.00058	Tot. Loss: 0.19
2024-12-25 17:54:01,933 INFO Epoch 141 	 Batch 199	LR : 0.00058	Tot. Loss: 0.19
2024-12-25 17:54:28,526 INFO Epoch 141 	 Batch 299	LR : 0.00058	Tot. Loss: 0.19
2024-12-25 17:54:44,131 INFO ################## 
 ---> Validation Epoch 141	Acc.: 77.740	FPR: 72.866	AUROC: 82.481	AUPR: 53.487	AURC: 72.784	EAURC: 45.934	AUPR Succ.: 94.457	ECE: 8.262	NLL: 7.110	Brier: 32.729
2024-12-25 17:54:44,133 INFO ####### --- Training Epoch 142 --- #######
2024-12-25 17:55:03,748 INFO Epoch 142 	 Batch 99	LR : 0.00058	Tot. Loss: 0.19
2024-12-25 17:55:30,350 INFO Epoch 142 	 Batch 199	LR : 0.00058	Tot. Loss: 0.19
2024-12-25 17:55:56,983 INFO Epoch 142 	 Batch 299	LR : 0.00058	Tot. Loss: 0.19
2024-12-25 17:56:13,480 INFO ################## 
 ---> Validation Epoch 142	Acc.: 78.400	FPR: 72.222	AUROC: 82.965	AUPR: 53.728	AURC: 68.391	EAURC: 43.175	AUPR Succ.: 94.821	ECE: 7.737	NLL: 6.859	Brier: 31.722
2024-12-25 17:56:13,482 INFO ####### --- Training Epoch 143 --- #######
2024-12-25 17:56:40,480 INFO Epoch 143 	 Batch 99	LR : 0.00057	Tot. Loss: 0.19
2024-12-25 17:57:07,129 INFO Epoch 143 	 Batch 199	LR : 0.00057	Tot. Loss: 0.19
2024-12-25 17:57:33,762 INFO Epoch 143 	 Batch 299	LR : 0.00057	Tot. Loss: 0.19
2024-12-25 17:57:50,082 INFO ################## 
 ---> Validation Epoch 143	Acc.: 78.780	FPR: 70.594	AUROC: 83.074	AUPR: 53.435	AURC: 66.616	EAURC: 42.315	AUPR Succ.: 94.939	ECE: 7.382	NLL: 6.758	Brier: 31.184
2024-12-25 17:57:50,083 INFO ####### --- Training Epoch 144 --- #######
2024-12-25 17:58:17,030 INFO Epoch 144 	 Batch 99	LR : 0.00057	Tot. Loss: 0.19
2024-12-25 17:58:43,674 INFO Epoch 144 	 Batch 199	LR : 0.00057	Tot. Loss: 0.19
2024-12-25 17:59:10,316 INFO Epoch 144 	 Batch 299	LR : 0.00057	Tot. Loss: 0.19
2024-12-25 17:59:26,948 INFO ################## 
 ---> Validation Epoch 144	Acc.: 78.140	FPR: 73.376	AUROC: 82.715	AUPR: 53.228	AURC: 70.050	EAURC: 44.197	AUPR Succ.: 94.691	ECE: 7.999	NLL: 6.986	Brier: 32.316
2024-12-25 17:59:26,949 INFO ####### --- Training Epoch 145 --- #######
2024-12-25 17:59:53,990 INFO Epoch 145 	 Batch 99	LR : 0.00056	Tot. Loss: 0.19
2024-12-25 18:00:20,666 INFO Epoch 145 	 Batch 199	LR : 0.00056	Tot. Loss: 0.19
2024-12-25 18:00:47,311 INFO Epoch 145 	 Batch 299	LR : 0.00056	Tot. Loss: 0.19
2024-12-25 18:01:03,695 INFO ################## 
 ---> Validation Epoch 145	Acc.: 78.220	FPR: 74.013	AUROC: 82.970	AUPR: 51.893	AURC: 68.993	EAURC: 43.337	AUPR Succ.: 94.797	ECE: 8.075	NLL: 6.948	Brier: 32.030
2024-12-25 18:01:03,696 INFO ####### --- Training Epoch 146 --- #######
2024-12-25 18:01:23,293 INFO Epoch 146 	 Batch 99	LR : 0.00056	Tot. Loss: 0.19
2024-12-25 18:01:47,976 INFO Epoch 146 	 Batch 199	LR : 0.00056	Tot. Loss: 0.19
2024-12-25 18:02:14,628 INFO Epoch 146 	 Batch 299	LR : 0.00056	Tot. Loss: 0.19
2024-12-25 18:02:31,116 INFO ################## 
 ---> Validation Epoch 146	Acc.: 78.340	FPR: 69.991	AUROC: 83.282	AUPR: 54.466	AURC: 67.832	EAURC: 42.469	AUPR Succ.: 94.899	ECE: 7.867	NLL: 6.838	Brier: 31.651
2024-12-25 18:02:31,118 INFO ####### --- Training Epoch 147 --- #######
2024-12-25 18:02:58,063 INFO Epoch 147 	 Batch 99	LR : 0.00055	Tot. Loss: 0.19
2024-12-25 18:03:24,707 INFO Epoch 147 	 Batch 199	LR : 0.00055	Tot. Loss: 0.19
2024-12-25 18:03:51,349 INFO Epoch 147 	 Batch 299	LR : 0.00055	Tot. Loss: 0.19
2024-12-25 18:04:07,869 INFO ################## 
 ---> Validation Epoch 147	Acc.: 78.380	FPR: 74.931	AUROC: 82.445	AUPR: 50.938	AURC: 69.513	EAURC: 44.247	AUPR Succ.: 94.703	ECE: 7.772	NLL: 6.942	Brier: 32.121
2024-12-25 18:04:07,871 INFO ####### --- Training Epoch 148 --- #######
2024-12-25 18:04:34,973 INFO Epoch 148 	 Batch 99	LR : 0.00055	Tot. Loss: 0.19
2024-12-25 18:05:01,614 INFO Epoch 148 	 Batch 199	LR : 0.00055	Tot. Loss: 0.19
2024-12-25 18:05:28,266 INFO Epoch 148 	 Batch 299	LR : 0.00055	Tot. Loss: 0.19
2024-12-25 18:05:44,637 INFO ################## 
 ---> Validation Epoch 148	Acc.: 78.840	FPR: 73.062	AUROC: 82.821	AUPR: 52.164	AURC: 66.730	EAURC: 42.572	AUPR Succ.: 94.919	ECE: 7.301	NLL: 6.758	Brier: 31.273
2024-12-25 18:05:44,638 INFO ####### --- Training Epoch 149 --- #######
2024-12-25 18:06:11,648 INFO Epoch 149 	 Batch 99	LR : 0.00054	Tot. Loss: 0.19
2024-12-25 18:06:38,397 INFO Epoch 149 	 Batch 199	LR : 0.00054	Tot. Loss: 0.19
2024-12-25 18:07:05,051 INFO Epoch 149 	 Batch 299	LR : 0.00054	Tot. Loss: 0.19
2024-12-25 18:07:21,567 INFO ################## 
 ---> Validation Epoch 149	Acc.: 78.260	FPR: 71.481	AUROC: 82.873	AUPR: 53.809	AURC: 69.378	EAURC: 43.820	AUPR Succ.: 94.735	ECE: 7.630	NLL: 6.917	Brier: 31.909
2024-12-25 18:07:21,568 INFO ####### --- Training Epoch 150 --- #######
2024-12-25 18:07:47,905 INFO Epoch 150 	 Batch 99	LR : 0.00054	Tot. Loss: 0.19
2024-12-25 18:08:07,151 INFO Epoch 150 	 Batch 199	LR : 0.00054	Tot. Loss: 0.19
2024-12-25 18:08:33,872 INFO Epoch 150 	 Batch 299	LR : 0.00054	Tot. Loss: 0.19
2024-12-25 18:08:50,512 INFO ################## 
 ---> Validation Epoch 150	Acc.: 78.460	FPR: 72.238	AUROC: 82.601	AUPR: 52.630	AURC: 69.378	EAURC: 44.307	AUPR Succ.: 94.687	ECE: 7.616	NLL: 6.899	Brier: 31.732
2024-12-25 18:08:50,513 INFO ####### --- Training Epoch 151 --- #######
2024-12-25 18:09:17,615 INFO Epoch 151 	 Batch 99	LR : 0.00053	Tot. Loss: 0.19
2024-12-25 18:09:44,348 INFO Epoch 151 	 Batch 199	LR : 0.00053	Tot. Loss: 0.19
2024-12-25 18:10:11,026 INFO Epoch 151 	 Batch 299	LR : 0.00053	Tot. Loss: 0.19
2024-12-25 18:10:27,417 INFO ################## 
 ---> Validation Epoch 151	Acc.: 78.720	FPR: 72.274	AUROC: 82.874	AUPR: 52.085	AURC: 67.343	EAURC: 42.899	AUPR Succ.: 94.869	ECE: 7.462	NLL: 6.793	Brier: 31.329
2024-12-25 18:10:27,419 INFO ####### --- Training Epoch 152 --- #######
2024-12-25 18:10:54,446 INFO Epoch 152 	 Batch 99	LR : 0.00053	Tot. Loss: 0.19
2024-12-25 18:11:21,145 INFO Epoch 152 	 Batch 199	LR : 0.00053	Tot. Loss: 0.19
2024-12-25 18:11:47,846 INFO Epoch 152 	 Batch 299	LR : 0.00053	Tot. Loss: 0.19
2024-12-25 18:12:04,385 INFO ################## 
 ---> Validation Epoch 152	Acc.: 78.820	FPR: 72.710	AUROC: 82.675	AUPR: 51.994	AURC: 67.386	EAURC: 43.181	AUPR Succ.: 94.844	ECE: 7.057	NLL: 6.813	Brier: 31.358
2024-12-25 18:12:04,386 INFO ####### --- Training Epoch 153 --- #######
2024-12-25 18:12:31,433 INFO Epoch 153 	 Batch 99	LR : 0.00052	Tot. Loss: 0.19
2024-12-25 18:12:58,139 INFO Epoch 153 	 Batch 199	LR : 0.00052	Tot. Loss: 0.19
2024-12-25 18:13:24,852 INFO Epoch 153 	 Batch 299	LR : 0.00052	Tot. Loss: 0.19
2024-12-25 18:13:41,508 INFO ################## 
 ---> Validation Epoch 153	Acc.: 78.160	FPR: 73.168	AUROC: 82.973	AUPR: 52.971	AURC: 69.521	EAURC: 43.717	AUPR Succ.: 94.742	ECE: 8.294	NLL: 6.925	Brier: 31.990
2024-12-25 18:13:41,509 INFO ####### --- Training Epoch 154 --- #######
2024-12-25 18:14:08,643 INFO Epoch 154 	 Batch 99	LR : 0.00052	Tot. Loss: 0.19
2024-12-25 18:14:27,600 INFO Epoch 154 	 Batch 199	LR : 0.00052	Tot. Loss: 0.19
2024-12-25 18:14:52,518 INFO Epoch 154 	 Batch 299	LR : 0.00052	Tot. Loss: 0.19
2024-12-25 18:15:09,154 INFO ################## 
 ---> Validation Epoch 154	Acc.: 78.860	FPR: 71.239	AUROC: 83.145	AUPR: 53.767	AURC: 65.981	EAURC: 41.870	AUPR Succ.: 94.998	ECE: 7.116	NLL: 6.669	Brier: 31.030
2024-12-25 18:15:09,155 INFO ####### --- Training Epoch 155 --- #######
2024-12-25 18:15:36,301 INFO Epoch 155 	 Batch 99	LR : 0.00051	Tot. Loss: 0.19
2024-12-25 18:16:03,016 INFO Epoch 155 	 Batch 199	LR : 0.00051	Tot. Loss: 0.19
2024-12-25 18:16:29,731 INFO Epoch 155 	 Batch 299	LR : 0.00051	Tot. Loss: 0.19
2024-12-25 18:16:46,126 INFO ################## 
 ---> Validation Epoch 155	Acc.: 78.840	FPR: 74.102	AUROC: 82.838	AUPR: 51.174	AURC: 66.674	EAURC: 42.516	AUPR Succ.: 94.926	ECE: 7.393	NLL: 6.780	Brier: 31.291
2024-12-25 18:16:46,127 INFO ####### --- Training Epoch 156 --- #######
2024-12-25 18:17:13,169 INFO Epoch 156 	 Batch 99	LR : 0.00050	Tot. Loss: 0.19
2024-12-25 18:17:39,870 INFO Epoch 156 	 Batch 199	LR : 0.00050	Tot. Loss: 0.19
2024-12-25 18:18:06,576 INFO Epoch 156 	 Batch 299	LR : 0.00050	Tot. Loss: 0.19
2024-12-25 18:18:22,999 INFO ################## 
 ---> Validation Epoch 156	Acc.: 79.840	FPR: 74.306	AUROC: 82.660	AUPR: 49.405	AURC: 62.753	EAURC: 40.909	AUPR Succ.: 95.168	ECE: 6.652	NLL: 6.539	Brier: 30.266
2024-12-25 18:18:23,000 INFO Accuracy improved from 79.60 to 79.84!!!
2024-12-25 18:18:23,008 INFO AURC decreased from 64.36 to 62.75!!!
2024-12-25 18:18:23,016 INFO ####### --- Training Epoch 157 --- #######
2024-12-25 18:18:50,020 INFO Epoch 157 	 Batch 99	LR : 0.00050	Tot. Loss: 0.19
2024-12-25 18:19:16,698 INFO Epoch 157 	 Batch 199	LR : 0.00050	Tot. Loss: 0.19
2024-12-25 18:19:43,404 INFO Epoch 157 	 Batch 299	LR : 0.00050	Tot. Loss: 0.19
2024-12-25 18:19:59,914 INFO ################## 
 ---> Validation Epoch 157	Acc.: 79.280	FPR: 76.255	AUROC: 82.171	AUPR: 49.353	AURC: 66.507	EAURC: 43.383	AUPR Succ.: 94.851	ECE: 7.359	NLL: 6.769	Brier: 31.168
2024-12-25 18:19:59,915 INFO ####### --- Training Epoch 158 --- #######
2024-12-25 18:20:27,183 INFO Epoch 158 	 Batch 99	LR : 0.00049	Tot. Loss: 0.19
2024-12-25 18:20:53,012 INFO Epoch 158 	 Batch 199	LR : 0.00049	Tot. Loss: 0.19
2024-12-25 18:21:12,360 INFO Epoch 158 	 Batch 299	LR : 0.00049	Tot. Loss: 0.19
2024-12-25 18:21:28,710 INFO ################## 
 ---> Validation Epoch 158	Acc.: 78.640	FPR: 74.813	AUROC: 82.431	AUPR: 51.174	AURC: 68.609	EAURC: 43.972	AUPR Succ.: 94.746	ECE: 7.376	NLL: 6.856	Brier: 31.670
2024-12-25 18:21:28,711 INFO ####### --- Training Epoch 159 --- #######
2024-12-25 18:21:55,746 INFO Epoch 159 	 Batch 99	LR : 0.00049	Tot. Loss: 0.19
2024-12-25 18:22:22,441 INFO Epoch 159 	 Batch 199	LR : 0.00049	Tot. Loss: 0.19
2024-12-25 18:22:49,104 INFO Epoch 159 	 Batch 299	LR : 0.00049	Tot. Loss: 0.19
2024-12-25 18:23:05,606 INFO ################## 
 ---> Validation Epoch 159	Acc.: 78.620	FPR: 71.843	AUROC: 82.808	AUPR: 52.438	AURC: 67.928	EAURC: 43.243	AUPR Succ.: 94.825	ECE: 7.426	NLL: 6.810	Brier: 31.497
2024-12-25 18:23:05,607 INFO ####### --- Training Epoch 160 --- #######
2024-12-25 18:23:32,557 INFO Epoch 160 	 Batch 99	LR : 0.00048	Tot. Loss: 0.19
2024-12-25 18:23:59,278 INFO Epoch 160 	 Batch 199	LR : 0.00048	Tot. Loss: 0.19
2024-12-25 18:24:25,952 INFO Epoch 160 	 Batch 299	LR : 0.00048	Tot. Loss: 0.19
2024-12-25 18:24:42,363 INFO ################## 
 ---> Validation Epoch 160	Acc.: 78.620	FPR: 70.440	AUROC: 82.975	AUPR: 51.971	AURC: 67.426	EAURC: 42.741	AUPR Succ.: 94.883	ECE: 7.753	NLL: 6.747	Brier: 31.323
2024-12-25 18:24:42,365 INFO ####### --- Training Epoch 161 --- #######
2024-12-25 18:25:09,350 INFO Epoch 161 	 Batch 99	LR : 0.00048	Tot. Loss: 0.19
2024-12-25 18:25:36,051 INFO Epoch 161 	 Batch 199	LR : 0.00048	Tot. Loss: 0.19
2024-12-25 18:26:02,736 INFO Epoch 161 	 Batch 299	LR : 0.00048	Tot. Loss: 0.19
2024-12-25 18:26:19,143 INFO ################## 
 ---> Validation Epoch 161	Acc.: 79.320	FPR: 69.632	AUROC: 83.397	AUPR: 52.555	AURC: 63.253	EAURC: 40.222	AUPR Succ.: 95.215	ECE: 7.026	NLL: 6.578	Brier: 30.404
2024-12-25 18:26:19,144 INFO ####### --- Training Epoch 162 --- #######
2024-12-25 18:26:46,333 INFO Epoch 162 	 Batch 99	LR : 0.00047	Tot. Loss: 0.19
2024-12-25 18:27:13,018 INFO Epoch 162 	 Batch 199	LR : 0.00047	Tot. Loss: 0.19
2024-12-25 18:27:32,502 INFO Epoch 162 	 Batch 299	LR : 0.00047	Tot. Loss: 0.19
2024-12-25 18:27:46,898 INFO ################## 
 ---> Validation Epoch 162	Acc.: 78.560	FPR: 71.549	AUROC: 82.563	AUPR: 52.524	AURC: 69.199	EAURC: 44.371	AUPR Succ.: 94.684	ECE: 7.464	NLL: 6.892	Brier: 31.616
2024-12-25 18:27:46,900 INFO ####### --- Training Epoch 163 --- #######
2024-12-25 18:28:14,005 INFO Epoch 163 	 Batch 99	LR : 0.00047	Tot. Loss: 0.19
2024-12-25 18:28:40,710 INFO Epoch 163 	 Batch 199	LR : 0.00047	Tot. Loss: 0.19
2024-12-25 18:29:07,402 INFO Epoch 163 	 Batch 299	LR : 0.00047	Tot. Loss: 0.19
2024-12-25 18:29:23,797 INFO ################## 
 ---> Validation Epoch 163	Acc.: 78.700	FPR: 70.798	AUROC: 83.081	AUPR: 52.665	AURC: 66.997	EAURC: 42.505	AUPR Succ.: 94.911	ECE: 7.798	NLL: 6.787	Brier: 31.275
2024-12-25 18:29:23,798 INFO ####### --- Training Epoch 164 --- #######
2024-12-25 18:29:50,829 INFO Epoch 164 	 Batch 99	LR : 0.00046	Tot. Loss: 0.19
2024-12-25 18:30:17,510 INFO Epoch 164 	 Batch 199	LR : 0.00046	Tot. Loss: 0.19
2024-12-25 18:30:44,188 INFO Epoch 164 	 Batch 299	LR : 0.00046	Tot. Loss: 0.19
2024-12-25 18:31:00,664 INFO ################## 
 ---> Validation Epoch 164	Acc.: 78.440	FPR: 71.243	AUROC: 82.711	AUPR: 52.850	AURC: 69.138	EAURC: 44.019	AUPR Succ.: 94.720	ECE: 7.887	NLL: 6.885	Brier: 31.663
2024-12-25 18:31:00,666 INFO ####### --- Training Epoch 165 --- #######
2024-12-25 18:31:27,777 INFO Epoch 165 	 Batch 99	LR : 0.00046	Tot. Loss: 0.19
2024-12-25 18:31:54,450 INFO Epoch 165 	 Batch 199	LR : 0.00046	Tot. Loss: 0.19
2024-12-25 18:32:21,141 INFO Epoch 165 	 Batch 299	LR : 0.00046	Tot. Loss: 0.19
2024-12-25 18:32:37,500 INFO ################## 
 ---> Validation Epoch 165	Acc.: 78.820	FPR: 72.427	AUROC: 82.444	AUPR: 51.572	AURC: 68.052	EAURC: 43.846	AUPR Succ.: 94.765	ECE: 7.423	NLL: 6.837	Brier: 31.516
2024-12-25 18:32:37,501 INFO ####### --- Training Epoch 166 --- #######
2024-12-25 18:33:04,404 INFO Epoch 166 	 Batch 99	LR : 0.00045	Tot. Loss: 0.19
2024-12-25 18:33:31,210 INFO Epoch 166 	 Batch 199	LR : 0.00045	Tot. Loss: 0.19
2024-12-25 18:33:57,618 INFO Epoch 166 	 Batch 299	LR : 0.00045	Tot. Loss: 0.19
2024-12-25 18:34:06,047 INFO ################## 
 ---> Validation Epoch 166	Acc.: 78.240	FPR: 73.805	AUROC: 82.534	AUPR: 52.480	AURC: 70.336	EAURC: 44.728	AUPR Succ.: 94.629	ECE: 8.033	NLL: 7.020	Brier: 32.195
2024-12-25 18:34:06,049 INFO ####### --- Training Epoch 167 --- #######
2024-12-25 18:34:32,989 INFO Epoch 167 	 Batch 99	LR : 0.00045	Tot. Loss: 0.19
2024-12-25 18:34:59,702 INFO Epoch 167 	 Batch 199	LR : 0.00045	Tot. Loss: 0.19
2024-12-25 18:35:26,395 INFO Epoch 167 	 Batch 299	LR : 0.00045	Tot. Loss: 0.19
2024-12-25 18:35:42,952 INFO ################## 
 ---> Validation Epoch 167	Acc.: 77.740	FPR: 73.046	AUROC: 82.540	AUPR: 53.766	AURC: 72.481	EAURC: 45.631	AUPR Succ.: 94.496	ECE: 8.233	NLL: 7.084	Brier: 32.771
2024-12-25 18:35:42,954 INFO ####### --- Training Epoch 168 --- #######
2024-12-25 18:36:09,997 INFO Epoch 168 	 Batch 99	LR : 0.00044	Tot. Loss: 0.19
2024-12-25 18:36:36,713 INFO Epoch 168 	 Batch 199	LR : 0.00044	Tot. Loss: 0.19
2024-12-25 18:37:03,418 INFO Epoch 168 	 Batch 299	LR : 0.00044	Tot. Loss: 0.19
2024-12-25 18:37:19,910 INFO ################## 
 ---> Validation Epoch 168	Acc.: 78.060	FPR: 70.647	AUROC: 83.004	AUPR: 54.863	AURC: 69.874	EAURC: 43.822	AUPR Succ.: 94.723	ECE: 8.159	NLL: 6.948	Brier: 32.041
2024-12-25 18:37:19,912 INFO ####### --- Training Epoch 169 --- #######
2024-12-25 18:37:46,913 INFO Epoch 169 	 Batch 99	LR : 0.00044	Tot. Loss: 0.19
2024-12-25 18:38:13,607 INFO Epoch 169 	 Batch 199	LR : 0.00044	Tot. Loss: 0.19
2024-12-25 18:38:40,307 INFO Epoch 169 	 Batch 299	LR : 0.00044	Tot. Loss: 0.19
2024-12-25 18:38:56,757 INFO ################## 
 ---> Validation Epoch 169	Acc.: 78.700	FPR: 72.770	AUROC: 83.027	AUPR: 51.989	AURC: 66.628	EAURC: 42.136	AUPR Succ.: 94.965	ECE: 7.571	NLL: 6.827	Brier: 31.535
2024-12-25 18:38:56,759 INFO ####### --- Training Epoch 170 --- #######
2024-12-25 18:39:23,772 INFO Epoch 170 	 Batch 99	LR : 0.00043	Tot. Loss: 0.19
2024-12-25 18:39:50,506 INFO Epoch 170 	 Batch 199	LR : 0.00043	Tot. Loss: 0.19
2024-12-25 18:40:17,229 INFO Epoch 170 	 Batch 299	LR : 0.00043	Tot. Loss: 0.19
2024-12-25 18:40:32,330 INFO ################## 
 ---> Validation Epoch 170	Acc.: 79.260	FPR: 71.649	AUROC: 83.089	AUPR: 52.200	AURC: 64.462	EAURC: 41.291	AUPR Succ.: 95.085	ECE: 7.168	NLL: 6.629	Brier: 30.545
2024-12-25 18:40:32,332 INFO ####### --- Training Epoch 171 --- #######
2024-12-25 18:40:52,343 INFO Epoch 171 	 Batch 99	LR : 0.00043	Tot. Loss: 0.19
2024-12-25 18:41:19,019 INFO Epoch 171 	 Batch 199	LR : 0.00043	Tot. Loss: 0.19
2024-12-25 18:41:45,760 INFO Epoch 171 	 Batch 299	LR : 0.00043	Tot. Loss: 0.19
2024-12-25 18:42:02,178 INFO ################## 
 ---> Validation Epoch 171	Acc.: 78.100	FPR: 73.425	AUROC: 82.699	AUPR: 52.613	AURC: 70.434	EAURC: 44.482	AUPR Succ.: 94.652	ECE: 7.957	NLL: 6.940	Brier: 32.195
2024-12-25 18:42:02,179 INFO ####### --- Training Epoch 172 --- #######
2024-12-25 18:42:29,234 INFO Epoch 172 	 Batch 99	LR : 0.00042	Tot. Loss: 0.19
2024-12-25 18:42:55,942 INFO Epoch 172 	 Batch 199	LR : 0.00042	Tot. Loss: 0.19
2024-12-25 18:43:22,633 INFO Epoch 172 	 Batch 299	LR : 0.00042	Tot. Loss: 0.19
2024-12-25 18:43:39,104 INFO ################## 
 ---> Validation Epoch 172	Acc.: 78.520	FPR: 73.464	AUROC: 82.481	AUPR: 51.386	AURC: 69.273	EAURC: 44.347	AUPR Succ.: 94.690	ECE: 7.710	NLL: 6.896	Brier: 31.747
2024-12-25 18:43:39,105 INFO ####### --- Training Epoch 173 --- #######
2024-12-25 18:44:06,253 INFO Epoch 173 	 Batch 99	LR : 0.00042	Tot. Loss: 0.19
2024-12-25 18:44:32,951 INFO Epoch 173 	 Batch 199	LR : 0.00042	Tot. Loss: 0.19
2024-12-25 18:44:59,635 INFO Epoch 173 	 Batch 299	LR : 0.00042	Tot. Loss: 0.19
2024-12-25 18:45:16,059 INFO ################## 
 ---> Validation Epoch 173	Acc.: 78.700	FPR: 73.521	AUROC: 82.861	AUPR: 51.775	AURC: 67.164	EAURC: 42.672	AUPR Succ.: 94.901	ECE: 7.276	NLL: 6.778	Brier: 31.395
2024-12-25 18:45:16,060 INFO ####### --- Training Epoch 174 --- #######
2024-12-25 18:45:43,115 INFO Epoch 174 	 Batch 99	LR : 0.00041	Tot. Loss: 0.19
2024-12-25 18:46:09,808 INFO Epoch 174 	 Batch 199	LR : 0.00041	Tot. Loss: 0.19
2024-12-25 18:46:36,647 INFO Epoch 174 	 Batch 299	LR : 0.00041	Tot. Loss: 0.19
2024-12-25 18:46:53,203 INFO ################## 
 ---> Validation Epoch 174	Acc.: 79.020	FPR: 72.736	AUROC: 82.859	AUPR: 51.700	AURC: 65.841	EAURC: 42.109	AUPR Succ.: 94.983	ECE: 7.328	NLL: 6.711	Brier: 31.020
2024-12-25 18:46:53,204 INFO ####### --- Training Epoch 175 --- #######
2024-12-25 18:47:12,122 INFO Epoch 175 	 Batch 99	LR : 0.00041	Tot. Loss: 0.19
2024-12-25 18:47:38,782 INFO Epoch 175 	 Batch 199	LR : 0.00041	Tot. Loss: 0.19
2024-12-25 18:48:05,397 INFO Epoch 175 	 Batch 299	LR : 0.00041	Tot. Loss: 0.19
2024-12-25 18:48:21,887 INFO ################## 
 ---> Validation Epoch 175	Acc.: 78.440	FPR: 74.026	AUROC: 82.296	AUPR: 51.916	AURC: 69.761	EAURC: 44.642	AUPR Succ.: 94.659	ECE: 7.701	NLL: 6.959	Brier: 32.216
2024-12-25 18:48:21,888 INFO ####### --- Training Epoch 176 --- #######
2024-12-25 18:48:48,813 INFO Epoch 176 	 Batch 99	LR : 0.00040	Tot. Loss: 0.19
2024-12-25 18:49:15,446 INFO Epoch 176 	 Batch 199	LR : 0.00040	Tot. Loss: 0.19
2024-12-25 18:49:42,107 INFO Epoch 176 	 Batch 299	LR : 0.00040	Tot. Loss: 0.19
2024-12-25 18:49:58,558 INFO ################## 
 ---> Validation Epoch 176	Acc.: 78.360	FPR: 71.442	AUROC: 82.686	AUPR: 51.664	AURC: 69.396	EAURC: 44.082	AUPR Succ.: 94.712	ECE: 7.921	NLL: 6.921	Brier: 31.859
2024-12-25 18:49:58,559 INFO ####### --- Training Epoch 177 --- #######
2024-12-25 18:50:25,404 INFO Epoch 177 	 Batch 99	LR : 0.00040	Tot. Loss: 0.19
2024-12-25 18:50:51,971 INFO Epoch 177 	 Batch 199	LR : 0.00040	Tot. Loss: 0.19
2024-12-25 18:51:18,528 INFO Epoch 177 	 Batch 299	LR : 0.00040	Tot. Loss: 0.19
2024-12-25 18:51:34,898 INFO ################## 
 ---> Validation Epoch 177	Acc.: 79.180	FPR: 70.989	AUROC: 83.141	AUPR: 52.899	AURC: 64.574	EAURC: 41.217	AUPR Succ.: 95.091	ECE: 7.330	NLL: 6.673	Brier: 30.750
2024-12-25 18:51:34,899 INFO ####### --- Training Epoch 178 --- #######
2024-12-25 18:52:01,815 INFO Epoch 178 	 Batch 99	LR : 0.00039	Tot. Loss: 0.19
2024-12-25 18:52:28,396 INFO Epoch 178 	 Batch 199	LR : 0.00039	Tot. Loss: 0.19
2024-12-25 18:52:55,016 INFO Epoch 178 	 Batch 299	LR : 0.00039	Tot. Loss: 0.19
2024-12-25 18:53:11,677 INFO ################## 
 ---> Validation Epoch 178	Acc.: 78.920	FPR: 73.719	AUROC: 83.206	AUPR: 51.857	AURC: 65.290	EAURC: 41.322	AUPR Succ.: 95.071	ECE: 7.690	NLL: 6.725	Brier: 31.059
2024-12-25 18:53:11,678 INFO ####### --- Training Epoch 179 --- #######
2024-12-25 18:53:36,585 INFO Epoch 179 	 Batch 99	LR : 0.00039	Tot. Loss: 0.19
2024-12-25 18:53:55,779 INFO Epoch 179 	 Batch 199	LR : 0.00039	Tot. Loss: 0.19
2024-12-25 18:54:22,538 INFO Epoch 179 	 Batch 299	LR : 0.00039	Tot. Loss: 0.19
2024-12-25 18:54:39,152 INFO ################## 
 ---> Validation Epoch 179	Acc.: 79.080	FPR: 72.180	AUROC: 82.825	AUPR: 51.469	AURC: 65.941	EAURC: 42.350	AUPR Succ.: 94.953	ECE: 7.489	NLL: 6.707	Brier: 30.923
2024-12-25 18:54:39,154 INFO ####### --- Training Epoch 180 --- #######
2024-12-25 18:55:06,289 INFO Epoch 180 	 Batch 99	LR : 0.00038	Tot. Loss: 0.19
2024-12-25 18:55:33,020 INFO Epoch 180 	 Batch 199	LR : 0.00038	Tot. Loss: 0.19
2024-12-25 18:55:59,741 INFO Epoch 180 	 Batch 299	LR : 0.00038	Tot. Loss: 0.19
2024-12-25 18:56:16,157 INFO ################## 
 ---> Validation Epoch 180	Acc.: 78.880	FPR: 72.159	AUROC: 82.910	AUPR: 52.568	AURC: 66.457	EAURC: 42.394	AUPR Succ.: 94.939	ECE: 7.478	NLL: 6.813	Brier: 31.254
2024-12-25 18:56:16,158 INFO ####### --- Training Epoch 181 --- #######
2024-12-25 18:56:43,142 INFO Epoch 181 	 Batch 99	LR : 0.00038	Tot. Loss: 0.19
2024-12-25 18:57:09,826 INFO Epoch 181 	 Batch 199	LR : 0.00038	Tot. Loss: 0.19
2024-12-25 18:57:36,667 INFO Epoch 181 	 Batch 299	LR : 0.00038	Tot. Loss: 0.19
2024-12-25 18:57:53,117 INFO ################## 
 ---> Validation Epoch 181	Acc.: 78.720	FPR: 69.831	AUROC: 83.435	AUPR: 54.236	AURC: 65.997	EAURC: 41.552	AUPR Succ.: 95.022	ECE: 7.424	NLL: 6.662	Brier: 30.836
2024-12-25 18:57:53,118 INFO ####### --- Training Epoch 182 --- #######
2024-12-25 18:58:20,301 INFO Epoch 182 	 Batch 99	LR : 0.00037	Tot. Loss: 0.19
2024-12-25 18:58:47,011 INFO Epoch 182 	 Batch 199	LR : 0.00037	Tot. Loss: 0.19
2024-12-25 18:59:13,729 INFO Epoch 182 	 Batch 299	LR : 0.00037	Tot. Loss: 0.19
2024-12-25 18:59:30,172 INFO ################## 
 ---> Validation Epoch 182	Acc.: 79.200	FPR: 74.519	AUROC: 82.567	AUPR: 50.523	AURC: 65.820	EAURC: 42.509	AUPR Succ.: 94.947	ECE: 7.026	NLL: 6.740	Brier: 31.064
2024-12-25 18:59:30,173 INFO ####### --- Training Epoch 183 --- #######
2024-12-25 18:59:57,546 INFO Epoch 183 	 Batch 99	LR : 0.00037	Tot. Loss: 0.19
2024-12-25 19:00:16,035 INFO Epoch 183 	 Batch 199	LR : 0.00037	Tot. Loss: 0.19
2024-12-25 19:00:42,833 INFO Epoch 183 	 Batch 299	LR : 0.00037	Tot. Loss: 0.19
2024-12-25 19:00:59,226 INFO ################## 
 ---> Validation Epoch 183	Acc.: 78.580	FPR: 73.296	AUROC: 82.981	AUPR: 53.150	AURC: 67.798	EAURC: 43.018	AUPR Succ.: 94.845	ECE: 7.600	NLL: 6.844	Brier: 31.420
2024-12-25 19:00:59,227 INFO ####### --- Training Epoch 184 --- #######
2024-12-25 19:01:26,274 INFO Epoch 184 	 Batch 99	LR : 0.00036	Tot. Loss: 0.19
2024-12-25 19:01:52,949 INFO Epoch 184 	 Batch 199	LR : 0.00036	Tot. Loss: 0.19
2024-12-25 19:02:19,629 INFO Epoch 184 	 Batch 299	LR : 0.00036	Tot. Loss: 0.19
2024-12-25 19:02:36,085 INFO ################## 
 ---> Validation Epoch 184	Acc.: 79.040	FPR: 74.523	AUROC: 82.687	AUPR: 51.364	AURC: 66.203	EAURC: 42.518	AUPR Succ.: 94.937	ECE: 7.235	NLL: 6.733	Brier: 31.158
2024-12-25 19:02:36,087 INFO ####### --- Training Epoch 185 --- #######
2024-12-25 19:03:03,171 INFO Epoch 185 	 Batch 99	LR : 0.00036	Tot. Loss: 0.19
2024-12-25 19:03:29,829 INFO Epoch 185 	 Batch 199	LR : 0.00036	Tot. Loss: 0.19
2024-12-25 19:03:56,495 INFO Epoch 185 	 Batch 299	LR : 0.00036	Tot. Loss: 0.19
2024-12-25 19:04:12,911 INFO ################## 
 ---> Validation Epoch 185	Acc.: 78.580	FPR: 70.775	AUROC: 82.926	AUPR: 53.032	AURC: 67.871	EAURC: 43.091	AUPR Succ.: 94.838	ECE: 7.598	NLL: 6.811	Brier: 31.431
2024-12-25 19:04:12,913 INFO ####### --- Training Epoch 186 --- #######
2024-12-25 19:04:39,993 INFO Epoch 186 	 Batch 99	LR : 0.00035	Tot. Loss: 0.19
2024-12-25 19:05:06,665 INFO Epoch 186 	 Batch 199	LR : 0.00035	Tot. Loss: 0.19
2024-12-25 19:05:33,310 INFO Epoch 186 	 Batch 299	LR : 0.00035	Tot. Loss: 0.19
2024-12-25 19:05:49,765 INFO ################## 
 ---> Validation Epoch 186	Acc.: 78.400	FPR: 71.019	AUROC: 82.784	AUPR: 52.808	AURC: 69.155	EAURC: 43.939	AUPR Succ.: 94.727	ECE: 7.823	NLL: 6.929	Brier: 31.752
2024-12-25 19:05:49,767 INFO ####### --- Training Epoch 187 --- #######
2024-12-25 19:06:16,647 INFO Epoch 187 	 Batch 99	LR : 0.00035	Tot. Loss: 0.19
2024-12-25 19:06:41,316 INFO Epoch 187 	 Batch 199	LR : 0.00035	Tot. Loss: 0.19
2024-12-25 19:07:00,431 INFO Epoch 187 	 Batch 299	LR : 0.00035	Tot. Loss: 0.19
2024-12-25 19:07:16,827 INFO ################## 
 ---> Validation Epoch 187	Acc.: 79.260	FPR: 73.288	AUROC: 82.853	AUPR: 51.218	AURC: 64.831	EAURC: 41.660	AUPR Succ.: 95.048	ECE: 7.035	NLL: 6.669	Brier: 30.829
2024-12-25 19:07:16,828 INFO ####### --- Training Epoch 188 --- #######
2024-12-25 19:07:43,746 INFO Epoch 188 	 Batch 99	LR : 0.00034	Tot. Loss: 0.19
2024-12-25 19:08:10,362 INFO Epoch 188 	 Batch 199	LR : 0.00034	Tot. Loss: 0.19
2024-12-25 19:08:37,000 INFO Epoch 188 	 Batch 299	LR : 0.00034	Tot. Loss: 0.19
2024-12-25 19:08:53,417 INFO ################## 
 ---> Validation Epoch 188	Acc.: 78.800	FPR: 74.151	AUROC: 83.145	AUPR: 52.708	AURC: 65.827	EAURC: 41.573	AUPR Succ.: 95.037	ECE: 7.449	NLL: 6.779	Brier: 31.268
2024-12-25 19:08:53,418 INFO ####### --- Training Epoch 189 --- #######
2024-12-25 19:09:20,503 INFO Epoch 189 	 Batch 99	LR : 0.00034	Tot. Loss: 0.19
2024-12-25 19:09:47,097 INFO Epoch 189 	 Batch 199	LR : 0.00034	Tot. Loss: 0.19
2024-12-25 19:10:13,709 INFO Epoch 189 	 Batch 299	LR : 0.00034	Tot. Loss: 0.19
2024-12-25 19:10:30,029 INFO ################## 
 ---> Validation Epoch 189	Acc.: 78.040	FPR: 71.676	AUROC: 83.180	AUPR: 55.030	AURC: 69.369	EAURC: 43.268	AUPR Succ.: 94.789	ECE: 8.122	NLL: 6.927	Brier: 32.058
2024-12-25 19:10:30,031 INFO ####### --- Training Epoch 190 --- #######
2024-12-25 19:10:56,862 INFO Epoch 190 	 Batch 99	LR : 0.00033	Tot. Loss: 0.19
2024-12-25 19:11:23,451 INFO Epoch 190 	 Batch 199	LR : 0.00033	Tot. Loss: 0.19
2024-12-25 19:11:50,074 INFO Epoch 190 	 Batch 299	LR : 0.00033	Tot. Loss: 0.19
2024-12-25 19:12:06,642 INFO ################## 
 ---> Validation Epoch 190	Acc.: 77.880	FPR: 73.779	AUROC: 82.597	AUPR: 52.930	AURC: 71.825	EAURC: 45.326	AUPR Succ.: 94.537	ECE: 8.155	NLL: 7.044	Brier: 32.493
2024-12-25 19:12:06,644 INFO ####### --- Training Epoch 191 --- #######
2024-12-25 19:12:33,692 INFO Epoch 191 	 Batch 99	LR : 0.00033	Tot. Loss: 0.19
2024-12-25 19:13:00,400 INFO Epoch 191 	 Batch 199	LR : 0.00033	Tot. Loss: 0.19
2024-12-25 19:13:19,115 INFO Epoch 191 	 Batch 299	LR : 0.00033	Tot. Loss: 0.19
2024-12-25 19:13:35,343 INFO ################## 
 ---> Validation Epoch 191	Acc.: 78.500	FPR: 71.907	AUROC: 82.548	AUPR: 50.987	AURC: 69.148	EAURC: 44.174	AUPR Succ.: 94.710	ECE: 7.712	NLL: 6.951	Brier: 31.840
2024-12-25 19:13:35,345 INFO ####### --- Training Epoch 192 --- #######
2024-12-25 19:14:02,293 INFO Epoch 192 	 Batch 99	LR : 0.00032	Tot. Loss: 0.19
2024-12-25 19:14:28,900 INFO Epoch 192 	 Batch 199	LR : 0.00032	Tot. Loss: 0.19
2024-12-25 19:14:55,543 INFO Epoch 192 	 Batch 299	LR : 0.00032	Tot. Loss: 0.19
2024-12-25 19:15:12,050 INFO ################## 
 ---> Validation Epoch 192	Acc.: 78.320	FPR: 71.494	AUROC: 83.070	AUPR: 53.861	AURC: 68.553	EAURC: 43.141	AUPR Succ.: 94.818	ECE: 8.121	NLL: 6.884	Brier: 31.799
2024-12-25 19:15:12,051 INFO ####### --- Training Epoch 193 --- #######
2024-12-25 19:15:38,917 INFO Epoch 193 	 Batch 99	LR : 0.00032	Tot. Loss: 0.19
2024-12-25 19:16:05,493 INFO Epoch 193 	 Batch 199	LR : 0.00032	Tot. Loss: 0.19
2024-12-25 19:16:32,052 INFO Epoch 193 	 Batch 299	LR : 0.00032	Tot. Loss: 0.19
2024-12-25 19:16:48,525 INFO ################## 
 ---> Validation Epoch 193	Acc.: 78.640	FPR: 73.034	AUROC: 82.627	AUPR: 51.817	AURC: 68.017	EAURC: 43.381	AUPR Succ.: 94.815	ECE: 7.678	NLL: 6.850	Brier: 31.687
2024-12-25 19:16:48,526 INFO ####### --- Training Epoch 194 --- #######
2024-12-25 19:17:15,456 INFO Epoch 194 	 Batch 99	LR : 0.00031	Tot. Loss: 0.19
2024-12-25 19:17:41,971 INFO Epoch 194 	 Batch 199	LR : 0.00031	Tot. Loss: 0.19
2024-12-25 19:18:08,514 INFO Epoch 194 	 Batch 299	LR : 0.00031	Tot. Loss: 0.19
2024-12-25 19:18:24,860 INFO ################## 
 ---> Validation Epoch 194	Acc.: 79.020	FPR: 72.831	AUROC: 82.925	AUPR: 51.386	AURC: 65.724	EAURC: 41.991	AUPR Succ.: 94.995	ECE: 7.201	NLL: 6.706	Brier: 31.009
2024-12-25 19:18:24,861 INFO ####### --- Training Epoch 195 --- #######
2024-12-25 19:18:51,797 INFO Epoch 195 	 Batch 99	LR : 0.00031	Tot. Loss: 0.19
2024-12-25 19:19:18,352 INFO Epoch 195 	 Batch 199	LR : 0.00031	Tot. Loss: 0.19
2024-12-25 19:19:43,282 INFO Epoch 195 	 Batch 299	LR : 0.00031	Tot. Loss: 0.19
2024-12-25 19:19:52,182 INFO ################## 
 ---> Validation Epoch 195	Acc.: 78.140	FPR: 75.297	AUROC: 82.467	AUPR: 51.307	AURC: 70.555	EAURC: 44.701	AUPR Succ.: 94.635	ECE: 8.188	NLL: 7.047	Brier: 32.502
2024-12-25 19:19:52,183 INFO ####### --- Training Epoch 196 --- #######
2024-12-25 19:20:19,011 INFO Epoch 196 	 Batch 99	LR : 0.00030	Tot. Loss: 0.19
2024-12-25 19:20:45,544 INFO Epoch 196 	 Batch 199	LR : 0.00030	Tot. Loss: 0.19
2024-12-25 19:21:12,107 INFO Epoch 196 	 Batch 299	LR : 0.00030	Tot. Loss: 0.19
2024-12-25 19:21:28,483 INFO ################## 
 ---> Validation Epoch 196	Acc.: 78.880	FPR: 71.307	AUROC: 83.147	AUPR: 52.280	AURC: 65.722	EAURC: 41.659	AUPR Succ.: 95.027	ECE: 7.428	NLL: 6.740	Brier: 31.123
2024-12-25 19:21:28,484 INFO ####### --- Training Epoch 197 --- #######
2024-12-25 19:21:55,497 INFO Epoch 197 	 Batch 99	LR : 0.00030	Tot. Loss: 0.19
2024-12-25 19:22:22,071 INFO Epoch 197 	 Batch 199	LR : 0.00030	Tot. Loss: 0.19
2024-12-25 19:22:48,655 INFO Epoch 197 	 Batch 299	LR : 0.00030	Tot. Loss: 0.19
2024-12-25 19:23:05,058 INFO ################## 
 ---> Validation Epoch 197	Acc.: 78.360	FPR: 70.240	AUROC: 83.237	AUPR: 53.508	AURC: 67.853	EAURC: 42.539	AUPR Succ.: 94.892	ECE: 8.005	NLL: 6.863	Brier: 31.645
2024-12-25 19:23:05,060 INFO ####### --- Training Epoch 198 --- #######
2024-12-25 19:23:32,028 INFO Epoch 198 	 Batch 99	LR : 0.00029	Tot. Loss: 0.19
2024-12-25 19:23:58,655 INFO Epoch 198 	 Batch 199	LR : 0.00029	Tot. Loss: 0.19
2024-12-25 19:24:25,249 INFO Epoch 198 	 Batch 299	LR : 0.00029	Tot. Loss: 0.19
2024-12-25 19:24:41,642 INFO ################## 
 ---> Validation Epoch 198	Acc.: 78.340	FPR: 73.684	AUROC: 83.015	AUPR: 52.688	AURC: 68.320	EAURC: 42.957	AUPR Succ.: 94.848	ECE: 7.829	NLL: 6.879	Brier: 31.836
2024-12-25 19:24:41,643 INFO ####### --- Training Epoch 199 --- #######
2024-12-25 19:25:08,683 INFO Epoch 199 	 Batch 99	LR : 0.00029	Tot. Loss: 0.19
2024-12-25 19:25:35,232 INFO Epoch 199 	 Batch 199	LR : 0.00029	Tot. Loss: 0.19
2024-12-25 19:26:01,707 INFO Epoch 199 	 Batch 299	LR : 0.00029	Tot. Loss: 0.19
2024-12-25 19:26:15,780 INFO ################## 
 ---> Validation Epoch 199	Acc.: 78.520	FPR: 71.229	AUROC: 82.825	AUPR: 52.062	AURC: 68.381	EAURC: 43.456	AUPR Succ.: 94.793	ECE: 7.745	NLL: 6.880	Brier: 31.632
2024-12-25 19:26:15,782 INFO ####### --- Training Epoch 200 --- #######
2024-12-25 19:26:36,880 INFO Epoch 200 	 Batch 99	LR : 0.00028	Tot. Loss: 0.19
2024-12-25 19:27:03,414 INFO Epoch 200 	 Batch 199	LR : 0.00028	Tot. Loss: 0.19
2024-12-25 19:27:29,981 INFO Epoch 200 	 Batch 299	LR : 0.00028	Tot. Loss: 0.19
2024-12-25 19:27:46,368 INFO ################## 
 ---> Validation Epoch 200	Acc.: 78.680	FPR: 76.173	AUROC: 82.160	AUPR: 49.846	AURC: 69.180	EAURC: 44.640	AUPR Succ.: 94.671	ECE: 7.514	NLL: 6.922	Brier: 31.868
2024-12-25 19:27:46,370 INFO ####### --- Training Epoch 201 --- #######
2024-12-25 19:28:13,340 INFO Epoch 201 	 Batch 99	LR : 0.00028	Tot. Loss: 0.19
2024-12-25 19:28:39,853 INFO Epoch 201 	 Batch 199	LR : 0.00028	Tot. Loss: 0.19
2024-12-25 19:29:06,419 INFO Epoch 201 	 Batch 299	LR : 0.00028	Tot. Loss: 0.19
2024-12-25 19:29:22,737 INFO ################## 
 ---> Validation Epoch 201	Acc.: 78.160	FPR: 70.879	AUROC: 82.818	AUPR: 53.251	AURC: 69.954	EAURC: 44.149	AUPR Succ.: 94.691	ECE: 7.835	NLL: 6.991	Brier: 32.144
2024-12-25 19:29:22,739 INFO ####### --- Training Epoch 202 --- #######
2024-12-25 19:29:49,652 INFO Epoch 202 	 Batch 99	LR : 0.00028	Tot. Loss: 0.19
2024-12-25 19:30:16,205 INFO Epoch 202 	 Batch 199	LR : 0.00028	Tot. Loss: 0.19
2024-12-25 19:30:42,750 INFO Epoch 202 	 Batch 299	LR : 0.00028	Tot. Loss: 0.19
2024-12-25 19:30:59,110 INFO ################## 
 ---> Validation Epoch 202	Acc.: 78.600	FPR: 73.178	AUROC: 82.731	AUPR: 50.728	AURC: 68.062	EAURC: 43.330	AUPR Succ.: 94.817	ECE: 8.017	NLL: 6.886	Brier: 31.716
2024-12-25 19:30:59,111 INFO ####### --- Training Epoch 203 --- #######
2024-12-25 19:31:26,094 INFO Epoch 203 	 Batch 99	LR : 0.00027	Tot. Loss: 0.19
2024-12-25 19:31:52,612 INFO Epoch 203 	 Batch 199	LR : 0.00027	Tot. Loss: 0.19
2024-12-25 19:32:19,137 INFO Epoch 203 	 Batch 299	LR : 0.00027	Tot. Loss: 0.19
2024-12-25 19:32:35,461 INFO ################## 
 ---> Validation Epoch 203	Acc.: 78.400	FPR: 72.130	AUROC: 82.768	AUPR: 53.154	AURC: 68.963	EAURC: 43.746	AUPR Succ.: 94.753	ECE: 7.641	NLL: 6.847	Brier: 31.726
2024-12-25 19:32:35,462 INFO ####### --- Training Epoch 204 --- #######
2024-12-25 19:32:53,575 INFO Epoch 204 	 Batch 99	LR : 0.00027	Tot. Loss: 0.19
2024-12-25 19:33:18,450 INFO Epoch 204 	 Batch 199	LR : 0.00027	Tot. Loss: 0.19
2024-12-25 19:33:45,029 INFO Epoch 204 	 Batch 299	LR : 0.00027	Tot. Loss: 0.19
2024-12-25 19:34:01,552 INFO ################## 
 ---> Validation Epoch 204	Acc.: 78.920	FPR: 73.055	AUROC: 82.639	AUPR: 51.462	AURC: 67.104	EAURC: 43.135	AUPR Succ.: 94.854	ECE: 7.360	NLL: 6.812	Brier: 31.258
2024-12-25 19:34:01,553 INFO ####### --- Training Epoch 205 --- #######
2024-12-25 19:34:28,537 INFO Epoch 205 	 Batch 99	LR : 0.00026	Tot. Loss: 0.19
2024-12-25 19:34:55,072 INFO Epoch 205 	 Batch 199	LR : 0.00026	Tot. Loss: 0.19
2024-12-25 19:35:21,565 INFO Epoch 205 	 Batch 299	LR : 0.00026	Tot. Loss: 0.19
2024-12-25 19:35:37,881 INFO ################## 
 ---> Validation Epoch 205	Acc.: 78.860	FPR: 74.929	AUROC: 82.648	AUPR: 51.714	AURC: 67.208	EAURC: 43.098	AUPR Succ.: 94.858	ECE: 7.310	NLL: 6.810	Brier: 31.376
2024-12-25 19:35:37,882 INFO ####### --- Training Epoch 206 --- #######
2024-12-25 19:36:04,755 INFO Epoch 206 	 Batch 99	LR : 0.00026	Tot. Loss: 0.19
2024-12-25 19:36:31,273 INFO Epoch 206 	 Batch 199	LR : 0.00026	Tot. Loss: 0.19
2024-12-25 19:36:57,800 INFO Epoch 206 	 Batch 299	LR : 0.00026	Tot. Loss: 0.19
2024-12-25 19:37:14,146 INFO ################## 
 ---> Validation Epoch 206	Acc.: 79.000	FPR: 74.095	AUROC: 82.608	AUPR: 50.583	AURC: 66.833	EAURC: 43.053	AUPR Succ.: 94.868	ECE: 7.272	NLL: 6.714	Brier: 31.072
2024-12-25 19:37:14,148 INFO ####### --- Training Epoch 207 --- #######
2024-12-25 19:37:41,120 INFO Epoch 207 	 Batch 99	LR : 0.00025	Tot. Loss: 0.19
2024-12-25 19:38:07,674 INFO Epoch 207 	 Batch 199	LR : 0.00025	Tot. Loss: 0.19
2024-12-25 19:38:34,212 INFO Epoch 207 	 Batch 299	LR : 0.00025	Tot. Loss: 0.19
2024-12-25 19:38:50,525 INFO ################## 
 ---> Validation Epoch 207	Acc.: 78.420	FPR: 73.587	AUROC: 82.873	AUPR: 52.154	AURC: 68.658	EAURC: 43.490	AUPR Succ.: 94.784	ECE: 7.955	NLL: 6.885	Brier: 31.712
2024-12-25 19:38:50,526 INFO ####### --- Training Epoch 208 --- #######
2024-12-25 19:39:16,717 INFO Epoch 208 	 Batch 99	LR : 0.00025	Tot. Loss: 0.19
2024-12-25 19:39:35,359 INFO Epoch 208 	 Batch 199	LR : 0.00025	Tot. Loss: 0.19
2024-12-25 19:40:01,935 INFO Epoch 208 	 Batch 299	LR : 0.00025	Tot. Loss: 0.19
2024-12-25 19:40:18,230 INFO ################## 
 ---> Validation Epoch 208	Acc.: 78.780	FPR: 75.589	AUROC: 82.494	AUPR: 50.279	AURC: 67.970	EAURC: 43.669	AUPR Succ.: 94.787	ECE: 7.539	NLL: 6.877	Brier: 31.589
2024-12-25 19:40:18,231 INFO ####### --- Training Epoch 209 --- #######
2024-12-25 19:40:45,158 INFO Epoch 209 	 Batch 99	LR : 0.00024	Tot. Loss: 0.19
2024-12-25 19:41:11,749 INFO Epoch 209 	 Batch 199	LR : 0.00024	Tot. Loss: 0.19
2024-12-25 19:41:38,351 INFO Epoch 209 	 Batch 299	LR : 0.00024	Tot. Loss: 0.19
2024-12-25 19:41:54,817 INFO ################## 
 ---> Validation Epoch 209	Acc.: 78.760	FPR: 71.751	AUROC: 82.812	AUPR: 51.519	AURC: 67.259	EAURC: 42.910	AUPR Succ.: 94.872	ECE: 7.878	NLL: 6.808	Brier: 31.378
2024-12-25 19:41:54,819 INFO ####### --- Training Epoch 210 --- #######
2024-12-25 19:42:21,806 INFO Epoch 210 	 Batch 99	LR : 0.00024	Tot. Loss: 0.19
2024-12-25 19:42:48,377 INFO Epoch 210 	 Batch 199	LR : 0.00024	Tot. Loss: 0.19
2024-12-25 19:43:14,952 INFO Epoch 210 	 Batch 299	LR : 0.00024	Tot. Loss: 0.19
2024-12-25 19:43:31,304 INFO ################## 
 ---> Validation Epoch 210	Acc.: 78.880	FPR: 74.148	AUROC: 82.886	AUPR: 50.370	AURC: 66.349	EAURC: 42.286	AUPR Succ.: 94.956	ECE: 7.554	NLL: 6.687	Brier: 31.110
2024-12-25 19:43:31,306 INFO ####### --- Training Epoch 211 --- #######
2024-12-25 19:43:58,244 INFO Epoch 211 	 Batch 99	LR : 0.00024	Tot. Loss: 0.19
2024-12-25 19:44:24,832 INFO Epoch 211 	 Batch 199	LR : 0.00024	Tot. Loss: 0.19
2024-12-25 19:44:51,433 INFO Epoch 211 	 Batch 299	LR : 0.00024	Tot. Loss: 0.19
2024-12-25 19:45:07,909 INFO ################## 
 ---> Validation Epoch 211	Acc.: 78.700	FPR: 73.052	AUROC: 82.914	AUPR: 51.357	AURC: 67.106	EAURC: 42.614	AUPR Succ.: 94.906	ECE: 7.602	NLL: 6.745	Brier: 31.339
2024-12-25 19:45:07,910 INFO ####### --- Training Epoch 212 --- #######
2024-12-25 19:45:34,871 INFO Epoch 212 	 Batch 99	LR : 0.00023	Tot. Loss: 0.19
2024-12-25 19:45:54,809 INFO Epoch 212 	 Batch 199	LR : 0.00023	Tot. Loss: 0.19
2024-12-25 19:46:18,682 INFO Epoch 212 	 Batch 299	LR : 0.00023	Tot. Loss: 0.19
2024-12-25 19:46:35,215 INFO ################## 
 ---> Validation Epoch 212	Acc.: 79.060	FPR: 69.150	AUROC: 83.274	AUPR: 52.831	AURC: 64.988	EAURC: 41.350	AUPR Succ.: 95.065	ECE: 7.099	NLL: 6.646	Brier: 30.713
2024-12-25 19:46:35,217 INFO ####### --- Training Epoch 213 --- #######
2024-12-25 19:47:02,266 INFO Epoch 213 	 Batch 99	LR : 0.00023	Tot. Loss: 0.19
2024-12-25 19:47:28,855 INFO Epoch 213 	 Batch 199	LR : 0.00023	Tot. Loss: 0.19
2024-12-25 19:47:55,467 INFO Epoch 213 	 Batch 299	LR : 0.00023	Tot. Loss: 0.19
2024-12-25 19:48:11,899 INFO ################## 
 ---> Validation Epoch 213	Acc.: 78.200	FPR: 72.936	AUROC: 82.895	AUPR: 53.209	AURC: 69.370	EAURC: 43.665	AUPR Succ.: 94.754	ECE: 7.871	NLL: 6.914	Brier: 32.031
2024-12-25 19:48:11,900 INFO ####### --- Training Epoch 214 --- #######
2024-12-25 19:48:38,892 INFO Epoch 214 	 Batch 99	LR : 0.00022	Tot. Loss: 0.19
2024-12-25 19:49:05,525 INFO Epoch 214 	 Batch 199	LR : 0.00022	Tot. Loss: 0.19
2024-12-25 19:49:32,139 INFO Epoch 214 	 Batch 299	LR : 0.00022	Tot. Loss: 0.19
2024-12-25 19:49:48,621 INFO ################## 
 ---> Validation Epoch 214	Acc.: 78.580	FPR: 69.935	AUROC: 83.270	AUPR: 53.414	AURC: 66.831	EAURC: 42.051	AUPR Succ.: 94.961	ECE: 7.527	NLL: 6.763	Brier: 31.280
2024-12-25 19:49:48,622 INFO ####### --- Training Epoch 215 --- #######
2024-12-25 19:50:15,633 INFO Epoch 215 	 Batch 99	LR : 0.00022	Tot. Loss: 0.19
2024-12-25 19:50:42,182 INFO Epoch 215 	 Batch 199	LR : 0.00022	Tot. Loss: 0.19
2024-12-25 19:51:08,746 INFO Epoch 215 	 Batch 299	LR : 0.00022	Tot. Loss: 0.19
2024-12-25 19:51:25,285 INFO ################## 
 ---> Validation Epoch 215	Acc.: 79.220	FPR: 74.398	AUROC: 82.622	AUPR: 49.660	AURC: 65.434	EAURC: 42.170	AUPR Succ.: 94.991	ECE: 7.267	NLL: 6.700	Brier: 31.040
2024-12-25 19:51:25,287 INFO ####### --- Training Epoch 216 --- #######
2024-12-25 19:51:52,145 INFO Epoch 216 	 Batch 99	LR : 0.00021	Tot. Loss: 0.19
2024-12-25 19:52:18,620 INFO Epoch 216 	 Batch 199	LR : 0.00021	Tot. Loss: 0.19
2024-12-25 19:52:37,017 INFO Epoch 216 	 Batch 299	LR : 0.00021	Tot. Loss: 0.19
2024-12-25 19:52:53,802 INFO ################## 
 ---> Validation Epoch 216	Acc.: 78.340	FPR: 73.407	AUROC: 82.826	AUPR: 52.416	AURC: 68.976	EAURC: 43.613	AUPR Succ.: 94.768	ECE: 8.000	NLL: 6.909	Brier: 31.935
2024-12-25 19:52:53,803 INFO ####### --- Training Epoch 217 --- #######
2024-12-25 19:53:20,814 INFO Epoch 217 	 Batch 99	LR : 0.00021	Tot. Loss: 0.19
2024-12-25 19:53:47,403 INFO Epoch 217 	 Batch 199	LR : 0.00021	Tot. Loss: 0.19
2024-12-25 19:54:13,978 INFO Epoch 217 	 Batch 299	LR : 0.00021	Tot. Loss: 0.19
2024-12-25 19:54:30,335 INFO ################## 
 ---> Validation Epoch 217	Acc.: 78.660	FPR: 72.821	AUROC: 82.905	AUPR: 52.152	AURC: 67.576	EAURC: 42.988	AUPR Succ.: 94.855	ECE: 7.730	NLL: 6.805	Brier: 31.378
2024-12-25 19:54:30,336 INFO ####### --- Training Epoch 218 --- #######
2024-12-25 19:54:57,196 INFO Epoch 218 	 Batch 99	LR : 0.00021	Tot. Loss: 0.19
2024-12-25 19:55:23,716 INFO Epoch 218 	 Batch 199	LR : 0.00021	Tot. Loss: 0.19
2024-12-25 19:55:50,257 INFO Epoch 218 	 Batch 299	LR : 0.00021	Tot. Loss: 0.19
2024-12-25 19:56:06,676 INFO ################## 
 ---> Validation Epoch 218	Acc.: 78.880	FPR: 73.011	AUROC: 83.147	AUPR: 51.860	AURC: 65.799	EAURC: 41.736	AUPR Succ.: 95.016	ECE: 7.236	NLL: 6.669	Brier: 30.954
2024-12-25 19:56:06,677 INFO ####### --- Training Epoch 219 --- #######
2024-12-25 19:56:33,633 INFO Epoch 219 	 Batch 99	LR : 0.00020	Tot. Loss: 0.19
2024-12-25 19:57:00,228 INFO Epoch 219 	 Batch 199	LR : 0.00020	Tot. Loss: 0.19
2024-12-25 19:57:26,779 INFO Epoch 219 	 Batch 299	LR : 0.00020	Tot. Loss: 0.19
2024-12-25 19:57:43,113 INFO ################## 
 ---> Validation Epoch 219	Acc.: 78.500	FPR: 74.698	AUROC: 82.787	AUPR: 51.392	AURC: 68.401	EAURC: 43.428	AUPR Succ.: 94.799	ECE: 7.723	NLL: 6.849	Brier: 31.676
2024-12-25 19:57:43,114 INFO ####### --- Training Epoch 220 --- #######
2024-12-25 19:58:09,967 INFO Epoch 220 	 Batch 99	LR : 0.00020	Tot. Loss: 0.19
2024-12-25 19:58:36,470 INFO Epoch 220 	 Batch 199	LR : 0.00020	Tot. Loss: 0.19
2024-12-25 19:58:56,166 INFO Epoch 220 	 Batch 299	LR : 0.00020	Tot. Loss: 0.19
2024-12-25 19:59:09,984 INFO ################## 
 ---> Validation Epoch 220	Acc.: 78.920	FPR: 73.529	AUROC: 82.948	AUPR: 51.539	AURC: 66.059	EAURC: 42.091	AUPR Succ.: 94.979	ECE: 7.464	NLL: 6.724	Brier: 31.140
2024-12-25 19:59:09,985 INFO ####### --- Training Epoch 221 --- #######
2024-12-25 19:59:36,993 INFO Epoch 221 	 Batch 99	LR : 0.00019	Tot. Loss: 0.19
2024-12-25 20:00:03,582 INFO Epoch 221 	 Batch 199	LR : 0.00019	Tot. Loss: 0.19
2024-12-25 20:00:30,134 INFO Epoch 221 	 Batch 299	LR : 0.00019	Tot. Loss: 0.19
2024-12-25 20:00:46,604 INFO ################## 
 ---> Validation Epoch 221	Acc.: 79.020	FPR: 72.641	AUROC: 82.985	AUPR: 50.967	AURC: 65.550	EAURC: 41.817	AUPR Succ.: 95.016	ECE: 7.493	NLL: 6.688	Brier: 30.989
2024-12-25 20:00:46,606 INFO ####### --- Training Epoch 222 --- #######
2024-12-25 20:01:13,553 INFO Epoch 222 	 Batch 99	LR : 0.00019	Tot. Loss: 0.19
2024-12-25 20:01:40,055 INFO Epoch 222 	 Batch 199	LR : 0.00019	Tot. Loss: 0.19
2024-12-25 20:02:06,551 INFO Epoch 222 	 Batch 299	LR : 0.00019	Tot. Loss: 0.19
2024-12-25 20:02:22,844 INFO ################## 
 ---> Validation Epoch 222	Acc.: 78.780	FPR: 73.704	AUROC: 82.478	AUPR: 50.713	AURC: 67.899	EAURC: 43.598	AUPR Succ.: 94.797	ECE: 7.622	NLL: 6.843	Brier: 31.595
2024-12-25 20:02:22,846 INFO ####### --- Training Epoch 223 --- #######
2024-12-25 20:02:49,665 INFO Epoch 223 	 Batch 99	LR : 0.00019	Tot. Loss: 0.19
2024-12-25 20:03:16,121 INFO Epoch 223 	 Batch 199	LR : 0.00019	Tot. Loss: 0.19
2024-12-25 20:03:42,597 INFO Epoch 223 	 Batch 299	LR : 0.00019	Tot. Loss: 0.19
2024-12-25 20:03:59,000 INFO ################## 
 ---> Validation Epoch 223	Acc.: 77.820	FPR: 69.793	AUROC: 82.914	AUPR: 54.478	AURC: 71.287	EAURC: 44.637	AUPR Succ.: 94.612	ECE: 8.223	NLL: 7.016	Brier: 32.387
2024-12-25 20:03:59,002 INFO ####### --- Training Epoch 224 --- #######
2024-12-25 20:04:25,868 INFO Epoch 224 	 Batch 99	LR : 0.00018	Tot. Loss: 0.19
2024-12-25 20:04:52,354 INFO Epoch 224 	 Batch 199	LR : 0.00018	Tot. Loss: 0.19
2024-12-25 20:05:18,816 INFO Epoch 224 	 Batch 299	LR : 0.00018	Tot. Loss: 0.19
2024-12-25 20:05:27,215 INFO ################## 
 ---> Validation Epoch 224	Acc.: 79.000	FPR: 75.238	AUROC: 82.527	AUPR: 49.802	AURC: 66.786	EAURC: 43.006	AUPR Succ.: 94.879	ECE: 7.522	NLL: 6.805	Brier: 31.404
2024-12-25 20:05:27,217 INFO ####### --- Training Epoch 225 --- #######
2024-12-25 20:05:54,149 INFO Epoch 225 	 Batch 99	LR : 0.00018	Tot. Loss: 0.19
2024-12-25 20:06:20,641 INFO Epoch 225 	 Batch 199	LR : 0.00018	Tot. Loss: 0.19
2024-12-25 20:06:47,095 INFO Epoch 225 	 Batch 299	LR : 0.00018	Tot. Loss: 0.19
2024-12-25 20:07:03,332 INFO ################## 
 ---> Validation Epoch 225	Acc.: 78.560	FPR: 72.015	AUROC: 83.057	AUPR: 52.164	AURC: 67.434	EAURC: 42.605	AUPR Succ.: 94.897	ECE: 7.808	NLL: 6.807	Brier: 31.509
2024-12-25 20:07:03,334 INFO ####### --- Training Epoch 226 --- #######
2024-12-25 20:07:30,106 INFO Epoch 226 	 Batch 99	LR : 0.00017	Tot. Loss: 0.19
2024-12-25 20:07:56,609 INFO Epoch 226 	 Batch 199	LR : 0.00017	Tot. Loss: 0.19
2024-12-25 20:08:23,086 INFO Epoch 226 	 Batch 299	LR : 0.00017	Tot. Loss: 0.19
2024-12-25 20:08:39,651 INFO ################## 
 ---> Validation Epoch 226	Acc.: 79.240	FPR: 73.892	AUROC: 82.881	AUPR: 50.913	AURC: 64.930	EAURC: 41.712	AUPR Succ.: 95.039	ECE: 7.380	NLL: 6.698	Brier: 30.849
2024-12-25 20:08:39,653 INFO ####### --- Training Epoch 227 --- #######
2024-12-25 20:09:06,422 INFO Epoch 227 	 Batch 99	LR : 0.00017	Tot. Loss: 0.19
2024-12-25 20:09:32,901 INFO Epoch 227 	 Batch 199	LR : 0.00017	Tot. Loss: 0.19
2024-12-25 20:09:59,364 INFO Epoch 227 	 Batch 299	LR : 0.00017	Tot. Loss: 0.19
2024-12-25 20:10:15,665 INFO ################## 
 ---> Validation Epoch 227	Acc.: 78.800	FPR: 74.057	AUROC: 82.535	AUPR: 51.086	AURC: 67.817	EAURC: 43.564	AUPR Succ.: 94.799	ECE: 7.431	NLL: 6.860	Brier: 31.520
2024-12-25 20:10:15,666 INFO ####### --- Training Epoch 228 --- #######
2024-12-25 20:10:42,485 INFO Epoch 228 	 Batch 99	LR : 0.00017	Tot. Loss: 0.19
2024-12-25 20:11:08,947 INFO Epoch 228 	 Batch 199	LR : 0.00017	Tot. Loss: 0.19
2024-12-25 20:11:35,410 INFO Epoch 228 	 Batch 299	LR : 0.00017	Tot. Loss: 0.19
2024-12-25 20:11:50,400 INFO ################## 
 ---> Validation Epoch 228	Acc.: 78.260	FPR: 68.353	AUROC: 83.733	AUPR: 55.429	AURC: 67.205	EAURC: 41.647	AUPR Succ.: 94.985	ECE: 7.909	NLL: 6.788	Brier: 31.321
2024-12-25 20:11:50,401 INFO AUROC improved from 83.67 to 83.73!!!
2024-12-25 20:11:50,412 INFO ####### --- Training Epoch 229 --- #######
2024-12-25 20:12:10,300 INFO Epoch 229 	 Batch 99	LR : 0.00016	Tot. Loss: 0.19
2024-12-25 20:12:36,815 INFO Epoch 229 	 Batch 199	LR : 0.00016	Tot. Loss: 0.19
2024-12-25 20:13:03,340 INFO Epoch 229 	 Batch 299	LR : 0.00016	Tot. Loss: 0.19
2024-12-25 20:13:19,730 INFO ################## 
 ---> Validation Epoch 229	Acc.: 78.520	FPR: 68.436	AUROC: 83.416	AUPR: 53.658	AURC: 66.879	EAURC: 41.954	AUPR Succ.: 94.965	ECE: 7.998	NLL: 6.740	Brier: 31.217
2024-12-25 20:13:19,731 INFO ####### --- Training Epoch 230 --- #######
2024-12-25 20:13:46,551 INFO Epoch 230 	 Batch 99	LR : 0.00016	Tot. Loss: 0.19
2024-12-25 20:14:13,001 INFO Epoch 230 	 Batch 199	LR : 0.00016	Tot. Loss: 0.19
2024-12-25 20:14:39,464 INFO Epoch 230 	 Batch 299	LR : 0.00016	Tot. Loss: 0.19
2024-12-25 20:14:55,773 INFO ################## 
 ---> Validation Epoch 230	Acc.: 78.700	FPR: 71.737	AUROC: 82.901	AUPR: 52.351	AURC: 67.175	EAURC: 42.683	AUPR Succ.: 94.897	ECE: 7.565	NLL: 6.788	Brier: 31.402
2024-12-25 20:14:55,776 INFO ####### --- Training Epoch 231 --- #######
2024-12-25 20:15:22,520 INFO Epoch 231 	 Batch 99	LR : 0.00015	Tot. Loss: 0.19
2024-12-25 20:15:49,001 INFO Epoch 231 	 Batch 199	LR : 0.00015	Tot. Loss: 0.19
2024-12-25 20:16:15,444 INFO Epoch 231 	 Batch 299	LR : 0.00015	Tot. Loss: 0.19
2024-12-25 20:16:31,820 INFO ################## 
 ---> Validation Epoch 231	Acc.: 78.920	FPR: 75.996	AUROC: 82.322	AUPR: 49.888	AURC: 67.450	EAURC: 43.481	AUPR Succ.: 94.824	ECE: 7.621	NLL: 6.835	Brier: 31.593
2024-12-25 20:16:31,821 INFO ####### --- Training Epoch 232 --- #######
2024-12-25 20:16:58,643 INFO Epoch 232 	 Batch 99	LR : 0.00015	Tot. Loss: 0.19
2024-12-25 20:17:25,114 INFO Epoch 232 	 Batch 199	LR : 0.00015	Tot. Loss: 0.19
2024-12-25 20:17:51,574 INFO Epoch 232 	 Batch 299	LR : 0.00015	Tot. Loss: 0.19
2024-12-25 20:18:07,935 INFO ################## 
 ---> Validation Epoch 232	Acc.: 78.720	FPR: 71.053	AUROC: 83.125	AUPR: 52.422	AURC: 66.564	EAURC: 42.120	AUPR Succ.: 94.962	ECE: 7.480	NLL: 6.729	Brier: 31.207
2024-12-25 20:18:07,936 INFO ####### --- Training Epoch 233 --- #######
2024-12-25 20:18:26,526 INFO Epoch 233 	 Batch 99	LR : 0.00015	Tot. Loss: 0.19
2024-12-25 20:18:53,030 INFO Epoch 233 	 Batch 199	LR : 0.00015	Tot. Loss: 0.19
2024-12-25 20:19:19,665 INFO Epoch 233 	 Batch 299	LR : 0.00015	Tot. Loss: 0.19
2024-12-25 20:19:36,093 INFO ################## 
 ---> Validation Epoch 233	Acc.: 78.520	FPR: 73.650	AUROC: 82.895	AUPR: 52.318	AURC: 67.769	EAURC: 42.844	AUPR Succ.: 94.872	ECE: 7.752	NLL: 6.827	Brier: 31.649
2024-12-25 20:19:36,095 INFO ####### --- Training Epoch 234 --- #######
2024-12-25 20:20:03,000 INFO Epoch 234 	 Batch 99	LR : 0.00014	Tot. Loss: 0.19
2024-12-25 20:20:29,446 INFO Epoch 234 	 Batch 199	LR : 0.00014	Tot. Loss: 0.19
2024-12-25 20:20:55,989 INFO Epoch 234 	 Batch 299	LR : 0.00014	Tot. Loss: 0.19
2024-12-25 20:21:12,270 INFO ################## 
 ---> Validation Epoch 234	Acc.: 78.420	FPR: 72.382	AUROC: 82.893	AUPR: 51.800	AURC: 68.413	EAURC: 43.245	AUPR Succ.: 94.816	ECE: 7.880	NLL: 6.864	Brier: 31.762
2024-12-25 20:21:12,271 INFO ####### --- Training Epoch 235 --- #######
2024-12-25 20:21:39,073 INFO Epoch 235 	 Batch 99	LR : 0.00014	Tot. Loss: 0.19
2024-12-25 20:22:05,606 INFO Epoch 235 	 Batch 199	LR : 0.00014	Tot. Loss: 0.19
2024-12-25 20:22:32,158 INFO Epoch 235 	 Batch 299	LR : 0.00014	Tot. Loss: 0.19
2024-12-25 20:22:48,609 INFO ################## 
 ---> Validation Epoch 235	Acc.: 77.920	FPR: 71.830	AUROC: 82.826	AUPR: 53.919	AURC: 70.877	EAURC: 44.477	AUPR Succ.: 94.641	ECE: 8.127	NLL: 6.995	Brier: 32.341
2024-12-25 20:22:48,610 INFO ####### --- Training Epoch 236 --- #######
2024-12-25 20:23:15,302 INFO Epoch 236 	 Batch 99	LR : 0.00014	Tot. Loss: 0.19
2024-12-25 20:23:41,765 INFO Epoch 236 	 Batch 199	LR : 0.00014	Tot. Loss: 0.19
2024-12-25 20:24:08,366 INFO Epoch 236 	 Batch 299	LR : 0.00014	Tot. Loss: 0.19
2024-12-25 20:24:24,762 INFO ################## 
 ---> Validation Epoch 236	Acc.: 78.480	FPR: 69.517	AUROC: 83.484	AUPR: 54.151	AURC: 66.742	EAURC: 41.719	AUPR Succ.: 94.993	ECE: 7.977	NLL: 6.763	Brier: 31.319
2024-12-25 20:24:24,764 INFO ####### --- Training Epoch 237 --- #######
2024-12-25 20:24:49,613 INFO Epoch 237 	 Batch 99	LR : 0.00013	Tot. Loss: 0.19
2024-12-25 20:25:08,671 INFO Epoch 237 	 Batch 199	LR : 0.00013	Tot. Loss: 0.19
2024-12-25 20:25:35,121 INFO Epoch 237 	 Batch 299	LR : 0.00013	Tot. Loss: 0.19
2024-12-25 20:25:51,514 INFO ################## 
 ---> Validation Epoch 237	Acc.: 78.580	FPR: 70.401	AUROC: 83.139	AUPR: 52.812	AURC: 67.219	EAURC: 42.439	AUPR Succ.: 94.915	ECE: 7.730	NLL: 6.795	Brier: 31.383
2024-12-25 20:25:51,515 INFO ####### --- Training Epoch 238 --- #######
2024-12-25 20:26:18,401 INFO Epoch 238 	 Batch 99	LR : 0.00013	Tot. Loss: 0.19
2024-12-25 20:26:44,886 INFO Epoch 238 	 Batch 199	LR : 0.00013	Tot. Loss: 0.19
2024-12-25 20:27:11,376 INFO Epoch 238 	 Batch 299	LR : 0.00013	Tot. Loss: 0.19
2024-12-25 20:27:27,841 INFO ################## 
 ---> Validation Epoch 238	Acc.: 78.380	FPR: 71.323	AUROC: 83.283	AUPR: 54.821	AURC: 67.465	EAURC: 42.200	AUPR Succ.: 94.936	ECE: 7.881	NLL: 6.801	Brier: 31.615
2024-12-25 20:27:27,845 INFO ####### --- Training Epoch 239 --- #######
2024-12-25 20:27:54,638 INFO Epoch 239 	 Batch 99	LR : 0.00013	Tot. Loss: 0.19
2024-12-25 20:28:21,176 INFO Epoch 239 	 Batch 199	LR : 0.00013	Tot. Loss: 0.19
2024-12-25 20:28:47,699 INFO Epoch 239 	 Batch 299	LR : 0.00013	Tot. Loss: 0.19
2024-12-25 20:29:03,992 INFO ################## 
 ---> Validation Epoch 239	Acc.: 78.580	FPR: 73.389	AUROC: 82.629	AUPR: 50.586	AURC: 68.455	EAURC: 43.674	AUPR Succ.: 94.775	ECE: 7.743	NLL: 6.854	Brier: 31.716
2024-12-25 20:29:03,994 INFO ####### --- Training Epoch 240 --- #######
2024-12-25 20:29:30,734 INFO Epoch 240 	 Batch 99	LR : 0.00012	Tot. Loss: 0.19
2024-12-25 20:29:57,263 INFO Epoch 240 	 Batch 199	LR : 0.00012	Tot. Loss: 0.19
2024-12-25 20:30:23,739 INFO Epoch 240 	 Batch 299	LR : 0.00012	Tot. Loss: 0.19
2024-12-25 20:30:40,040 INFO ################## 
 ---> Validation Epoch 240	Acc.: 78.480	FPR: 72.677	AUROC: 82.690	AUPR: 51.653	AURC: 68.766	EAURC: 43.744	AUPR Succ.: 94.760	ECE: 7.774	NLL: 6.881	Brier: 31.803
2024-12-25 20:30:40,041 INFO ####### --- Training Epoch 241 --- #######
2024-12-25 20:31:06,709 INFO Epoch 241 	 Batch 99	LR : 0.00012	Tot. Loss: 0.19
2024-12-25 20:31:26,016 INFO Epoch 241 	 Batch 199	LR : 0.00012	Tot. Loss: 0.19
2024-12-25 20:31:51,433 INFO Epoch 241 	 Batch 299	LR : 0.00012	Tot. Loss: 0.19
2024-12-25 20:32:07,805 INFO ################## 
 ---> Validation Epoch 241	Acc.: 78.860	FPR: 73.415	AUROC: 82.664	AUPR: 52.003	AURC: 67.127	EAURC: 43.017	AUPR Succ.: 94.867	ECE: 7.393	NLL: 6.791	Brier: 31.365
2024-12-25 20:32:07,806 INFO ####### --- Training Epoch 242 --- #######
2024-12-25 20:32:34,619 INFO Epoch 242 	 Batch 99	LR : 0.00012	Tot. Loss: 0.19
2024-12-25 20:33:01,080 INFO Epoch 242 	 Batch 199	LR : 0.00012	Tot. Loss: 0.19
2024-12-25 20:33:27,578 INFO Epoch 242 	 Batch 299	LR : 0.00012	Tot. Loss: 0.19
2024-12-25 20:33:43,960 INFO ################## 
 ---> Validation Epoch 242	Acc.: 78.600	FPR: 72.523	AUROC: 82.959	AUPR: 52.573	AURC: 67.345	EAURC: 42.613	AUPR Succ.: 94.902	ECE: 7.767	NLL: 6.833	Brier: 31.598
2024-12-25 20:33:43,961 INFO ####### --- Training Epoch 243 --- #######
2024-12-25 20:34:10,806 INFO Epoch 243 	 Batch 99	LR : 0.00011	Tot. Loss: 0.19
2024-12-25 20:34:37,319 INFO Epoch 243 	 Batch 199	LR : 0.00011	Tot. Loss: 0.19
2024-12-25 20:35:03,782 INFO Epoch 243 	 Batch 299	LR : 0.00011	Tot. Loss: 0.19
2024-12-25 20:35:20,151 INFO ################## 
 ---> Validation Epoch 243	Acc.: 78.620	FPR: 71.469	AUROC: 82.926	AUPR: 53.109	AURC: 67.365	EAURC: 42.680	AUPR Succ.: 94.894	ECE: 7.656	NLL: 6.836	Brier: 31.550
2024-12-25 20:35:20,153 INFO ####### --- Training Epoch 244 --- #######
2024-12-25 20:35:46,949 INFO Epoch 244 	 Batch 99	LR : 0.00011	Tot. Loss: 0.19
2024-12-25 20:36:13,423 INFO Epoch 244 	 Batch 199	LR : 0.00011	Tot. Loss: 0.19
2024-12-25 20:36:39,897 INFO Epoch 244 	 Batch 299	LR : 0.00011	Tot. Loss: 0.19
2024-12-25 20:36:56,194 INFO ################## 
 ---> Validation Epoch 244	Acc.: 78.820	FPR: 73.182	AUROC: 82.885	AUPR: 51.826	AURC: 66.645	EAURC: 42.439	AUPR Succ.: 94.933	ECE: 7.693	NLL: 6.796	Brier: 31.389
2024-12-25 20:36:56,196 INFO ####### --- Training Epoch 245 --- #######
2024-12-25 20:37:23,015 INFO Epoch 245 	 Batch 99	LR : 0.00011	Tot. Loss: 0.19
2024-12-25 20:37:48,485 INFO Epoch 245 	 Batch 199	LR : 0.00011	Tot. Loss: 0.19
2024-12-25 20:38:06,564 INFO Epoch 245 	 Batch 299	LR : 0.00011	Tot. Loss: 0.19
2024-12-25 20:38:22,805 INFO ################## 
 ---> Validation Epoch 245	Acc.: 78.700	FPR: 73.521	AUROC: 82.775	AUPR: 51.801	AURC: 67.568	EAURC: 43.076	AUPR Succ.: 94.851	ECE: 7.518	NLL: 6.822	Brier: 31.497
2024-12-25 20:38:22,806 INFO ####### --- Training Epoch 246 --- #######
2024-12-25 20:38:49,586 INFO Epoch 246 	 Batch 99	LR : 0.00010	Tot. Loss: 0.19
2024-12-25 20:39:16,058 INFO Epoch 246 	 Batch 199	LR : 0.00010	Tot. Loss: 0.19
2024-12-25 20:39:42,523 INFO Epoch 246 	 Batch 299	LR : 0.00010	Tot. Loss: 0.19
2024-12-25 20:39:58,838 INFO ################## 
 ---> Validation Epoch 246	Acc.: 78.660	FPR: 73.571	AUROC: 82.960	AUPR: 51.511	AURC: 67.148	EAURC: 42.560	AUPR Succ.: 94.910	ECE: 7.796	NLL: 6.788	Brier: 31.423
2024-12-25 20:39:58,839 INFO ####### --- Training Epoch 247 --- #######
2024-12-25 20:40:25,645 INFO Epoch 247 	 Batch 99	LR : 0.00010	Tot. Loss: 0.19
2024-12-25 20:40:52,132 INFO Epoch 247 	 Batch 199	LR : 0.00010	Tot. Loss: 0.19
2024-12-25 20:41:18,586 INFO Epoch 247 	 Batch 299	LR : 0.00010	Tot. Loss: 0.19
2024-12-25 20:41:34,954 INFO ################## 
 ---> Validation Epoch 247	Acc.: 78.700	FPR: 73.146	AUROC: 82.787	AUPR: 51.185	AURC: 67.459	EAURC: 42.967	AUPR Succ.: 94.865	ECE: 7.762	NLL: 6.818	Brier: 31.510
2024-12-25 20:41:34,955 INFO ####### --- Training Epoch 248 --- #######
2024-12-25 20:42:01,733 INFO Epoch 248 	 Batch 99	LR : 0.00010	Tot. Loss: 0.19
2024-12-25 20:42:28,210 INFO Epoch 248 	 Batch 199	LR : 0.00010	Tot. Loss: 0.19
2024-12-25 20:42:54,712 INFO Epoch 248 	 Batch 299	LR : 0.00010	Tot. Loss: 0.19
2024-12-25 20:43:11,059 INFO ################## 
 ---> Validation Epoch 248	Acc.: 78.780	FPR: 73.893	AUROC: 83.191	AUPR: 53.172	AURC: 66.031	EAURC: 41.730	AUPR Succ.: 95.013	ECE: 7.480	NLL: 6.743	Brier: 31.224
2024-12-25 20:43:11,060 INFO ####### --- Training Epoch 249 --- #######
2024-12-25 20:43:37,953 INFO Epoch 249 	 Batch 99	LR : 0.00010	Tot. Loss: 0.19
2024-12-25 20:44:04,291 INFO Epoch 249 	 Batch 199	LR : 0.00010	Tot. Loss: 0.19
2024-12-25 20:44:24,591 INFO Epoch 249 	 Batch 299	LR : 0.00010	Tot. Loss: 0.19
2024-12-25 20:44:38,819 INFO ################## 
 ---> Validation Epoch 249	Acc.: 78.580	FPR: 73.856	AUROC: 82.568	AUPR: 51.778	AURC: 68.541	EAURC: 43.760	AUPR Succ.: 94.766	ECE: 7.709	NLL: 6.926	Brier: 31.800
2024-12-25 20:44:38,820 INFO ####### --- Training Epoch 250 --- #######
2024-12-25 20:45:05,539 INFO Epoch 250 	 Batch 99	LR : 0.00009	Tot. Loss: 0.19
2024-12-25 20:45:32,044 INFO Epoch 250 	 Batch 199	LR : 0.00009	Tot. Loss: 0.19
2024-12-25 20:45:58,859 INFO Epoch 250 	 Batch 299	LR : 0.00009	Tot. Loss: 0.19
2024-12-25 20:46:15,193 INFO ################## 
 ---> Validation Epoch 250	Acc.: 78.820	FPR: 72.332	AUROC: 82.997	AUPR: 52.466	AURC: 66.437	EAURC: 42.232	AUPR Succ.: 94.955	ECE: 7.601	NLL: 6.755	Brier: 31.249
2024-12-25 20:46:15,195 INFO ####### --- Training Epoch 251 --- #######
2024-12-25 20:46:42,048 INFO Epoch 251 	 Batch 99	LR : 0.00009	Tot. Loss: 0.19
2024-12-25 20:47:08,579 INFO Epoch 251 	 Batch 199	LR : 0.00009	Tot. Loss: 0.19
2024-12-25 20:47:34,982 INFO Epoch 251 	 Batch 299	LR : 0.00009	Tot. Loss: 0.19
2024-12-25 20:47:51,421 INFO ################## 
 ---> Validation Epoch 251	Acc.: 78.860	FPR: 72.658	AUROC: 82.578	AUPR: 50.216	AURC: 67.230	EAURC: 43.119	AUPR Succ.: 94.858	ECE: 7.578	NLL: 6.802	Brier: 31.436
2024-12-25 20:47:51,422 INFO ####### --- Training Epoch 252 --- #######
2024-12-25 20:48:18,166 INFO Epoch 252 	 Batch 99	LR : 0.00009	Tot. Loss: 0.19
2024-12-25 20:48:44,677 INFO Epoch 252 	 Batch 199	LR : 0.00009	Tot. Loss: 0.19
2024-12-25 20:49:11,261 INFO Epoch 252 	 Batch 299	LR : 0.00009	Tot. Loss: 0.19
2024-12-25 20:49:27,511 INFO ################## 
 ---> Validation Epoch 252	Acc.: 78.560	FPR: 72.015	AUROC: 83.261	AUPR: 53.036	AURC: 66.866	EAURC: 42.038	AUPR Succ.: 94.963	ECE: 7.683	NLL: 6.768	Brier: 31.373
2024-12-25 20:49:27,512 INFO ####### --- Training Epoch 253 --- #######
2024-12-25 20:49:54,316 INFO Epoch 253 	 Batch 99	LR : 0.00008	Tot. Loss: 0.19
2024-12-25 20:50:20,824 INFO Epoch 253 	 Batch 199	LR : 0.00008	Tot. Loss: 0.19
2024-12-25 20:50:47,241 INFO Epoch 253 	 Batch 299	LR : 0.00008	Tot. Loss: 0.19
2024-12-25 20:50:56,303 INFO ################## 
 ---> Validation Epoch 253	Acc.: 78.420	FPR: 70.899	AUROC: 83.352	AUPR: 54.365	AURC: 67.231	EAURC: 42.063	AUPR Succ.: 94.952	ECE: 7.879	NLL: 6.803	Brier: 31.489
2024-12-25 20:50:56,304 INFO ####### --- Training Epoch 254 --- #######
2024-12-25 20:51:21,266 INFO Epoch 254 	 Batch 99	LR : 0.00008	Tot. Loss: 0.19
2024-12-25 20:51:47,882 INFO Epoch 254 	 Batch 199	LR : 0.00008	Tot. Loss: 0.19
2024-12-25 20:52:14,549 INFO Epoch 254 	 Batch 299	LR : 0.00008	Tot. Loss: 0.19
2024-12-25 20:52:30,773 INFO ################## 
 ---> Validation Epoch 254	Acc.: 79.160	FPR: 74.856	AUROC: 82.502	AUPR: 49.817	AURC: 66.119	EAURC: 42.715	AUPR Succ.: 94.922	ECE: 7.361	NLL: 6.744	Brier: 31.163
2024-12-25 20:52:30,774 INFO ####### --- Training Epoch 255 --- #######
2024-12-25 20:52:57,573 INFO Epoch 255 	 Batch 99	LR : 0.00008	Tot. Loss: 0.19
2024-12-25 20:53:24,099 INFO Epoch 255 	 Batch 199	LR : 0.00008	Tot. Loss: 0.19
2024-12-25 20:53:50,591 INFO Epoch 255 	 Batch 299	LR : 0.00008	Tot. Loss: 0.19
2024-12-25 20:54:06,878 INFO ################## 
 ---> Validation Epoch 255	Acc.: 79.020	FPR: 72.927	AUROC: 82.828	AUPR: 50.963	AURC: 66.003	EAURC: 42.271	AUPR Succ.: 94.962	ECE: 7.374	NLL: 6.714	Brier: 31.052
2024-12-25 20:54:06,879 INFO ####### --- Training Epoch 256 --- #######
2024-12-25 20:54:33,722 INFO Epoch 256 	 Batch 99	LR : 0.00008	Tot. Loss: 0.19
2024-12-25 20:55:00,224 INFO Epoch 256 	 Batch 199	LR : 0.00008	Tot. Loss: 0.19
2024-12-25 20:55:26,715 INFO Epoch 256 	 Batch 299	LR : 0.00008	Tot. Loss: 0.19
2024-12-25 20:55:43,016 INFO ################## 
 ---> Validation Epoch 256	Acc.: 78.820	FPR: 72.332	AUROC: 83.031	AUPR: 52.428	AURC: 66.304	EAURC: 42.098	AUPR Succ.: 94.972	ECE: 7.502	NLL: 6.737	Brier: 31.201
2024-12-25 20:55:43,017 INFO ####### --- Training Epoch 257 --- #######
2024-12-25 20:56:09,898 INFO Epoch 257 	 Batch 99	LR : 0.00007	Tot. Loss: 0.19
2024-12-25 20:56:36,450 INFO Epoch 257 	 Batch 199	LR : 0.00007	Tot. Loss: 0.19
2024-12-25 20:57:03,021 INFO Epoch 257 	 Batch 299	LR : 0.00007	Tot. Loss: 0.19
2024-12-25 20:57:19,407 INFO ################## 
 ---> Validation Epoch 257	Acc.: 78.740	FPR: 73.471	AUROC: 82.522	AUPR: 51.253	AURC: 68.074	EAURC: 43.678	AUPR Succ.: 94.783	ECE: 7.649	NLL: 6.859	Brier: 31.624
2024-12-25 20:57:19,409 INFO ####### --- Training Epoch 258 --- #######
2024-12-25 20:57:37,930 INFO Epoch 258 	 Batch 99	LR : 0.00007	Tot. Loss: 0.19
2024-12-25 20:58:04,407 INFO Epoch 258 	 Batch 199	LR : 0.00007	Tot. Loss: 0.19
2024-12-25 20:58:30,868 INFO Epoch 258 	 Batch 299	LR : 0.00007	Tot. Loss: 0.19
2024-12-25 20:58:47,469 INFO ################## 
 ---> Validation Epoch 258	Acc.: 78.920	FPR: 72.296	AUROC: 83.469	AUPR: 53.248	AURC: 64.765	EAURC: 40.796	AUPR Succ.: 95.127	ECE: 7.455	NLL: 6.653	Brier: 30.793
2024-12-25 20:58:47,472 INFO ####### --- Training Epoch 259 --- #######
2024-12-25 20:59:14,319 INFO Epoch 259 	 Batch 99	LR : 0.00007	Tot. Loss: 0.19
2024-12-25 20:59:40,771 INFO Epoch 259 	 Batch 199	LR : 0.00007	Tot. Loss: 0.19
2024-12-25 21:00:07,304 INFO Epoch 259 	 Batch 299	LR : 0.00007	Tot. Loss: 0.19
2024-12-25 21:00:23,734 INFO ################## 
 ---> Validation Epoch 259	Acc.: 79.040	FPR: 74.237	AUROC: 82.677	AUPR: 50.671	AURC: 66.164	EAURC: 42.479	AUPR Succ.: 94.943	ECE: 7.270	NLL: 6.725	Brier: 31.167
2024-12-25 21:00:23,735 INFO ####### --- Training Epoch 260 --- #######
2024-12-25 21:00:50,438 INFO Epoch 260 	 Batch 99	LR : 0.00007	Tot. Loss: 0.19
2024-12-25 21:01:17,014 INFO Epoch 260 	 Batch 199	LR : 0.00007	Tot. Loss: 0.19
2024-12-25 21:01:43,516 INFO Epoch 260 	 Batch 299	LR : 0.00007	Tot. Loss: 0.19
2024-12-25 21:01:59,780 INFO ################## 
 ---> Validation Epoch 260	Acc.: 78.700	FPR: 72.958	AUROC: 82.748	AUPR: 51.296	AURC: 67.599	EAURC: 43.106	AUPR Succ.: 94.848	ECE: 7.652	NLL: 6.812	Brier: 31.504
2024-12-25 21:01:59,781 INFO ####### --- Training Epoch 261 --- #######
2024-12-25 21:02:26,642 INFO Epoch 261 	 Batch 99	LR : 0.00006	Tot. Loss: 0.19
2024-12-25 21:02:53,194 INFO Epoch 261 	 Batch 199	LR : 0.00006	Tot. Loss: 0.19
2024-12-25 21:03:19,741 INFO Epoch 261 	 Batch 299	LR : 0.00006	Tot. Loss: 0.19
2024-12-25 21:03:36,126 INFO ################## 
 ---> Validation Epoch 261	Acc.: 79.080	FPR: 73.327	AUROC: 82.724	AUPR: 50.635	AURC: 65.902	EAURC: 42.311	AUPR Succ.: 94.964	ECE: 7.393	NLL: 6.730	Brier: 31.162
2024-12-25 21:03:36,128 INFO ####### --- Training Epoch 262 --- #######
2024-12-25 21:03:56,439 INFO Epoch 262 	 Batch 99	LR : 0.00006	Tot. Loss: 0.19
2024-12-25 21:04:19,963 INFO Epoch 262 	 Batch 199	LR : 0.00006	Tot. Loss: 0.19
2024-12-25 21:04:46,501 INFO Epoch 262 	 Batch 299	LR : 0.00006	Tot. Loss: 0.19
2024-12-25 21:05:02,879 INFO ################## 
 ---> Validation Epoch 262	Acc.: 79.000	FPR: 75.048	AUROC: 82.520	AUPR: 50.265	AURC: 66.841	EAURC: 43.062	AUPR Succ.: 94.871	ECE: 7.344	NLL: 6.785	Brier: 31.319
2024-12-25 21:05:02,881 INFO ####### --- Training Epoch 263 --- #######
2024-12-25 21:05:29,687 INFO Epoch 263 	 Batch 99	LR : 0.00006	Tot. Loss: 0.19
2024-12-25 21:05:56,181 INFO Epoch 263 	 Batch 199	LR : 0.00006	Tot. Loss: 0.19
2024-12-25 21:06:22,698 INFO Epoch 263 	 Batch 299	LR : 0.00006	Tot. Loss: 0.19
2024-12-25 21:06:39,217 INFO ################## 
 ---> Validation Epoch 263	Acc.: 78.800	FPR: 71.509	AUROC: 83.021	AUPR: 52.577	AURC: 66.424	EAURC: 42.170	AUPR Succ.: 94.962	ECE: 7.399	NLL: 6.758	Brier: 31.234
2024-12-25 21:06:39,218 INFO ####### --- Training Epoch 264 --- #######
2024-12-25 21:07:06,121 INFO Epoch 264 	 Batch 99	LR : 0.00006	Tot. Loss: 0.19
2024-12-25 21:07:32,658 INFO Epoch 264 	 Batch 199	LR : 0.00006	Tot. Loss: 0.19
2024-12-25 21:07:59,204 INFO Epoch 264 	 Batch 299	LR : 0.00006	Tot. Loss: 0.19
2024-12-25 21:08:15,490 INFO ################## 
 ---> Validation Epoch 264	Acc.: 78.880	FPR: 72.538	AUROC: 82.954	AUPR: 52.760	AURC: 66.257	EAURC: 42.194	AUPR Succ.: 94.964	ECE: 7.348	NLL: 6.744	Brier: 31.209
2024-12-25 21:08:15,491 INFO ####### --- Training Epoch 265 --- #######
2024-12-25 21:08:42,291 INFO Epoch 265 	 Batch 99	LR : 0.00005	Tot. Loss: 0.19
2024-12-25 21:09:08,818 INFO Epoch 265 	 Batch 199	LR : 0.00005	Tot. Loss: 0.19
2024-12-25 21:09:35,329 INFO Epoch 265 	 Batch 299	LR : 0.00005	Tot. Loss: 0.19
2024-12-25 21:09:51,770 INFO ################## 
 ---> Validation Epoch 265	Acc.: 78.420	FPR: 72.382	AUROC: 82.823	AUPR: 52.311	AURC: 68.736	EAURC: 43.568	AUPR Succ.: 94.776	ECE: 7.761	NLL: 6.871	Brier: 31.774
2024-12-25 21:09:51,771 INFO ####### --- Training Epoch 266 --- #######
2024-12-25 21:10:18,628 INFO Epoch 266 	 Batch 99	LR : 0.00005	Tot. Loss: 0.19
2024-12-25 21:10:36,806 INFO Epoch 266 	 Batch 199	LR : 0.00005	Tot. Loss: 0.19
2024-12-25 21:11:03,277 INFO Epoch 266 	 Batch 299	LR : 0.00005	Tot. Loss: 0.19
2024-12-25 21:11:19,645 INFO ################## 
 ---> Validation Epoch 266	Acc.: 78.960	FPR: 71.483	AUROC: 83.088	AUPR: 52.491	AURC: 65.641	EAURC: 41.767	AUPR Succ.: 95.016	ECE: 7.483	NLL: 6.714	Brier: 30.996
2024-12-25 21:11:19,647 INFO ####### --- Training Epoch 267 --- #######
2024-12-25 21:11:46,451 INFO Epoch 267 	 Batch 99	LR : 0.00005	Tot. Loss: 0.19
2024-12-25 21:12:13,098 INFO Epoch 267 	 Batch 199	LR : 0.00005	Tot. Loss: 0.19
2024-12-25 21:12:39,545 INFO Epoch 267 	 Batch 299	LR : 0.00005	Tot. Loss: 0.19
2024-12-25 21:12:55,823 INFO ################## 
 ---> Validation Epoch 267	Acc.: 78.840	FPR: 71.834	AUROC: 83.221	AUPR: 52.936	AURC: 65.819	EAURC: 41.661	AUPR Succ.: 95.022	ECE: 7.424	NLL: 6.725	Brier: 31.048
2024-12-25 21:12:55,825 INFO ####### --- Training Epoch 268 --- #######
2024-12-25 21:13:22,530 INFO Epoch 268 	 Batch 99	LR : 0.00005	Tot. Loss: 0.19
2024-12-25 21:13:49,024 INFO Epoch 268 	 Batch 199	LR : 0.00005	Tot. Loss: 0.19
2024-12-25 21:14:15,517 INFO Epoch 268 	 Batch 299	LR : 0.00005	Tot. Loss: 0.19
2024-12-25 21:14:31,770 INFO ################## 
 ---> Validation Epoch 268	Acc.: 79.000	FPR: 74.476	AUROC: 82.757	AUPR: 50.587	AURC: 66.248	EAURC: 42.469	AUPR Succ.: 94.939	ECE: 7.455	NLL: 6.740	Brier: 31.163
2024-12-25 21:14:31,772 INFO ####### --- Training Epoch 269 --- #######
2024-12-25 21:14:58,547 INFO Epoch 269 	 Batch 99	LR : 0.00005	Tot. Loss: 0.19
2024-12-25 21:15:25,029 INFO Epoch 269 	 Batch 199	LR : 0.00005	Tot. Loss: 0.19
2024-12-25 21:15:51,669 INFO Epoch 269 	 Batch 299	LR : 0.00005	Tot. Loss: 0.19
2024-12-25 21:16:07,953 INFO ################## 
 ---> Validation Epoch 269	Acc.: 78.860	FPR: 72.280	AUROC: 82.922	AUPR: 52.025	AURC: 66.470	EAURC: 42.360	AUPR Succ.: 94.943	ECE: 7.590	NLL: 6.756	Brier: 31.234
2024-12-25 21:16:07,955 INFO ####### --- Training Epoch 270 --- #######
2024-12-25 21:16:34,825 INFO Epoch 270 	 Batch 99	LR : 0.00004	Tot. Loss: 0.19
2024-12-25 21:16:56,081 INFO Epoch 270 	 Batch 199	LR : 0.00004	Tot. Loss: 0.19
2024-12-25 21:17:18,402 INFO Epoch 270 	 Batch 299	LR : 0.00004	Tot. Loss: 0.19
2024-12-25 21:17:34,782 INFO ################## 
 ---> Validation Epoch 270	Acc.: 79.060	FPR: 74.117	AUROC: 82.497	AUPR: 50.354	AURC: 66.697	EAURC: 43.059	AUPR Succ.: 94.874	ECE: 7.227	NLL: 6.756	Brier: 31.213
2024-12-25 21:17:34,784 INFO ####### --- Training Epoch 271 --- #######
2024-12-25 21:18:01,627 INFO Epoch 271 	 Batch 99	LR : 0.00004	Tot. Loss: 0.19
2024-12-25 21:18:28,094 INFO Epoch 271 	 Batch 199	LR : 0.00004	Tot. Loss: 0.19
2024-12-25 21:18:54,727 INFO Epoch 271 	 Batch 299	LR : 0.00004	Tot. Loss: 0.19
2024-12-25 21:19:11,032 INFO ################## 
 ---> Validation Epoch 271	Acc.: 78.860	FPR: 74.834	AUROC: 82.920	AUPR: 51.712	AURC: 66.380	EAURC: 42.269	AUPR Succ.: 94.956	ECE: 7.415	NLL: 6.769	Brier: 31.272
2024-12-25 21:19:11,034 INFO ####### --- Training Epoch 272 --- #######
2024-12-25 21:19:38,127 INFO Epoch 272 	 Batch 99	LR : 0.00004	Tot. Loss: 0.19
2024-12-25 21:20:04,649 INFO Epoch 272 	 Batch 199	LR : 0.00004	Tot. Loss: 0.19
2024-12-25 21:20:31,176 INFO Epoch 272 	 Batch 299	LR : 0.00004	Tot. Loss: 0.19
2024-12-25 21:20:47,525 INFO ################## 
 ---> Validation Epoch 272	Acc.: 78.740	FPR: 73.001	AUROC: 82.909	AUPR: 51.515	AURC: 67.016	EAURC: 42.619	AUPR Succ.: 94.906	ECE: 7.631	NLL: 6.779	Brier: 31.364
2024-12-25 21:20:47,526 INFO ####### --- Training Epoch 273 --- #######
2024-12-25 21:21:14,316 INFO Epoch 273 	 Batch 99	LR : 0.00004	Tot. Loss: 0.19
2024-12-25 21:21:40,783 INFO Epoch 273 	 Batch 199	LR : 0.00004	Tot. Loss: 0.19
2024-12-25 21:22:07,303 INFO Epoch 273 	 Batch 299	LR : 0.00004	Tot. Loss: 0.19
2024-12-25 21:22:23,603 INFO ################## 
 ---> Validation Epoch 273	Acc.: 78.560	FPR: 72.108	AUROC: 83.153	AUPR: 53.196	AURC: 67.131	EAURC: 42.303	AUPR Succ.: 94.933	ECE: 7.771	NLL: 6.799	Brier: 31.475
2024-12-25 21:22:23,605 INFO ####### --- Training Epoch 274 --- #######
2024-12-25 21:22:50,387 INFO Epoch 274 	 Batch 99	LR : 0.00004	Tot. Loss: 0.19
2024-12-25 21:23:16,812 INFO Epoch 274 	 Batch 199	LR : 0.00004	Tot. Loss: 0.19
2024-12-25 21:23:35,173 INFO Epoch 274 	 Batch 299	LR : 0.00004	Tot. Loss: 0.19
2024-12-25 21:23:51,594 INFO ################## 
 ---> Validation Epoch 274	Acc.: 78.740	FPR: 72.437	AUROC: 82.973	AUPR: 52.097	AURC: 66.893	EAURC: 42.497	AUPR Succ.: 94.919	ECE: 7.638	NLL: 6.788	Brier: 31.339
2024-12-25 21:23:51,595 INFO ####### --- Training Epoch 275 --- #######
2024-12-25 21:24:18,367 INFO Epoch 275 	 Batch 99	LR : 0.00004	Tot. Loss: 0.19
2024-12-25 21:24:44,835 INFO Epoch 275 	 Batch 199	LR : 0.00004	Tot. Loss: 0.19
2024-12-25 21:25:11,331 INFO Epoch 275 	 Batch 299	LR : 0.00004	Tot. Loss: 0.19
2024-12-25 21:25:27,766 INFO ################## 
 ---> Validation Epoch 275	Acc.: 78.720	FPR: 71.147	AUROC: 83.189	AUPR: 52.252	AURC: 66.383	EAURC: 41.939	AUPR Succ.: 94.983	ECE: 7.806	NLL: 6.745	Brier: 31.209
2024-12-25 21:25:27,768 INFO ####### --- Training Epoch 276 --- #######
2024-12-25 21:25:54,550 INFO Epoch 276 	 Batch 99	LR : 0.00003	Tot. Loss: 0.19
2024-12-25 21:26:21,030 INFO Epoch 276 	 Batch 199	LR : 0.00003	Tot. Loss: 0.19
2024-12-25 21:26:47,520 INFO Epoch 276 	 Batch 299	LR : 0.00003	Tot. Loss: 0.19
2024-12-25 21:27:03,961 INFO ################## 
 ---> Validation Epoch 276	Acc.: 78.900	FPR: 74.502	AUROC: 82.872	AUPR: 51.697	AURC: 66.348	EAURC: 42.332	AUPR Succ.: 94.950	ECE: 7.419	NLL: 6.742	Brier: 31.221
2024-12-25 21:27:03,962 INFO ####### --- Training Epoch 277 --- #######
2024-12-25 21:27:30,912 INFO Epoch 277 	 Batch 99	LR : 0.00003	Tot. Loss: 0.19
2024-12-25 21:27:57,399 INFO Epoch 277 	 Batch 199	LR : 0.00003	Tot. Loss: 0.19
2024-12-25 21:28:23,886 INFO Epoch 277 	 Batch 299	LR : 0.00003	Tot. Loss: 0.19
2024-12-25 21:28:40,134 INFO ################## 
 ---> Validation Epoch 277	Acc.: 78.820	FPR: 71.483	AUROC: 82.993	AUPR: 51.536	AURC: 66.494	EAURC: 42.288	AUPR Succ.: 94.948	ECE: 7.554	NLL: 6.754	Brier: 31.211
2024-12-25 21:28:40,135 INFO ####### --- Training Epoch 278 --- #######
2024-12-25 21:29:07,008 INFO Epoch 278 	 Batch 99	LR : 0.00003	Tot. Loss: 0.19
2024-12-25 21:29:33,505 INFO Epoch 278 	 Batch 199	LR : 0.00003	Tot. Loss: 0.19
2024-12-25 21:29:55,242 INFO Epoch 278 	 Batch 299	LR : 0.00003	Tot. Loss: 0.19
2024-12-25 21:30:06,972 INFO ################## 
 ---> Validation Epoch 278	Acc.: 78.920	FPR: 73.435	AUROC: 83.095	AUPR: 51.892	AURC: 65.701	EAURC: 41.733	AUPR Succ.: 95.020	ECE: 7.424	NLL: 6.690	Brier: 31.008
2024-12-25 21:30:06,973 INFO ####### --- Training Epoch 279 --- #######
2024-12-25 21:30:33,854 INFO Epoch 279 	 Batch 99	LR : 0.00003	Tot. Loss: 0.19
2024-12-25 21:31:00,336 INFO Epoch 279 	 Batch 199	LR : 0.00003	Tot. Loss: 0.19
2024-12-25 21:31:26,843 INFO Epoch 279 	 Batch 299	LR : 0.00003	Tot. Loss: 0.19
2024-12-25 21:31:43,165 INFO ################## 
 ---> Validation Epoch 279	Acc.: 78.880	FPR: 73.390	AUROC: 83.072	AUPR: 52.301	AURC: 66.025	EAURC: 41.962	AUPR Succ.: 94.989	ECE: 7.468	NLL: 6.713	Brier: 31.075
2024-12-25 21:31:43,166 INFO ####### --- Training Epoch 280 --- #######
2024-12-25 21:32:10,141 INFO Epoch 280 	 Batch 99	LR : 0.00003	Tot. Loss: 0.19
2024-12-25 21:32:36,637 INFO Epoch 280 	 Batch 199	LR : 0.00003	Tot. Loss: 0.19
2024-12-25 21:33:03,205 INFO Epoch 280 	 Batch 299	LR : 0.00003	Tot. Loss: 0.19
2024-12-25 21:33:19,632 INFO ################## 
 ---> Validation Epoch 280	Acc.: 78.760	FPR: 72.693	AUROC: 82.987	AUPR: 52.173	AURC: 66.695	EAURC: 42.346	AUPR Succ.: 94.939	ECE: 7.579	NLL: 6.752	Brier: 31.285
2024-12-25 21:33:19,634 INFO ####### --- Training Epoch 281 --- #######
2024-12-25 21:33:46,405 INFO Epoch 281 	 Batch 99	LR : 0.00003	Tot. Loss: 0.19
2024-12-25 21:34:12,934 INFO Epoch 281 	 Batch 199	LR : 0.00003	Tot. Loss: 0.19
2024-12-25 21:34:39,450 INFO Epoch 281 	 Batch 299	LR : 0.00003	Tot. Loss: 0.19
2024-12-25 21:34:55,940 INFO ################## 
 ---> Validation Epoch 281	Acc.: 79.040	FPR: 74.905	AUROC: 82.726	AUPR: 50.620	AURC: 66.192	EAURC: 42.507	AUPR Succ.: 94.937	ECE: 7.474	NLL: 6.741	Brier: 31.146
2024-12-25 21:34:55,942 INFO ####### --- Training Epoch 282 --- #######
2024-12-25 21:35:22,872 INFO Epoch 282 	 Batch 99	LR : 0.00003	Tot. Loss: 0.19
2024-12-25 21:35:49,362 INFO Epoch 282 	 Batch 199	LR : 0.00003	Tot. Loss: 0.19
2024-12-25 21:36:15,850 INFO Epoch 282 	 Batch 299	LR : 0.00003	Tot. Loss: 0.19
2024-12-25 21:36:26,231 INFO ################## 
 ---> Validation Epoch 282	Acc.: 79.040	FPR: 73.378	AUROC: 82.954	AUPR: 51.228	AURC: 65.599	EAURC: 41.914	AUPR Succ.: 95.005	ECE: 7.427	NLL: 6.694	Brier: 30.990
2024-12-25 21:36:26,233 INFO ####### --- Training Epoch 283 --- #######
2024-12-25 21:36:50,941 INFO Epoch 283 	 Batch 99	LR : 0.00002	Tot. Loss: 0.19
2024-12-25 21:37:17,388 INFO Epoch 283 	 Batch 199	LR : 0.00002	Tot. Loss: 0.19
2024-12-25 21:37:43,866 INFO Epoch 283 	 Batch 299	LR : 0.00002	Tot. Loss: 0.19
2024-12-25 21:38:00,211 INFO ################## 
 ---> Validation Epoch 283	Acc.: 78.840	FPR: 71.928	AUROC: 83.055	AUPR: 52.390	AURC: 66.226	EAURC: 42.068	AUPR Succ.: 94.975	ECE: 7.511	NLL: 6.737	Brier: 31.167
2024-12-25 21:38:00,212 INFO ####### --- Training Epoch 284 --- #######
2024-12-25 21:38:27,158 INFO Epoch 284 	 Batch 99	LR : 0.00002	Tot. Loss: 0.19
2024-12-25 21:38:53,787 INFO Epoch 284 	 Batch 199	LR : 0.00002	Tot. Loss: 0.19
2024-12-25 21:39:20,412 INFO Epoch 284 	 Batch 299	LR : 0.00002	Tot. Loss: 0.19
2024-12-25 21:39:36,946 INFO ################## 
 ---> Validation Epoch 284	Acc.: 79.020	FPR: 73.594	AUROC: 82.912	AUPR: 51.947	AURC: 65.759	EAURC: 42.027	AUPR Succ.: 94.991	ECE: 7.319	NLL: 6.725	Brier: 31.080
2024-12-25 21:39:36,947 INFO ####### --- Training Epoch 285 --- #######
2024-12-25 21:40:03,803 INFO Epoch 285 	 Batch 99	LR : 0.00002	Tot. Loss: 0.19
2024-12-25 21:40:30,389 INFO Epoch 285 	 Batch 199	LR : 0.00002	Tot. Loss: 0.19
2024-12-25 21:40:56,979 INFO Epoch 285 	 Batch 299	LR : 0.00002	Tot. Loss: 0.19
2024-12-25 21:41:13,471 INFO ################## 
 ---> Validation Epoch 285	Acc.: 78.740	FPR: 72.719	AUROC: 82.961	AUPR: 52.310	AURC: 66.888	EAURC: 42.492	AUPR Succ.: 94.921	ECE: 7.550	NLL: 6.775	Brier: 31.335
2024-12-25 21:41:13,472 INFO ####### --- Training Epoch 286 --- #######
2024-12-25 21:41:40,318 INFO Epoch 286 	 Batch 99	LR : 0.00002	Tot. Loss: 0.19
2024-12-25 21:42:06,852 INFO Epoch 286 	 Batch 199	LR : 0.00002	Tot. Loss: 0.19
2024-12-25 21:42:33,417 INFO Epoch 286 	 Batch 299	LR : 0.00002	Tot. Loss: 0.19
2024-12-25 21:42:49,870 INFO ################## 
 ---> Validation Epoch 286	Acc.: 78.780	FPR: 73.610	AUROC: 82.957	AUPR: 51.801	AURC: 66.680	EAURC: 42.379	AUPR Succ.: 94.937	ECE: 7.575	NLL: 6.765	Brier: 31.298
2024-12-25 21:42:49,872 INFO ####### --- Training Epoch 287 --- #######
2024-12-25 21:43:08,499 INFO Epoch 287 	 Batch 99	LR : 0.00002	Tot. Loss: 0.19
2024-12-25 21:43:35,063 INFO Epoch 287 	 Batch 199	LR : 0.00002	Tot. Loss: 0.19
2024-12-25 21:44:01,671 INFO Epoch 287 	 Batch 299	LR : 0.00002	Tot. Loss: 0.19
2024-12-25 21:44:18,133 INFO ################## 
 ---> Validation Epoch 287	Acc.: 78.740	FPR: 73.471	AUROC: 83.027	AUPR: 52.427	AURC: 66.655	EAURC: 42.259	AUPR Succ.: 94.949	ECE: 7.502	NLL: 6.764	Brier: 31.325
2024-12-25 21:44:18,135 INFO ####### --- Training Epoch 288 --- #######
2024-12-25 21:44:44,991 INFO Epoch 288 	 Batch 99	LR : 0.00002	Tot. Loss: 0.19
2024-12-25 21:45:11,585 INFO Epoch 288 	 Batch 199	LR : 0.00002	Tot. Loss: 0.19
2024-12-25 21:45:38,369 INFO Epoch 288 	 Batch 299	LR : 0.00002	Tot. Loss: 0.19
2024-12-25 21:45:54,873 INFO ################## 
 ---> Validation Epoch 288	Acc.: 78.760	FPR: 73.446	AUROC: 83.041	AUPR: 51.968	AURC: 66.531	EAURC: 42.182	AUPR Succ.: 94.959	ECE: 7.616	NLL: 6.759	Brier: 31.304
2024-12-25 21:45:54,874 INFO ####### --- Training Epoch 289 --- #######
2024-12-25 21:46:21,874 INFO Epoch 289 	 Batch 99	LR : 0.00002	Tot. Loss: 0.19
2024-12-25 21:46:48,457 INFO Epoch 289 	 Batch 199	LR : 0.00002	Tot. Loss: 0.19
2024-12-25 21:47:15,037 INFO Epoch 289 	 Batch 299	LR : 0.00002	Tot. Loss: 0.19
2024-12-25 21:47:31,401 INFO ################## 
 ---> Validation Epoch 289	Acc.: 79.040	FPR: 74.046	AUROC: 82.858	AUPR: 51.096	AURC: 65.806	EAURC: 42.121	AUPR Succ.: 94.982	ECE: 7.416	NLL: 6.719	Brier: 31.074
2024-12-25 21:47:31,403 INFO ####### --- Training Epoch 290 --- #######
2024-12-25 21:47:58,305 INFO Epoch 290 	 Batch 99	LR : 0.00002	Tot. Loss: 0.19
2024-12-25 21:48:24,884 INFO Epoch 290 	 Batch 199	LR : 0.00002	Tot. Loss: 0.19
2024-12-25 21:48:51,453 INFO Epoch 290 	 Batch 299	LR : 0.00002	Tot. Loss: 0.19
2024-12-25 21:49:07,929 INFO ################## 
 ---> Validation Epoch 290	Acc.: 78.940	FPR: 74.169	AUROC: 82.773	AUPR: 51.273	AURC: 66.468	EAURC: 42.547	AUPR Succ.: 94.927	ECE: 7.420	NLL: 6.765	Brier: 31.269
2024-12-25 21:49:07,932 INFO ####### --- Training Epoch 291 --- #######
2024-12-25 21:49:27,577 INFO Epoch 291 	 Batch 99	LR : 0.00002	Tot. Loss: 0.19
2024-12-25 21:49:53,310 INFO Epoch 291 	 Batch 199	LR : 0.00002	Tot. Loss: 0.19
2024-12-25 21:50:19,963 INFO Epoch 291 	 Batch 299	LR : 0.00002	Tot. Loss: 0.19
2024-12-25 21:50:36,504 INFO ################## 
 ---> Validation Epoch 291	Acc.: 78.600	FPR: 71.963	AUROC: 83.051	AUPR: 52.542	AURC: 67.372	EAURC: 42.640	AUPR Succ.: 94.893	ECE: 7.797	NLL: 6.800	Brier: 31.405
2024-12-25 21:50:36,505 INFO ####### --- Training Epoch 292 --- #######
2024-12-25 21:51:03,478 INFO Epoch 292 	 Batch 99	LR : 0.00002	Tot. Loss: 0.19
2024-12-25 21:51:30,128 INFO Epoch 292 	 Batch 199	LR : 0.00002	Tot. Loss: 0.19
2024-12-25 21:51:56,823 INFO Epoch 292 	 Batch 299	LR : 0.00002	Tot. Loss: 0.19
2024-12-25 21:52:13,352 INFO ################## 
 ---> Validation Epoch 292	Acc.: 78.980	FPR: 73.168	AUROC: 82.806	AUPR: 50.777	AURC: 66.199	EAURC: 42.372	AUPR Succ.: 94.950	ECE: 7.441	NLL: 6.742	Brier: 31.164
2024-12-25 21:52:13,353 INFO ####### --- Training Epoch 293 --- #######
2024-12-25 21:52:40,458 INFO Epoch 293 	 Batch 99	LR : 0.00001	Tot. Loss: 0.19
2024-12-25 21:53:07,137 INFO Epoch 293 	 Batch 199	LR : 0.00001	Tot. Loss: 0.19
2024-12-25 21:53:33,804 INFO Epoch 293 	 Batch 299	LR : 0.00001	Tot. Loss: 0.19
2024-12-25 21:53:50,208 INFO ################## 
 ---> Validation Epoch 293	Acc.: 78.540	FPR: 72.321	AUROC: 83.097	AUPR: 52.953	AURC: 67.413	EAURC: 42.535	AUPR Succ.: 94.904	ECE: 7.834	NLL: 6.807	Brier: 31.479
2024-12-25 21:53:50,209 INFO ####### --- Training Epoch 294 --- #######
2024-12-25 21:54:17,172 INFO Epoch 294 	 Batch 99	LR : 0.00001	Tot. Loss: 0.19
2024-12-25 21:54:43,817 INFO Epoch 294 	 Batch 199	LR : 0.00001	Tot. Loss: 0.19
2024-12-25 21:55:10,492 INFO Epoch 294 	 Batch 299	LR : 0.00001	Tot. Loss: 0.19
2024-12-25 21:55:26,958 INFO ################## 
 ---> Validation Epoch 294	Acc.: 78.740	FPR: 72.719	AUROC: 82.810	AUPR: 51.148	AURC: 67.222	EAURC: 42.825	AUPR Succ.: 94.883	ECE: 7.682	NLL: 6.805	Brier: 31.461
2024-12-25 21:55:26,960 INFO ####### --- Training Epoch 295 --- #######
2024-12-25 21:55:52,606 INFO Epoch 295 	 Batch 99	LR : 0.00001	Tot. Loss: 0.19
2024-12-25 21:56:11,292 INFO Epoch 295 	 Batch 199	LR : 0.00001	Tot. Loss: 0.19
2024-12-25 21:56:37,910 INFO Epoch 295 	 Batch 299	LR : 0.00001	Tot. Loss: 0.19
2024-12-25 21:56:54,427 INFO ################## 
 ---> Validation Epoch 295	Acc.: 78.760	FPR: 72.599	AUROC: 83.135	AUPR: 52.207	AURC: 66.372	EAURC: 42.023	AUPR Succ.: 94.975	ECE: 7.623	NLL: 6.737	Brier: 31.174
2024-12-25 21:56:54,428 INFO ####### --- Training Epoch 296 --- #######
2024-12-25 21:57:21,509 INFO Epoch 296 	 Batch 99	LR : 0.00001	Tot. Loss: 0.19
2024-12-25 21:57:48,110 INFO Epoch 296 	 Batch 199	LR : 0.00001	Tot. Loss: 0.19
2024-12-25 21:58:14,711 INFO Epoch 296 	 Batch 299	LR : 0.00001	Tot. Loss: 0.19
2024-12-25 21:58:31,407 INFO ################## 
 ---> Validation Epoch 296	Acc.: 78.920	FPR: 73.814	AUROC: 82.903	AUPR: 51.367	AURC: 66.232	EAURC: 42.264	AUPR Succ.: 94.958	ECE: 7.511	NLL: 6.729	Brier: 31.155
2024-12-25 21:58:31,409 INFO ####### --- Training Epoch 297 --- #######
2024-12-25 21:58:58,424 INFO Epoch 297 	 Batch 99	LR : 0.00001	Tot. Loss: 0.19
2024-12-25 21:59:25,009 INFO Epoch 297 	 Batch 199	LR : 0.00001	Tot. Loss: 0.19
2024-12-25 21:59:51,634 INFO Epoch 297 	 Batch 299	LR : 0.00001	Tot. Loss: 0.19
2024-12-25 22:00:08,057 INFO ################## 
 ---> Validation Epoch 297	Acc.: 78.740	FPR: 71.872	AUROC: 83.000	AUPR: 52.025	AURC: 66.834	EAURC: 42.438	AUPR Succ.: 94.926	ECE: 7.630	NLL: 6.770	Brier: 31.308
2024-12-25 22:00:08,058 INFO ####### --- Training Epoch 298 --- #######
2024-12-25 22:00:35,054 INFO Epoch 298 	 Batch 99	LR : 0.00001	Tot. Loss: 0.19
2024-12-25 22:01:01,666 INFO Epoch 298 	 Batch 199	LR : 0.00001	Tot. Loss: 0.19
2024-12-25 22:01:28,296 INFO Epoch 298 	 Batch 299	LR : 0.00001	Tot. Loss: 0.19
2024-12-25 22:01:44,848 INFO ################## 
 ---> Validation Epoch 298	Acc.: 78.840	FPR: 72.968	AUROC: 82.719	AUPR: 51.099	AURC: 67.030	EAURC: 42.872	AUPR Succ.: 94.884	ECE: 7.530	NLL: 6.790	Brier: 31.372
2024-12-25 22:01:44,849 INFO ####### --- Training Epoch 299 --- #######
2024-12-25 22:02:11,712 INFO Epoch 299 	 Batch 99	LR : 0.00001	Tot. Loss: 0.19
2024-12-25 22:02:30,958 INFO Epoch 299 	 Batch 199	LR : 0.00001	Tot. Loss: 0.19
2024-12-25 22:02:56,963 INFO Epoch 299 	 Batch 299	LR : 0.00001	Tot. Loss: 0.19
2024-12-25 22:03:13,553 INFO ################## 
 ---> Validation Epoch 299	Acc.: 78.820	FPR: 72.710	AUROC: 82.963	AUPR: 52.381	AURC: 66.539	EAURC: 42.333	AUPR Succ.: 94.943	ECE: 7.454	NLL: 6.755	Brier: 31.239
2024-12-26 11:58:25,339 INFO {
    "attn_type": "kep_svgp",
    "backbone": "mlp",
    "batch_size": 128,
    "beta1": 0.9,
    "beta2": 0.999,
    "concate": true,
    "corruption_dir": "./data",
    "dataset": "cifar10",
    "depth": 7,
    "eta_kl": 1.0,
    "eta_ksvd": 10.0,
    "gpu": "1",
    "hdim": 384,
    "ksvd_layers": 7,
    "low_rank": 10,
    "lr": 0.001,
    "min_lr": 1e-05,
    "model": "diffusion",
    "nb_cls": 10,
    "nb_epochs": 300,
    "nb_run": 1,
    "nb_worker": 4,
    "num_heads": 12,
    "pretrained_dir": "../experiments/CIFAR10_out/vit_out_cat",
    "rank_multi": 10,
    "save_dir": "../experiments/CIFAR10_out/diffusion",
    "seed": 0,
    "stage": 1,
    "subcommand": "Cifar10",
    "test_dir": "../data/CIFAR10/test",
    "train_dir": "../data/CIFAR10/train",
    "val_dir": "../data/CIFAR10/val",
    "wandb_key": "6cf7b84d1bd52c9eb1e5eade43f583a8059231f2",
    "warmup_epoch": 5,
    "weight_decay": 5e-05
}
2024-12-26 11:58:25,504 INFO ####################################################################################################
1 / 1 Running
2024-12-26 11:58:47,983 INFO {
    "attn_type": "kep_svgp",
    "backbone": "mlp",
    "batch_size": 128,
    "beta1": 0.9,
    "beta2": 0.999,
    "concate": true,
    "corruption_dir": "./data",
    "dataset": "cifar10",
    "depth": 7,
    "eta_kl": 1.0,
    "eta_ksvd": 10.0,
    "gpu": "1",
    "hdim": 384,
    "ksvd_layers": 7,
    "low_rank": 10,
    "lr": 0.001,
    "min_lr": 1e-05,
    "model": "diffusion",
    "nb_cls": 10,
    "nb_epochs": 300,
    "nb_run": 1,
    "nb_worker": 4,
    "num_heads": 12,
    "pretrained_dir": "../experiments/CIFAR10_out/vit_out_cat",
    "rank_multi": 10,
    "save_dir": "../experiments/CIFAR10_out/diffusion",
    "seed": 0,
    "stage": 1,
    "subcommand": "Cifar10",
    "test_dir": "../data/CIFAR10/test",
    "train_dir": "../data/CIFAR10/train",
    "val_dir": "../data/CIFAR10/val",
    "wandb_key": "6cf7b84d1bd52c9eb1e5eade43f583a8059231f2",
    "warmup_epoch": 5,
    "weight_decay": 5e-05
}
2024-12-26 11:58:48,137 INFO ####################################################################################################
1 / 1 Running
2024-12-26 11:58:48,164 INFO Using diffusion ...
2024-12-26 11:58:53,328 INFO Using q_distribution ...
2024-12-26 11:58:53,817 INFO ####### --- Training Epoch 0 --- #######
2024-12-26 12:02:34,716 INFO {
    "attn_type": "kep_svgp",
    "backbone": "mlp",
    "batch_size": 128,
    "beta1": 0.9,
    "beta2": 0.999,
    "concate": true,
    "corruption_dir": "./data",
    "dataset": "cifar10",
    "depth": 7,
    "eta_kl": 1.0,
    "eta_ksvd": 10.0,
    "gpu": "1",
    "hdim": 384,
    "ksvd_layers": 7,
    "low_rank": 10,
    "lr": 0.001,
    "min_lr": 1e-05,
    "model": "diffusion",
    "nb_cls": 10,
    "nb_epochs": 300,
    "nb_run": 1,
    "nb_worker": 4,
    "num_heads": 12,
    "pretrained_dir": "../experiments/CIFAR10_out/vit_out_cat",
    "rank_multi": 10,
    "save_dir": "../experiments/CIFAR10_out/diffusion",
    "seed": 0,
    "stage": 1,
    "subcommand": "Cifar10",
    "test_dir": "../data/CIFAR10/test",
    "train_dir": "../data/CIFAR10/train",
    "val_dir": "../data/CIFAR10/val",
    "wandb_key": "6cf7b84d1bd52c9eb1e5eade43f583a8059231f2",
    "warmup_epoch": 5,
    "weight_decay": 5e-05
}
2024-12-26 12:02:34,872 INFO ####################################################################################################
1 / 1 Running
2024-12-26 12:02:34,900 INFO Using diffusion ...
2024-12-26 12:02:39,907 INFO Using q_distribution ...
2024-12-26 12:02:40,078 INFO ####### --- Training Epoch 0 --- #######
2024-12-26 12:06:12,873 INFO {
    "attn_type": "kep_svgp",
    "backbone": "mlp",
    "batch_size": 128,
    "beta1": 0.9,
    "beta2": 0.999,
    "concate": true,
    "corruption_dir": "./data",
    "dataset": "cifar10",
    "depth": 7,
    "eta_kl": 1.0,
    "eta_ksvd": 10.0,
    "gpu": "1",
    "hdim": 384,
    "ksvd_layers": 7,
    "low_rank": 10,
    "lr": 0.001,
    "min_lr": 1e-05,
    "model": "diffusion",
    "nb_cls": 10,
    "nb_epochs": 300,
    "nb_run": 1,
    "nb_worker": 4,
    "num_heads": 12,
    "pretrained_dir": "../experiments/CIFAR10_out/vit_out_cat",
    "rank_multi": 10,
    "save_dir": "../experiments/CIFAR10_out/diffusion",
    "seed": 0,
    "stage": 1,
    "subcommand": "Cifar10",
    "test_dir": "../data/CIFAR10/test",
    "train_dir": "../data/CIFAR10/train",
    "val_dir": "../data/CIFAR10/val",
    "wandb_key": "6cf7b84d1bd52c9eb1e5eade43f583a8059231f2",
    "warmup_epoch": 5,
    "weight_decay": 5e-05
}
2024-12-26 12:06:13,033 INFO ####################################################################################################
1 / 1 Running
2024-12-26 12:06:30,764 INFO {
    "attn_type": "kep_svgp",
    "backbone": "mlp",
    "batch_size": 128,
    "beta1": 0.9,
    "beta2": 0.999,
    "concate": true,
    "corruption_dir": "./data",
    "dataset": "cifar10",
    "depth": 7,
    "eta_kl": 1.0,
    "eta_ksvd": 10.0,
    "gpu": "1",
    "hdim": 384,
    "ksvd_layers": 7,
    "low_rank": 10,
    "lr": 0.001,
    "min_lr": 1e-05,
    "model": "diffusion",
    "nb_cls": 10,
    "nb_epochs": 300,
    "nb_run": 1,
    "nb_worker": 4,
    "num_heads": 12,
    "pretrained_dir": "../experiments/CIFAR10_out/vit_out_cat",
    "rank_multi": 10,
    "save_dir": "../experiments/CIFAR10_out/diffusion",
    "seed": 0,
    "stage": 1,
    "subcommand": "Cifar10",
    "test_dir": "../data/CIFAR10/test",
    "train_dir": "../data/CIFAR10/train",
    "val_dir": "../data/CIFAR10/val",
    "wandb_key": "6cf7b84d1bd52c9eb1e5eade43f583a8059231f2",
    "warmup_epoch": 5,
    "weight_decay": 5e-05
}
2024-12-26 12:06:30,924 INFO ####################################################################################################
1 / 1 Running
2024-12-26 12:06:30,952 INFO Using diffusion ...
2024-12-26 12:06:36,083 INFO Using q_distribution ...
2024-12-26 12:06:36,257 INFO ####### --- Training Epoch 0 --- #######
2024-12-26 12:07:28,148 INFO {
    "attn_type": "kep_svgp",
    "backbone": "mlp",
    "batch_size": 128,
    "beta1": 0.9,
    "beta2": 0.999,
    "concate": true,
    "corruption_dir": "./data",
    "dataset": "cifar10",
    "depth": 7,
    "eta_kl": 1.0,
    "eta_ksvd": 10.0,
    "gpu": "1",
    "hdim": 384,
    "ksvd_layers": 7,
    "low_rank": 10,
    "lr": 0.001,
    "min_lr": 1e-05,
    "model": "diffusion",
    "nb_cls": 10,
    "nb_epochs": 300,
    "nb_run": 1,
    "nb_worker": 4,
    "num_heads": 12,
    "pretrained_dir": "../experiments/CIFAR10_out/vit_out_cat",
    "rank_multi": 10,
    "save_dir": "../experiments/CIFAR10_out/diffusion",
    "seed": 0,
    "stage": 1,
    "subcommand": "Cifar10",
    "test_dir": "../data/CIFAR10/test",
    "train_dir": "../data/CIFAR10/train",
    "val_dir": "../data/CIFAR10/val",
    "wandb_key": "6cf7b84d1bd52c9eb1e5eade43f583a8059231f2",
    "warmup_epoch": 5,
    "weight_decay": 5e-05
}
2024-12-26 12:07:28,311 INFO ####################################################################################################
1 / 1 Running
2024-12-26 12:07:28,331 INFO Using diffusion ...
2024-12-26 12:07:33,345 INFO Using q_distribution ...
2024-12-26 12:07:33,500 INFO ####### --- Training Epoch 0 --- #######
2024-12-26 12:10:00,390 INFO {
    "attn_type": "kep_svgp",
    "backbone": "mlp",
    "batch_size": 128,
    "beta1": 0.9,
    "beta2": 0.999,
    "concate": true,
    "corruption_dir": "./data",
    "dataset": "cifar10",
    "depth": 7,
    "eta_kl": 1.0,
    "eta_ksvd": 10.0,
    "gpu": "1",
    "hdim": 384,
    "ksvd_layers": 7,
    "low_rank": 10,
    "lr": 0.001,
    "min_lr": 1e-05,
    "model": "diffusion",
    "nb_cls": 10,
    "nb_epochs": 300,
    "nb_run": 1,
    "nb_worker": 4,
    "num_heads": 12,
    "pretrained_dir": "../experiments/CIFAR10_out/vit_out_cat",
    "rank_multi": 10,
    "save_dir": "../experiments/CIFAR10_out/diffusion",
    "seed": 0,
    "stage": 1,
    "subcommand": "Cifar10",
    "test_dir": "../data/CIFAR10/test",
    "train_dir": "../data/CIFAR10/train",
    "val_dir": "../data/CIFAR10/val",
    "wandb_key": "6cf7b84d1bd52c9eb1e5eade43f583a8059231f2",
    "warmup_epoch": 5,
    "weight_decay": 5e-05
}
2024-12-26 12:10:00,548 INFO ####################################################################################################
1 / 1 Running
2024-12-26 12:10:00,553 INFO Using diffusion ...
2024-12-26 12:10:05,563 INFO Using q_distribution ...
2024-12-26 12:10:05,728 INFO ####### --- Training Epoch 0 --- #######
2024-12-26 12:10:31,655 INFO Epoch 0 	 Batch 99	LR : 0.00000	Tot. Loss: 4.98
2024-12-26 12:10:57,112 INFO Epoch 0 	 Batch 199	LR : 0.00000	Tot. Loss: 4.98
2024-12-26 20:10:04,188 INFO {
    "attn_type": "kep_svgp",
    "backbone": "mlp",
    "batch_size": 128,
    "beta1": 0.9,
    "beta2": 0.999,
    "concate": true,
    "corruption_dir": "./data",
    "dataset": "cifar10",
    "depth": 7,
    "eta_kl": 1.0,
    "eta_ksvd": 10.0,
    "gpu": "1",
    "hdim": 384,
    "ksvd_layers": 7,
    "low_rank": 10,
    "lr": 0.001,
    "min_lr": 1e-05,
    "model": "diffusion",
    "nb_cls": 10,
    "nb_epochs": 300,
    "nb_run": 1,
    "nb_worker": 4,
    "num_heads": 12,
    "pretrained_dir": "../experiments/CIFAR10_out/vit_out_cat",
    "rank_multi": 10,
    "save_dir": "../experiments/CIFAR10_out/diffusion",
    "seed": 0,
    "stage": 1,
    "subcommand": "Cifar10",
    "test_dir": "../data/CIFAR10/test",
    "train_dir": "../data/CIFAR10/train",
    "val_dir": "../data/CIFAR10/val",
    "wandb_key": "6cf7b84d1bd52c9eb1e5eade43f583a8059231f2",
    "warmup_epoch": 5,
    "weight_decay": 5e-05
}
2024-12-26 20:10:04,359 INFO ####################################################################################################
1 / 1 Running
2024-12-26 20:10:04,369 INFO Using diffusion ...
2024-12-26 20:10:09,415 INFO Using q_distribution ...
2024-12-26 20:10:09,846 INFO ####### --- Training Epoch 0 --- #######
2024-12-26 20:12:25,577 INFO {
    "attn_type": "kep_svgp",
    "backbone": "mlp",
    "batch_size": 128,
    "beta1": 0.9,
    "beta2": 0.999,
    "concate": true,
    "corruption_dir": "./data",
    "dataset": "cifar10",
    "depth": 7,
    "eta_kl": 1.0,
    "eta_ksvd": 10.0,
    "gpu": "1",
    "hdim": 384,
    "ksvd_layers": 7,
    "low_rank": 10,
    "lr": 0.001,
    "min_lr": 1e-05,
    "model": "diffusion",
    "nb_cls": 10,
    "nb_epochs": 300,
    "nb_run": 1,
    "nb_worker": 4,
    "num_heads": 12,
    "pretrained_dir": "../experiments/CIFAR10_out/vit_out_cat",
    "rank_multi": 10,
    "save_dir": "../experiments/CIFAR10_out/diffusion",
    "seed": 0,
    "stage": 1,
    "subcommand": "Cifar10",
    "test_dir": "../data/CIFAR10/test",
    "train_dir": "../data/CIFAR10/train",
    "val_dir": "../data/CIFAR10/val",
    "wandb_key": "6cf7b84d1bd52c9eb1e5eade43f583a8059231f2",
    "warmup_epoch": 5,
    "weight_decay": 5e-05
}
2024-12-26 20:12:25,740 INFO ####################################################################################################
1 / 1 Running
2024-12-26 20:12:25,751 INFO Using diffusion ...
2024-12-26 20:12:30,627 INFO Using q_distribution ...
2024-12-26 20:12:30,763 INFO ####### --- Training Epoch 0 --- #######
2024-12-26 20:17:55,173 INFO {
    "attn_type": "kep_svgp",
    "backbone": "mlp",
    "batch_size": 128,
    "beta1": 0.9,
    "beta2": 0.999,
    "concate": true,
    "corruption_dir": "./data",
    "dataset": "cifar10",
    "depth": 7,
    "eta_kl": 1.0,
    "eta_ksvd": 10.0,
    "gpu": "1",
    "hdim": 384,
    "ksvd_layers": 7,
    "low_rank": 10,
    "lr": 0.001,
    "min_lr": 1e-05,
    "model": "diffusion",
    "nb_cls": 10,
    "nb_epochs": 300,
    "nb_run": 1,
    "nb_worker": 4,
    "num_heads": 12,
    "pretrained_dir": "../experiments/CIFAR10_out/vit_out_cat",
    "rank_multi": 10,
    "save_dir": "../experiments/CIFAR10_out/diffusion",
    "seed": 0,
    "stage": 1,
    "subcommand": "Cifar10",
    "test_dir": "../data/CIFAR10/test",
    "train_dir": "../data/CIFAR10/train",
    "val_dir": "../data/CIFAR10/val",
    "wandb_key": "6cf7b84d1bd52c9eb1e5eade43f583a8059231f2",
    "warmup_epoch": 5,
    "weight_decay": 5e-05
}
2024-12-26 20:17:55,333 INFO ####################################################################################################
1 / 1 Running
2024-12-26 20:17:55,342 INFO Using diffusion ...
2024-12-26 20:18:00,224 INFO Using q_distribution ...
2024-12-26 20:18:00,329 INFO ####### --- Training Epoch 0 --- #######
2024-12-26 20:18:21,636 INFO Epoch 0 	 Batch 99	LR : 0.00000	Tot. Loss: 0.76
2024-12-26 20:18:42,710 INFO Epoch 0 	 Batch 199	LR : 0.00000	Tot. Loss: 0.76
2024-12-26 20:19:03,789 INFO Epoch 0 	 Batch 299	LR : 0.00000	Tot. Loss: 0.76
2024-12-26 20:19:17,446 INFO ################## 
 ---> Validation Epoch 0	Acc.: 16.420	FPR: 91.122	AUROC: 62.060	AUPR: 87.798	AURC: 767.596	EAURC: 228.451	AUPR Succ.: 26.299	ECE: 61.522	NLL: 99.081	Brier: 138.276
2024-12-26 20:19:17,447 INFO Accuracy improved from 0.00 to 16.42!!!
2024-12-26 20:19:17,460 INFO AUROC improved from 0.00 to 62.06!!!
2024-12-26 20:19:17,508 INFO AURC decreased from 1000000.00 to 767.60!!!
2024-12-26 20:19:17,525 INFO ####### --- Training Epoch 1 --- #######
2024-12-26 20:19:31,089 INFO Epoch 1 	 Batch 99	LR : 0.00020	Tot. Loss: 0.61
2024-12-26 20:19:51,833 INFO Epoch 1 	 Batch 199	LR : 0.00020	Tot. Loss: 0.46
2024-12-26 20:20:12,930 INFO Epoch 1 	 Batch 299	LR : 0.00020	Tot. Loss: 0.40
2024-12-26 20:20:26,616 INFO ################## 
 ---> Validation Epoch 1	Acc.: 36.860	FPR: 89.769	AUROC: 66.452	AUPR: 74.235	AURC: 483.460	EAURC: 219.939	AUPR Succ.: 57.178	ECE: 29.853	NLL: 27.338	Brier: 88.930
2024-12-26 20:20:26,616 INFO Accuracy improved from 16.42 to 36.86!!!
2024-12-26 20:20:26,625 INFO AUROC improved from 62.06 to 66.45!!!
2024-12-26 20:20:26,632 INFO AURC decreased from 767.60 to 483.46!!!
2024-12-26 20:20:26,640 INFO ####### --- Training Epoch 2 --- #######
2024-12-26 20:20:48,007 INFO Epoch 2 	 Batch 99	LR : 0.00040	Tot. Loss: 0.35
2024-12-26 20:21:09,108 INFO Epoch 2 	 Batch 199	LR : 0.00040	Tot. Loss: 0.32
2024-12-26 20:21:30,209 INFO Epoch 2 	 Batch 299	LR : 0.00040	Tot. Loss: 0.30
2024-12-26 20:21:43,926 INFO ################## 
 ---> Validation Epoch 2	Acc.: 56.080	FPR: 80.738	AUROC: 74.844	AUPR: 66.434	AURC: 243.702	EAURC: 128.864	AUPR Succ.: 80.493	ECE: 18.810	NLL: 15.414	Brier: 61.895
2024-12-26 20:21:43,927 INFO Accuracy improved from 36.86 to 56.08!!!
2024-12-26 20:21:43,936 INFO AUROC improved from 66.45 to 74.84!!!
2024-12-26 20:21:43,943 INFO AURC decreased from 483.46 to 243.70!!!
2024-12-26 20:21:43,951 INFO ####### --- Training Epoch 3 --- #######
2024-12-26 20:22:05,431 INFO Epoch 3 	 Batch 99	LR : 0.00060	Tot. Loss: 0.29
2024-12-26 20:22:26,549 INFO Epoch 3 	 Batch 199	LR : 0.00060	Tot. Loss: 0.27
2024-12-26 20:22:47,663 INFO Epoch 3 	 Batch 299	LR : 0.00060	Tot. Loss: 0.27
2024-12-26 20:23:01,108 INFO ################## 
 ---> Validation Epoch 3	Acc.: 66.180	FPR: 79.007	AUROC: 77.489	AUPR: 59.528	AURC: 156.007	EAURC: 90.993	AUPR Succ.: 87.710	ECE: 13.259	NLL: 11.212	Brier: 48.598
2024-12-26 20:23:01,109 INFO Accuracy improved from 56.08 to 66.18!!!
2024-12-26 20:23:01,117 INFO AUROC improved from 74.84 to 77.49!!!
2024-12-26 20:23:01,124 INFO AURC decreased from 243.70 to 156.01!!!
2024-12-26 20:23:01,132 INFO ####### --- Training Epoch 4 --- #######
2024-12-26 20:23:22,584 INFO Epoch 4 	 Batch 99	LR : 0.00080	Tot. Loss: 0.25
2024-12-26 20:23:43,680 INFO Epoch 4 	 Batch 199	LR : 0.00080	Tot. Loss: 0.25
2024-12-26 20:24:04,783 INFO Epoch 4 	 Batch 299	LR : 0.00080	Tot. Loss: 0.24
2024-12-26 20:24:18,397 INFO ################## 
 ---> Validation Epoch 4	Acc.: 71.320	FPR: 76.848	AUROC: 79.681	AUPR: 57.382	AURC: 114.835	EAURC: 69.092	AUPR Succ.: 91.140	ECE: 11.204	NLL: 9.235	Brier: 41.470
2024-12-26 20:24:18,398 INFO Accuracy improved from 66.18 to 71.32!!!
2024-12-26 20:24:18,406 INFO AUROC improved from 77.49 to 79.68!!!
2024-12-26 20:24:18,413 INFO AURC decreased from 156.01 to 114.84!!!
2024-12-26 20:24:18,421 INFO ####### --- Training Epoch 5 --- #######
2024-12-26 20:24:39,859 INFO Epoch 5 	 Batch 99	LR : 0.00100	Tot. Loss: 0.24
2024-12-26 20:25:00,959 INFO Epoch 5 	 Batch 199	LR : 0.00100	Tot. Loss: 0.23
2024-12-26 20:25:22,065 INFO Epoch 5 	 Batch 299	LR : 0.00100	Tot. Loss: 0.23
2024-12-26 20:25:35,741 INFO ################## 
 ---> Validation Epoch 5	Acc.: 74.500	FPR: 75.686	AUROC: 80.490	AUPR: 53.947	AURC: 94.234	EAURC: 58.541	AUPR Succ.: 92.735	ECE: 10.097	NLL: 8.351	Brier: 37.657
2024-12-26 20:25:35,742 INFO Accuracy improved from 71.32 to 74.50!!!
2024-12-26 20:25:35,750 INFO AUROC improved from 79.68 to 80.49!!!
2024-12-26 20:25:35,757 INFO AURC decreased from 114.84 to 94.23!!!
2024-12-26 20:25:35,765 INFO ####### --- Training Epoch 6 --- #######
2024-12-26 20:25:53,325 INFO Epoch 6 	 Batch 99	LR : 0.00100	Tot. Loss: 0.23
2024-12-26 20:26:08,813 INFO Epoch 6 	 Batch 199	LR : 0.00100	Tot. Loss: 0.22
2024-12-26 20:26:29,907 INFO Epoch 6 	 Batch 299	LR : 0.00100	Tot. Loss: 0.22
2024-12-26 20:26:43,503 INFO ################## 
 ---> Validation Epoch 6	Acc.: 74.260	FPR: 73.349	AUROC: 81.277	AUPR: 55.544	AURC: 93.386	EAURC: 56.983	AUPR Succ.: 92.891	ECE: 10.400	NLL: 8.245	Brier: 37.470
2024-12-26 20:26:43,504 INFO AUROC improved from 80.49 to 81.28!!!
2024-12-26 20:26:43,513 INFO AURC decreased from 94.23 to 93.39!!!
2024-12-26 20:26:43,520 INFO ####### --- Training Epoch 7 --- #######
2024-12-26 20:27:04,764 INFO Epoch 7 	 Batch 99	LR : 0.00100	Tot. Loss: 0.22
2024-12-26 20:27:25,848 INFO Epoch 7 	 Batch 199	LR : 0.00100	Tot. Loss: 0.22
2024-12-26 20:27:46,927 INFO Epoch 7 	 Batch 299	LR : 0.00100	Tot. Loss: 0.22
2024-12-26 20:28:00,501 INFO ################## 
 ---> Validation Epoch 7	Acc.: 75.600	FPR: 74.426	AUROC: 81.843	AUPR: 55.643	AURC: 84.819	EAURC: 52.283	AUPR Succ.: 93.560	ECE: 9.163	NLL: 7.700	Brier: 35.520
2024-12-26 20:28:00,501 INFO Accuracy improved from 74.50 to 75.60!!!
2024-12-26 20:28:00,510 INFO AUROC improved from 81.28 to 81.84!!!
2024-12-26 20:28:00,517 INFO AURC decreased from 93.39 to 84.82!!!
2024-12-26 20:28:00,527 INFO ####### --- Training Epoch 8 --- #######
2024-12-26 20:28:21,890 INFO Epoch 8 	 Batch 99	LR : 0.00100	Tot. Loss: 0.21
2024-12-26 20:28:42,978 INFO Epoch 8 	 Batch 199	LR : 0.00100	Tot. Loss: 0.21
2024-12-26 20:29:04,068 INFO Epoch 8 	 Batch 299	LR : 0.00100	Tot. Loss: 0.21
2024-12-26 20:29:17,594 INFO ################## 
 ---> Validation Epoch 8	Acc.: 76.120	FPR: 72.194	AUROC: 82.593	AUPR: 56.937	AURC: 79.353	EAURC: 48.253	AUPR Succ.: 94.090	ECE: 9.017	NLL: 7.643	Brier: 34.974
2024-12-26 20:29:17,595 INFO Accuracy improved from 75.60 to 76.12!!!
2024-12-26 20:29:17,603 INFO AUROC improved from 81.84 to 82.59!!!
2024-12-26 20:29:17,610 INFO AURC decreased from 84.82 to 79.35!!!
2024-12-26 20:29:17,618 INFO ####### --- Training Epoch 9 --- #######
2024-12-26 20:29:38,948 INFO Epoch 9 	 Batch 99	LR : 0.00100	Tot. Loss: 0.21
2024-12-26 20:30:00,032 INFO Epoch 9 	 Batch 199	LR : 0.00100	Tot. Loss: 0.21
2024-12-26 20:30:21,123 INFO Epoch 9 	 Batch 299	LR : 0.00100	Tot. Loss: 0.21
2024-12-26 20:30:34,704 INFO ################## 
 ---> Validation Epoch 9	Acc.: 74.600	FPR: 73.858	AUROC: 81.581	AUPR: 56.484	AURC: 90.224	EAURC: 54.824	AUPR Succ.: 93.187	ECE: 10.101	NLL: 8.105	Brier: 37.030
2024-12-26 20:30:34,705 INFO ####### --- Training Epoch 10 --- #######
2024-12-26 20:30:56,149 INFO Epoch 10 	 Batch 99	LR : 0.00100	Tot. Loss: 0.21
2024-12-26 20:31:17,239 INFO Epoch 10 	 Batch 199	LR : 0.00100	Tot. Loss: 0.21
2024-12-26 20:31:38,324 INFO Epoch 10 	 Batch 299	LR : 0.00100	Tot. Loss: 0.21
2024-12-26 20:31:52,036 INFO ################## 
 ---> Validation Epoch 10	Acc.: 75.880	FPR: 73.300	AUROC: 81.033	AUPR: 53.501	AURC: 85.815	EAURC: 54.056	AUPR Succ.: 93.374	ECE: 9.046	NLL: 7.761	Brier: 35.729
2024-12-26 20:31:52,038 INFO ####### --- Training Epoch 11 --- #######
2024-12-26 20:32:13,378 INFO Epoch 11 	 Batch 99	LR : 0.00100	Tot. Loss: 0.21
2024-12-26 20:32:26,310 INFO Epoch 11 	 Batch 199	LR : 0.00100	Tot. Loss: 0.21
2024-12-26 20:32:47,395 INFO Epoch 11 	 Batch 299	LR : 0.00100	Tot. Loss: 0.21
2024-12-26 20:33:00,873 INFO ################## 
 ---> Validation Epoch 11	Acc.: 75.020	FPR: 74.860	AUROC: 81.839	AUPR: 55.393	AURC: 87.334	EAURC: 53.153	AUPR Succ.: 93.419	ECE: 9.863	NLL: 7.876	Brier: 36.295
2024-12-26 20:33:00,875 INFO ####### --- Training Epoch 12 --- #######
2024-12-26 20:33:22,223 INFO Epoch 12 	 Batch 99	LR : 0.00100	Tot. Loss: 0.21
2024-12-26 20:33:43,304 INFO Epoch 12 	 Batch 199	LR : 0.00100	Tot. Loss: 0.21
2024-12-26 20:34:04,389 INFO Epoch 12 	 Batch 299	LR : 0.00100	Tot. Loss: 0.21
2024-12-26 20:34:18,020 INFO ################## 
 ---> Validation Epoch 12	Acc.: 73.680	FPR: 71.581	AUROC: 81.375	AUPR: 57.971	AURC: 95.815	EAURC: 57.662	AUPR Succ.: 92.764	ECE: 10.829	NLL: 8.328	Brier: 38.142
2024-12-26 20:34:18,021 INFO ####### --- Training Epoch 13 --- #######
2024-12-26 20:34:39,437 INFO Epoch 13 	 Batch 99	LR : 0.00100	Tot. Loss: 0.21
2024-12-26 20:35:00,518 INFO Epoch 13 	 Batch 199	LR : 0.00100	Tot. Loss: 0.20
2024-12-26 20:35:21,604 INFO Epoch 13 	 Batch 299	LR : 0.00100	Tot. Loss: 0.20
2024-12-26 20:35:35,257 INFO ################## 
 ---> Validation Epoch 13	Acc.: 76.980	FPR: 76.977	AUROC: 81.335	AUPR: 52.425	AURC: 79.477	EAURC: 50.675	AUPR Succ.: 93.855	ECE: 8.116	NLL: 7.460	Brier: 34.268
2024-12-26 20:35:35,257 INFO Accuracy improved from 76.12 to 76.98!!!
2024-12-26 20:35:35,267 INFO ####### --- Training Epoch 14 --- #######
2024-12-26 20:35:56,619 INFO Epoch 14 	 Batch 99	LR : 0.00100	Tot. Loss: 0.20
2024-12-26 20:36:17,709 INFO Epoch 14 	 Batch 199	LR : 0.00100	Tot. Loss: 0.20
2024-12-26 20:36:38,794 INFO Epoch 14 	 Batch 299	LR : 0.00100	Tot. Loss: 0.20
2024-12-26 20:36:52,402 INFO ################## 
 ---> Validation Epoch 14	Acc.: 76.700	FPR: 74.077	AUROC: 82.452	AUPR: 54.198	AURC: 77.200	EAURC: 47.661	AUPR Succ.: 94.196	ECE: 8.726	NLL: 7.358	Brier: 34.025
2024-12-26 20:36:52,402 INFO AURC decreased from 79.35 to 77.20!!!
2024-12-26 20:36:52,412 INFO ####### --- Training Epoch 15 --- #######
2024-12-26 20:37:13,801 INFO Epoch 15 	 Batch 99	LR : 0.00100	Tot. Loss: 0.20
2024-12-26 20:37:34,886 INFO Epoch 15 	 Batch 199	LR : 0.00100	Tot. Loss: 0.20
2024-12-26 20:37:55,964 INFO Epoch 15 	 Batch 299	LR : 0.00100	Tot. Loss: 0.20
2024-12-26 20:38:09,610 INFO ################## 
 ---> Validation Epoch 15	Acc.: 75.980	FPR: 74.521	AUROC: 81.446	AUPR: 54.432	AURC: 84.091	EAURC: 52.608	AUPR Succ.: 93.552	ECE: 9.546	NLL: 7.642	Brier: 35.282
2024-12-26 20:38:09,612 INFO ####### --- Training Epoch 16 --- #######
2024-12-26 20:38:30,978 INFO Epoch 16 	 Batch 99	LR : 0.00100	Tot. Loss: 0.20
2024-12-26 20:38:47,226 INFO Epoch 16 	 Batch 199	LR : 0.00100	Tot. Loss: 0.20
2024-12-26 20:39:03,736 INFO Epoch 16 	 Batch 299	LR : 0.00100	Tot. Loss: 0.20
2024-12-26 20:39:17,321 INFO ################## 
 ---> Validation Epoch 16	Acc.: 76.720	FPR: 74.055	AUROC: 81.602	AUPR: 53.744	AURC: 79.894	EAURC: 50.408	AUPR Succ.: 93.869	ECE: 8.488	NLL: 7.456	Brier: 34.391
2024-12-26 20:39:17,323 INFO ####### --- Training Epoch 17 --- #######
2024-12-26 20:39:38,715 INFO Epoch 17 	 Batch 99	LR : 0.00100	Tot. Loss: 0.20
2024-12-26 20:39:59,793 INFO Epoch 17 	 Batch 199	LR : 0.00100	Tot. Loss: 0.20
2024-12-26 20:40:20,870 INFO Epoch 17 	 Batch 299	LR : 0.00100	Tot. Loss: 0.20
2024-12-26 20:40:34,430 INFO ################## 
 ---> Validation Epoch 17	Acc.: 77.400	FPR: 70.885	AUROC: 83.314	AUPR: 55.969	AURC: 71.730	EAURC: 44.016	AUPR Succ.: 94.667	ECE: 8.190	NLL: 7.129	Brier: 32.874
2024-12-26 20:40:34,431 INFO Accuracy improved from 76.98 to 77.40!!!
2024-12-26 20:40:34,440 INFO AUROC improved from 82.59 to 83.31!!!
2024-12-26 20:40:34,448 INFO AURC decreased from 77.20 to 71.73!!!
2024-12-26 20:40:34,456 INFO ####### --- Training Epoch 18 --- #######
2024-12-26 20:40:55,885 INFO Epoch 18 	 Batch 99	LR : 0.00100	Tot. Loss: 0.20
2024-12-26 20:41:16,966 INFO Epoch 18 	 Batch 199	LR : 0.00100	Tot. Loss: 0.20
2024-12-26 20:41:38,064 INFO Epoch 18 	 Batch 299	LR : 0.00100	Tot. Loss: 0.20
2024-12-26 20:41:51,582 INFO ################## 
 ---> Validation Epoch 18	Acc.: 76.020	FPR: 71.643	AUROC: 81.839	AUPR: 55.393	AURC: 82.642	EAURC: 51.269	AUPR Succ.: 93.714	ECE: 9.458	NLL: 7.673	Brier: 35.312
2024-12-26 20:41:51,584 INFO ####### --- Training Epoch 19 --- #######
2024-12-26 20:42:12,962 INFO Epoch 19 	 Batch 99	LR : 0.00100	Tot. Loss: 0.20
2024-12-26 20:42:34,037 INFO Epoch 19 	 Batch 199	LR : 0.00100	Tot. Loss: 0.20
2024-12-26 20:42:55,115 INFO Epoch 19 	 Batch 299	LR : 0.00100	Tot. Loss: 0.20
2024-12-26 20:43:08,707 INFO ################## 
 ---> Validation Epoch 19	Acc.: 77.520	FPR: 73.754	AUROC: 82.750	AUPR: 53.610	AURC: 72.888	EAURC: 45.480	AUPR Succ.: 94.501	ECE: 8.150	NLL: 7.122	Brier: 32.839
2024-12-26 20:43:08,707 INFO Accuracy improved from 77.40 to 77.52!!!
2024-12-26 20:43:08,717 INFO ####### --- Training Epoch 20 --- #######
2024-12-26 20:43:30,076 INFO Epoch 20 	 Batch 99	LR : 0.00099	Tot. Loss: 0.20
2024-12-26 20:43:51,153 INFO Epoch 20 	 Batch 199	LR : 0.00099	Tot. Loss: 0.20
2024-12-26 20:44:12,216 INFO Epoch 20 	 Batch 299	LR : 0.00099	Tot. Loss: 0.20
2024-12-26 20:44:25,728 INFO ################## 
 ---> Validation Epoch 20	Acc.: 76.400	FPR: 73.475	AUROC: 82.153	AUPR: 53.843	AURC: 79.628	EAURC: 49.287	AUPR Succ.: 93.981	ECE: 8.815	NLL: 7.505	Brier: 34.591
2024-12-26 20:44:25,730 INFO ####### --- Training Epoch 21 --- #######
2024-12-26 20:44:47,075 INFO Epoch 21 	 Batch 99	LR : 0.00099	Tot. Loss: 0.20
2024-12-26 20:45:08,138 INFO Epoch 21 	 Batch 199	LR : 0.00099	Tot. Loss: 0.20
2024-12-26 20:45:21,066 INFO Epoch 21 	 Batch 299	LR : 0.00099	Tot. Loss: 0.20
2024-12-26 20:45:34,592 INFO ################## 
 ---> Validation Epoch 21	Acc.: 77.720	FPR: 74.417	AUROC: 82.640	AUPR: 52.746	AURC: 72.168	EAURC: 45.267	AUPR Succ.: 94.541	ECE: 8.334	NLL: 7.112	Brier: 32.745
2024-12-26 20:45:34,593 INFO Accuracy improved from 77.52 to 77.72!!!
2024-12-26 20:45:34,602 INFO ####### --- Training Epoch 22 --- #######
2024-12-26 20:45:55,941 INFO Epoch 22 	 Batch 99	LR : 0.00099	Tot. Loss: 0.20
2024-12-26 20:46:16,961 INFO Epoch 22 	 Batch 199	LR : 0.00099	Tot. Loss: 0.20
2024-12-26 20:46:37,979 INFO Epoch 22 	 Batch 299	LR : 0.00099	Tot. Loss: 0.20
2024-12-26 20:46:51,423 INFO ################## 
 ---> Validation Epoch 22	Acc.: 77.440	FPR: 69.415	AUROC: 83.642	AUPR: 56.187	AURC: 70.542	EAURC: 42.930	AUPR Succ.: 94.797	ECE: 8.163	NLL: 6.948	Brier: 32.450
2024-12-26 20:46:51,424 INFO AUROC improved from 83.31 to 83.64!!!
2024-12-26 20:46:51,432 INFO AURC decreased from 71.73 to 70.54!!!
2024-12-26 20:46:51,440 INFO ####### --- Training Epoch 23 --- #######
2024-12-26 20:47:12,745 INFO Epoch 23 	 Batch 99	LR : 0.00099	Tot. Loss: 0.20
2024-12-26 20:47:33,765 INFO Epoch 23 	 Batch 199	LR : 0.00099	Tot. Loss: 0.20
2024-12-26 20:47:54,933 INFO Epoch 23 	 Batch 299	LR : 0.00099	Tot. Loss: 0.20
2024-12-26 20:48:08,473 INFO ################## 
 ---> Validation Epoch 23	Acc.: 78.060	FPR: 73.747	AUROC: 82.401	AUPR: 52.510	AURC: 71.686	EAURC: 45.634	AUPR Succ.: 94.510	ECE: 7.893	NLL: 6.984	Brier: 32.207
2024-12-26 20:48:08,474 INFO Accuracy improved from 77.72 to 78.06!!!
2024-12-26 20:48:08,483 INFO ####### --- Training Epoch 24 --- #######
2024-12-26 20:48:29,850 INFO Epoch 24 	 Batch 99	LR : 0.00099	Tot. Loss: 0.20
2024-12-26 20:48:50,854 INFO Epoch 24 	 Batch 199	LR : 0.00099	Tot. Loss: 0.20
2024-12-26 20:49:11,871 INFO Epoch 24 	 Batch 299	LR : 0.00099	Tot. Loss: 0.20
2024-12-26 20:49:25,328 INFO ################## 
 ---> Validation Epoch 24	Acc.: 77.920	FPR: 72.464	AUROC: 82.890	AUPR: 53.844	AURC: 70.493	EAURC: 44.093	AUPR Succ.: 94.691	ECE: 8.233	NLL: 7.037	Brier: 32.449
2024-12-26 20:49:25,328 INFO AURC decreased from 70.54 to 70.49!!!
2024-12-26 20:49:25,337 INFO ####### --- Training Epoch 25 --- #######
2024-12-26 20:49:46,618 INFO Epoch 25 	 Batch 99	LR : 0.00099	Tot. Loss: 0.20
2024-12-26 20:50:07,634 INFO Epoch 25 	 Batch 199	LR : 0.00099	Tot. Loss: 0.20
2024-12-26 20:50:28,647 INFO Epoch 25 	 Batch 299	LR : 0.00099	Tot. Loss: 0.20
2024-12-26 20:50:42,245 INFO ################## 
 ---> Validation Epoch 25	Acc.: 77.560	FPR: 69.251	AUROC: 83.161	AUPR: 55.733	AURC: 71.722	EAURC: 44.416	AUPR Succ.: 94.622	ECE: 8.229	NLL: 7.045	Brier: 32.515
2024-12-26 20:50:42,247 INFO ####### --- Training Epoch 26 --- #######
2024-12-26 20:51:03,545 INFO Epoch 26 	 Batch 99	LR : 0.00099	Tot. Loss: 0.20
2024-12-26 20:51:24,565 INFO Epoch 26 	 Batch 199	LR : 0.00099	Tot. Loss: 0.20
2024-12-26 20:51:39,769 INFO Epoch 26 	 Batch 299	LR : 0.00099	Tot. Loss: 0.20
2024-12-26 20:51:49,785 INFO ################## 
 ---> Validation Epoch 26	Acc.: 76.620	FPR: 72.541	AUROC: 81.736	AUPR: 54.294	AURC: 80.344	EAURC: 50.593	AUPR Succ.: 93.832	ECE: 8.499	NLL: 7.486	Brier: 34.398
2024-12-26 20:51:49,787 INFO ####### --- Training Epoch 27 --- #######
2024-12-26 20:52:11,099 INFO Epoch 27 	 Batch 99	LR : 0.00099	Tot. Loss: 0.20
2024-12-26 20:52:32,132 INFO Epoch 27 	 Batch 199	LR : 0.00099	Tot. Loss: 0.20
2024-12-26 20:52:53,163 INFO Epoch 27 	 Batch 299	LR : 0.00099	Tot. Loss: 0.20
2024-12-26 20:53:06,627 INFO ################## 
 ---> Validation Epoch 27	Acc.: 77.860	FPR: 73.713	AUROC: 82.605	AUPR: 51.990	AURC: 71.572	EAURC: 45.023	AUPR Succ.: 94.579	ECE: 8.025	NLL: 7.034	Brier: 32.627
2024-12-26 20:53:06,628 INFO ####### --- Training Epoch 28 --- #######
2024-12-26 20:53:27,948 INFO Epoch 28 	 Batch 99	LR : 0.00099	Tot. Loss: 0.20
2024-12-26 20:53:48,966 INFO Epoch 28 	 Batch 199	LR : 0.00099	Tot. Loss: 0.20
2024-12-26 20:54:09,984 INFO Epoch 28 	 Batch 299	LR : 0.00099	Tot. Loss: 0.20
2024-12-26 20:54:23,472 INFO ################## 
 ---> Validation Epoch 28	Acc.: 78.500	FPR: 73.581	AUROC: 83.318	AUPR: 52.625	AURC: 66.780	EAURC: 41.806	AUPR Succ.: 94.992	ECE: 7.867	NLL: 6.799	Brier: 31.373
2024-12-26 20:54:23,472 INFO Accuracy improved from 78.06 to 78.50!!!
2024-12-26 20:54:23,482 INFO AURC decreased from 70.49 to 66.78!!!
2024-12-26 20:54:23,491 INFO ####### --- Training Epoch 29 --- #######
2024-12-26 20:54:44,928 INFO Epoch 29 	 Batch 99	LR : 0.00099	Tot. Loss: 0.20
2024-12-26 20:55:05,952 INFO Epoch 29 	 Batch 199	LR : 0.00099	Tot. Loss: 0.20
2024-12-26 20:55:26,983 INFO Epoch 29 	 Batch 299	LR : 0.00099	Tot. Loss: 0.20
2024-12-26 20:55:40,486 INFO ################## 
 ---> Validation Epoch 29	Acc.: 78.040	FPR: 74.590	AUROC: 82.543	AUPR: 53.050	AURC: 71.153	EAURC: 45.052	AUPR Succ.: 94.581	ECE: 7.665	NLL: 7.063	Brier: 32.429
2024-12-26 20:55:40,487 INFO ####### --- Training Epoch 30 --- #######
2024-12-26 20:56:01,865 INFO Epoch 30 	 Batch 99	LR : 0.00098	Tot. Loss: 0.20
2024-12-26 20:56:22,888 INFO Epoch 30 	 Batch 199	LR : 0.00098	Tot. Loss: 0.20
2024-12-26 20:56:43,908 INFO Epoch 30 	 Batch 299	LR : 0.00098	Tot. Loss: 0.20
2024-12-26 20:56:57,358 INFO ################## 
 ---> Validation Epoch 30	Acc.: 77.200	FPR: 74.123	AUROC: 81.944	AUPR: 53.179	AURC: 76.262	EAURC: 48.033	AUPR Succ.: 94.188	ECE: 8.375	NLL: 7.292	Brier: 33.779
2024-12-26 20:56:57,359 INFO ####### --- Training Epoch 31 --- #######
2024-12-26 20:57:18,664 INFO Epoch 31 	 Batch 99	LR : 0.00098	Tot. Loss: 0.20
2024-12-26 20:57:39,696 INFO Epoch 31 	 Batch 199	LR : 0.00098	Tot. Loss: 0.20
2024-12-26 20:57:59,833 INFO Epoch 31 	 Batch 299	LR : 0.00098	Tot. Loss: 0.20
2024-12-26 20:58:06,805 INFO ################## 
 ---> Validation Epoch 31	Acc.: 79.240	FPR: 75.048	AUROC: 82.644	AUPR: 51.034	AURC: 65.354	EAURC: 42.137	AUPR Succ.: 94.995	ECE: 7.261	NLL: 6.770	Brier: 31.028
2024-12-26 20:58:06,807 INFO Accuracy improved from 78.50 to 79.24!!!
2024-12-26 20:58:06,823 INFO AURC decreased from 66.78 to 65.35!!!
2024-12-26 20:58:06,835 INFO ####### --- Training Epoch 32 --- #######
2024-12-26 20:58:27,675 INFO Epoch 32 	 Batch 99	LR : 0.00098	Tot. Loss: 0.20
2024-12-26 20:58:48,699 INFO Epoch 32 	 Batch 199	LR : 0.00098	Tot. Loss: 0.20
2024-12-26 20:59:09,755 INFO Epoch 32 	 Batch 299	LR : 0.00098	Tot. Loss: 0.20
2024-12-26 20:59:23,316 INFO ################## 
 ---> Validation Epoch 32	Acc.: 78.360	FPR: 69.686	AUROC: 83.164	AUPR: 54.270	AURC: 68.188	EAURC: 42.874	AUPR Succ.: 94.851	ECE: 7.444	NLL: 6.884	Brier: 31.641
2024-12-26 20:59:23,318 INFO ####### --- Training Epoch 33 --- #######
2024-12-26 20:59:44,652 INFO Epoch 33 	 Batch 99	LR : 0.00098	Tot. Loss: 0.20
2024-12-26 21:00:05,691 INFO Epoch 33 	 Batch 199	LR : 0.00098	Tot. Loss: 0.20
2024-12-26 21:00:26,721 INFO Epoch 33 	 Batch 299	LR : 0.00098	Tot. Loss: 0.20
2024-12-26 21:00:40,205 INFO ################## 
 ---> Validation Epoch 33	Acc.: 76.720	FPR: 73.797	AUROC: 82.215	AUPR: 52.963	AURC: 77.852	EAURC: 48.366	AUPR Succ.: 94.115	ECE: 9.202	NLL: 7.501	Brier: 34.287
2024-12-26 21:00:40,206 INFO ####### --- Training Epoch 34 --- #######
2024-12-26 21:01:01,480 INFO Epoch 34 	 Batch 99	LR : 0.00098	Tot. Loss: 0.20
2024-12-26 21:01:22,519 INFO Epoch 34 	 Batch 199	LR : 0.00098	Tot. Loss: 0.20
2024-12-26 21:01:43,547 INFO Epoch 34 	 Batch 299	LR : 0.00098	Tot. Loss: 0.20
2024-12-26 21:01:56,987 INFO ################## 
 ---> Validation Epoch 34	Acc.: 78.040	FPR: 72.222	AUROC: 82.690	AUPR: 53.373	AURC: 71.187	EAURC: 45.086	AUPR Succ.: 94.569	ECE: 7.849	NLL: 7.034	Brier: 32.166
2024-12-26 21:01:56,988 INFO ####### --- Training Epoch 35 --- #######
2024-12-26 21:02:18,361 INFO Epoch 35 	 Batch 99	LR : 0.00098	Tot. Loss: 0.20
2024-12-26 21:02:39,406 INFO Epoch 35 	 Batch 199	LR : 0.00098	Tot. Loss: 0.20
2024-12-26 21:03:00,444 INFO Epoch 35 	 Batch 299	LR : 0.00098	Tot. Loss: 0.20
2024-12-26 21:03:14,035 INFO ################## 
 ---> Validation Epoch 35	Acc.: 76.000	FPR: 73.333	AUROC: 82.222	AUPR: 54.466	AURC: 81.299	EAURC: 49.871	AUPR Succ.: 93.885	ECE: 9.635	NLL: 7.732	Brier: 35.167
2024-12-26 21:03:14,036 INFO ####### --- Training Epoch 36 --- #######
2024-12-26 21:03:35,370 INFO Epoch 36 	 Batch 99	LR : 0.00098	Tot. Loss: 0.20
2024-12-26 21:03:56,414 INFO Epoch 36 	 Batch 199	LR : 0.00098	Tot. Loss: 0.20
2024-12-26 21:04:17,465 INFO Epoch 36 	 Batch 299	LR : 0.00098	Tot. Loss: 0.20
2024-12-26 21:04:28,325 INFO ################## 
 ---> Validation Epoch 36	Acc.: 77.340	FPR: 69.638	AUROC: 83.205	AUPR: 56.141	AURC: 72.277	EAURC: 44.409	AUPR Succ.: 94.617	ECE: 8.387	NLL: 7.178	Brier: 33.105
2024-12-26 21:04:28,327 INFO ####### --- Training Epoch 37 --- #######
2024-12-26 21:04:42,575 INFO Epoch 37 	 Batch 99	LR : 0.00097	Tot. Loss: 0.20
2024-12-26 21:05:03,610 INFO Epoch 37 	 Batch 199	LR : 0.00097	Tot. Loss: 0.20
2024-12-26 21:05:24,646 INFO Epoch 37 	 Batch 299	LR : 0.00097	Tot. Loss: 0.20
2024-12-26 21:05:38,272 INFO ################## 
 ---> Validation Epoch 37	Acc.: 78.480	FPR: 73.420	AUROC: 82.841	AUPR: 52.334	AURC: 68.188	EAURC: 43.165	AUPR Succ.: 94.831	ECE: 7.929	NLL: 7.063	Brier: 31.919
2024-12-26 21:05:38,274 INFO ####### --- Training Epoch 38 --- #######
2024-12-26 21:05:59,555 INFO Epoch 38 	 Batch 99	LR : 0.00097	Tot. Loss: 0.20
2024-12-26 21:06:20,576 INFO Epoch 38 	 Batch 199	LR : 0.00097	Tot. Loss: 0.20
2024-12-26 21:06:41,604 INFO Epoch 38 	 Batch 299	LR : 0.00097	Tot. Loss: 0.20
2024-12-26 21:06:55,150 INFO ################## 
 ---> Validation Epoch 38	Acc.: 78.540	FPR: 73.625	AUROC: 83.083	AUPR: 53.544	AURC: 67.476	EAURC: 42.599	AUPR Succ.: 94.897	ECE: 7.094	NLL: 6.791	Brier: 31.447
2024-12-26 21:06:55,151 INFO ####### --- Training Epoch 39 --- #######
2024-12-26 21:07:16,481 INFO Epoch 39 	 Batch 99	LR : 0.00097	Tot. Loss: 0.20
2024-12-26 21:07:37,510 INFO Epoch 39 	 Batch 199	LR : 0.00097	Tot. Loss: 0.20
2024-12-26 21:07:58,546 INFO Epoch 39 	 Batch 299	LR : 0.00097	Tot. Loss: 0.20
2024-12-26 21:08:12,085 INFO ################## 
 ---> Validation Epoch 39	Acc.: 78.200	FPR: 72.844	AUROC: 82.576	AUPR: 51.371	AURC: 70.288	EAURC: 44.583	AUPR Succ.: 94.647	ECE: 7.914	NLL: 7.005	Brier: 32.201
2024-12-26 21:08:12,086 INFO ####### --- Training Epoch 40 --- #######
2024-12-26 21:08:33,452 INFO Epoch 40 	 Batch 99	LR : 0.00097	Tot. Loss: 0.20
2024-12-26 21:08:54,473 INFO Epoch 40 	 Batch 199	LR : 0.00097	Tot. Loss: 0.20
2024-12-26 21:09:15,496 INFO Epoch 40 	 Batch 299	LR : 0.00097	Tot. Loss: 0.20
2024-12-26 21:09:28,959 INFO ################## 
 ---> Validation Epoch 40	Acc.: 78.320	FPR: 73.708	AUROC: 82.804	AUPR: 52.733	AURC: 68.997	EAURC: 43.585	AUPR Succ.: 94.772	ECE: 7.839	NLL: 6.985	Brier: 32.086
2024-12-26 21:09:28,960 INFO ####### --- Training Epoch 41 --- #######
2024-12-26 21:09:50,254 INFO Epoch 41 	 Batch 99	LR : 0.00097	Tot. Loss: 0.20
2024-12-26 21:10:11,282 INFO Epoch 41 	 Batch 199	LR : 0.00097	Tot. Loss: 0.20
2024-12-26 21:10:32,318 INFO Epoch 41 	 Batch 299	LR : 0.00097	Tot. Loss: 0.20
2024-12-26 21:10:45,788 INFO ################## 
 ---> Validation Epoch 41	Acc.: 78.640	FPR: 74.157	AUROC: 82.716	AUPR: 51.386	AURC: 67.940	EAURC: 43.304	AUPR Succ.: 94.823	ECE: 7.516	NLL: 6.831	Brier: 31.528
2024-12-26 21:10:45,789 INFO ####### --- Training Epoch 42 --- #######
2024-12-26 21:10:59,645 INFO Epoch 42 	 Batch 99	LR : 0.00097	Tot. Loss: 0.20
2024-12-26 21:11:20,035 INFO Epoch 42 	 Batch 199	LR : 0.00097	Tot. Loss: 0.20
2024-12-26 21:11:41,076 INFO Epoch 42 	 Batch 299	LR : 0.00097	Tot. Loss: 0.20
2024-12-26 21:11:54,659 INFO ################## 
 ---> Validation Epoch 42	Acc.: 77.240	FPR: 73.111	AUROC: 82.709	AUPR: 55.158	AURC: 74.063	EAURC: 45.938	AUPR Succ.: 94.432	ECE: 8.820	NLL: 7.308	Brier: 33.512
2024-12-26 21:11:54,661 INFO ####### --- Training Epoch 43 --- #######
2024-12-26 21:12:15,960 INFO Epoch 43 	 Batch 99	LR : 0.00096	Tot. Loss: 0.20
2024-12-26 21:12:36,992 INFO Epoch 43 	 Batch 199	LR : 0.00096	Tot. Loss: 0.20
2024-12-26 21:12:58,013 INFO Epoch 43 	 Batch 299	LR : 0.00096	Tot. Loss: 0.20
2024-12-26 21:13:11,535 INFO ################## 
 ---> Validation Epoch 43	Acc.: 77.940	FPR: 73.073	AUROC: 82.636	AUPR: 52.890	AURC: 71.185	EAURC: 44.836	AUPR Succ.: 94.603	ECE: 8.309	NLL: 7.108	Brier: 32.550
2024-12-26 21:13:11,537 INFO ####### --- Training Epoch 44 --- #######
2024-12-26 21:13:32,817 INFO Epoch 44 	 Batch 99	LR : 0.00096	Tot. Loss: 0.20
2024-12-26 21:13:53,853 INFO Epoch 44 	 Batch 199	LR : 0.00096	Tot. Loss: 0.20
2024-12-26 21:14:14,886 INFO Epoch 44 	 Batch 299	LR : 0.00096	Tot. Loss: 0.20
2024-12-26 21:14:28,604 INFO ################## 
 ---> Validation Epoch 44	Acc.: 76.840	FPR: 73.143	AUROC: 81.805	AUPR: 54.172	AURC: 79.113	EAURC: 49.944	AUPR Succ.: 93.922	ECE: 8.701	NLL: 7.320	Brier: 33.810
2024-12-26 21:14:28,605 INFO ####### --- Training Epoch 45 --- #######
2024-12-26 21:14:49,989 INFO Epoch 45 	 Batch 99	LR : 0.00096	Tot. Loss: 0.20
2024-12-26 21:15:11,019 INFO Epoch 45 	 Batch 199	LR : 0.00096	Tot. Loss: 0.20
2024-12-26 21:15:32,055 INFO Epoch 45 	 Batch 299	LR : 0.00096	Tot. Loss: 0.20
2024-12-26 21:15:45,532 INFO ################## 
 ---> Validation Epoch 45	Acc.: 76.740	FPR: 74.721	AUROC: 81.944	AUPR: 53.730	AURC: 78.626	EAURC: 49.192	AUPR Succ.: 94.016	ECE: 8.777	NLL: 7.491	Brier: 34.341
2024-12-26 21:15:45,533 INFO ####### --- Training Epoch 46 --- #######
2024-12-26 21:16:06,842 INFO Epoch 46 	 Batch 99	LR : 0.00096	Tot. Loss: 0.20
2024-12-26 21:16:27,876 INFO Epoch 46 	 Batch 199	LR : 0.00096	Tot. Loss: 0.20
2024-12-26 21:16:48,913 INFO Epoch 46 	 Batch 299	LR : 0.00096	Tot. Loss: 0.20
2024-12-26 21:17:02,504 INFO ################## 
 ---> Validation Epoch 46	Acc.: 78.540	FPR: 70.829	AUROC: 83.478	AUPR: 54.050	AURC: 66.040	EAURC: 41.163	AUPR Succ.: 95.069	ECE: 7.735	NLL: 6.735	Brier: 31.288
2024-12-26 21:17:02,505 INFO ####### --- Training Epoch 47 --- #######
2024-12-26 21:17:20,600 INFO Epoch 47 	 Batch 99	LR : 0.00096	Tot. Loss: 0.20
2024-12-26 21:17:34,124 INFO Epoch 47 	 Batch 199	LR : 0.00096	Tot. Loss: 0.20
2024-12-26 21:17:55,172 INFO Epoch 47 	 Batch 299	LR : 0.00096	Tot. Loss: 0.20
2024-12-26 21:18:08,714 INFO ################## 
 ---> Validation Epoch 47	Acc.: 77.280	FPR: 76.320	AUROC: 81.250	AUPR: 51.326	AURC: 78.090	EAURC: 50.068	AUPR Succ.: 93.951	ECE: 8.439	NLL: 7.405	Brier: 34.092
2024-12-26 21:18:08,716 INFO ####### --- Training Epoch 48 --- #######
2024-12-26 21:18:30,075 INFO Epoch 48 	 Batch 99	LR : 0.00095	Tot. Loss: 0.20
2024-12-26 21:18:51,116 INFO Epoch 48 	 Batch 199	LR : 0.00095	Tot. Loss: 0.20
2024-12-26 21:19:12,172 INFO Epoch 48 	 Batch 299	LR : 0.00095	Tot. Loss: 0.20
2024-12-26 21:19:25,658 INFO ################## 
 ---> Validation Epoch 48	Acc.: 77.300	FPR: 74.537	AUROC: 82.386	AUPR: 53.681	AURC: 74.786	EAURC: 46.815	AUPR Succ.: 94.332	ECE: 8.687	NLL: 7.283	Brier: 33.491
2024-12-26 21:19:25,660 INFO ####### --- Training Epoch 49 --- #######
2024-12-26 21:19:46,959 INFO Epoch 49 	 Batch 99	LR : 0.00095	Tot. Loss: 0.20
2024-12-26 21:20:08,018 INFO Epoch 49 	 Batch 199	LR : 0.00095	Tot. Loss: 0.20
2024-12-26 21:20:29,074 INFO Epoch 49 	 Batch 299	LR : 0.00095	Tot. Loss: 0.20
2024-12-26 21:20:42,570 INFO ################## 
 ---> Validation Epoch 49	Acc.: 77.160	FPR: 72.942	AUROC: 82.348	AUPR: 53.693	AURC: 75.572	EAURC: 47.239	AUPR Succ.: 94.271	ECE: 9.041	NLL: 7.441	Brier: 33.751
2024-12-26 21:20:42,572 INFO ####### --- Training Epoch 50 --- #######
2024-12-26 21:21:03,891 INFO Epoch 50 	 Batch 99	LR : 0.00095	Tot. Loss: 0.20
2024-12-26 21:21:24,933 INFO Epoch 50 	 Batch 199	LR : 0.00095	Tot. Loss: 0.20
2024-12-26 21:21:45,976 INFO Epoch 50 	 Batch 299	LR : 0.00095	Tot. Loss: 0.20
2024-12-26 21:21:59,495 INFO ################## 
 ---> Validation Epoch 50	Acc.: 78.200	FPR: 72.018	AUROC: 82.568	AUPR: 51.687	AURC: 70.321	EAURC: 44.615	AUPR Succ.: 94.643	ECE: 7.746	NLL: 6.916	Brier: 32.014
2024-12-26 21:21:59,497 INFO ####### --- Training Epoch 51 --- #######
2024-12-26 21:22:20,791 INFO Epoch 51 	 Batch 99	LR : 0.00095	Tot. Loss: 0.20
2024-12-26 21:22:41,841 INFO Epoch 51 	 Batch 199	LR : 0.00095	Tot. Loss: 0.20
2024-12-26 21:23:02,891 INFO Epoch 51 	 Batch 299	LR : 0.00095	Tot. Loss: 0.20
2024-12-26 21:23:16,636 INFO ################## 
 ---> Validation Epoch 51	Acc.: 77.920	FPR: 70.833	AUROC: 83.269	AUPR: 53.778	AURC: 69.599	EAURC: 43.200	AUPR Succ.: 94.791	ECE: 8.146	NLL: 6.977	Brier: 32.090
2024-12-26 21:23:16,638 INFO ####### --- Training Epoch 52 --- #######
2024-12-26 21:23:38,007 INFO Epoch 52 	 Batch 99	LR : 0.00094	Tot. Loss: 0.20
2024-12-26 21:23:52,095 INFO Epoch 52 	 Batch 199	LR : 0.00094	Tot. Loss: 0.20
2024-12-26 21:24:11,985 INFO Epoch 52 	 Batch 299	LR : 0.00094	Tot. Loss: 0.20
2024-12-26 21:24:25,526 INFO ################## 
 ---> Validation Epoch 52	Acc.: 77.900	FPR: 75.928	AUROC: 82.604	AUPR: 52.038	AURC: 71.298	EAURC: 44.849	AUPR Succ.: 94.603	ECE: 8.171	NLL: 7.054	Brier: 32.512
2024-12-26 21:24:25,528 INFO ####### --- Training Epoch 53 --- #######
2024-12-26 21:24:46,910 INFO Epoch 53 	 Batch 99	LR : 0.00094	Tot. Loss: 0.20
2024-12-26 21:25:07,966 INFO Epoch 53 	 Batch 199	LR : 0.00094	Tot. Loss: 0.20
2024-12-26 21:25:29,026 INFO Epoch 53 	 Batch 299	LR : 0.00094	Tot. Loss: 0.20
2024-12-26 21:25:42,487 INFO ################## 
 ---> Validation Epoch 53	Acc.: 78.660	FPR: 73.196	AUROC: 82.733	AUPR: 51.605	AURC: 67.558	EAURC: 42.970	AUPR Succ.: 94.866	ECE: 7.685	NLL: 6.957	Brier: 31.717
2024-12-26 21:25:42,488 INFO ####### --- Training Epoch 54 --- #######
2024-12-26 21:26:03,864 INFO Epoch 54 	 Batch 99	LR : 0.00094	Tot. Loss: 0.20
2024-12-26 21:26:24,926 INFO Epoch 54 	 Batch 199	LR : 0.00094	Tot. Loss: 0.20
2024-12-26 21:26:45,983 INFO Epoch 54 	 Batch 299	LR : 0.00094	Tot. Loss: 0.20
2024-12-26 21:26:59,479 INFO ################## 
 ---> Validation Epoch 54	Acc.: 78.660	FPR: 73.852	AUROC: 82.663	AUPR: 51.824	AURC: 67.833	EAURC: 43.245	AUPR Succ.: 94.833	ECE: 7.902	NLL: 6.839	Brier: 31.610
2024-12-26 21:26:59,481 INFO ####### --- Training Epoch 55 --- #######
2024-12-26 21:27:20,792 INFO Epoch 55 	 Batch 99	LR : 0.00094	Tot. Loss: 0.20
2024-12-26 21:27:41,851 INFO Epoch 55 	 Batch 199	LR : 0.00094	Tot. Loss: 0.20
2024-12-26 21:28:02,917 INFO Epoch 55 	 Batch 299	LR : 0.00094	Tot. Loss: 0.20
2024-12-26 21:28:16,339 INFO ################## 
 ---> Validation Epoch 55	Acc.: 78.580	FPR: 78.431	AUROC: 82.011	AUPR: 50.171	AURC: 69.842	EAURC: 45.061	AUPR Succ.: 94.620	ECE: 7.884	NLL: 6.975	Brier: 32.059
2024-12-26 21:28:16,341 INFO ####### --- Training Epoch 56 --- #######
2024-12-26 21:28:37,724 INFO Epoch 56 	 Batch 99	LR : 0.00093	Tot. Loss: 0.20
2024-12-26 21:28:58,785 INFO Epoch 56 	 Batch 199	LR : 0.00093	Tot. Loss: 0.20
2024-12-26 21:29:19,848 INFO Epoch 56 	 Batch 299	LR : 0.00093	Tot. Loss: 0.20
2024-12-26 21:29:33,325 INFO ################## 
 ---> Validation Epoch 56	Acc.: 78.220	FPR: 74.380	AUROC: 81.971	AUPR: 51.766	AURC: 71.977	EAURC: 46.320	AUPR Succ.: 94.443	ECE: 7.742	NLL: 7.029	Brier: 32.364
2024-12-26 21:29:33,327 INFO ####### --- Training Epoch 57 --- #######
2024-12-26 21:29:54,564 INFO Epoch 57 	 Batch 99	LR : 0.00093	Tot. Loss: 0.20
2024-12-26 21:30:13,492 INFO Epoch 57 	 Batch 199	LR : 0.00093	Tot. Loss: 0.20
2024-12-26 21:30:27,448 INFO Epoch 57 	 Batch 299	LR : 0.00093	Tot. Loss: 0.20
2024-12-26 21:30:40,991 INFO ################## 
 ---> Validation Epoch 57	Acc.: 78.140	FPR: 75.114	AUROC: 82.474	AUPR: 52.404	AURC: 70.667	EAURC: 44.814	AUPR Succ.: 94.620	ECE: 7.645	NLL: 7.050	Brier: 32.463
2024-12-26 21:30:40,992 INFO ####### --- Training Epoch 58 --- #######
2024-12-26 21:31:02,375 INFO Epoch 58 	 Batch 99	LR : 0.00093	Tot. Loss: 0.20
2024-12-26 21:31:23,421 INFO Epoch 58 	 Batch 199	LR : 0.00093	Tot. Loss: 0.20
2024-12-26 21:31:44,471 INFO Epoch 58 	 Batch 299	LR : 0.00093	Tot. Loss: 0.20
2024-12-26 21:31:57,957 INFO ################## 
 ---> Validation Epoch 58	Acc.: 77.920	FPR: 73.641	AUROC: 82.639	AUPR: 53.189	AURC: 71.008	EAURC: 44.609	AUPR Succ.: 94.634	ECE: 7.903	NLL: 6.964	Brier: 32.380
2024-12-26 21:31:57,958 INFO ####### --- Training Epoch 59 --- #######
2024-12-26 21:32:19,251 INFO Epoch 59 	 Batch 99	LR : 0.00093	Tot. Loss: 0.20
2024-12-26 21:32:40,287 INFO Epoch 59 	 Batch 199	LR : 0.00093	Tot. Loss: 0.20
2024-12-26 21:33:01,330 INFO Epoch 59 	 Batch 299	LR : 0.00093	Tot. Loss: 0.20
2024-12-26 21:33:14,828 INFO ################## 
 ---> Validation Epoch 59	Acc.: 78.540	FPR: 75.023	AUROC: 82.274	AUPR: 50.621	AURC: 69.436	EAURC: 44.559	AUPR Succ.: 94.672	ECE: 7.607	NLL: 6.858	Brier: 31.876
2024-12-26 21:33:14,829 INFO ####### --- Training Epoch 60 --- #######
2024-12-26 21:33:36,131 INFO Epoch 60 	 Batch 99	LR : 0.00092	Tot. Loss: 0.20
2024-12-26 21:33:57,179 INFO Epoch 60 	 Batch 199	LR : 0.00092	Tot. Loss: 0.20
2024-12-26 21:34:18,220 INFO Epoch 60 	 Batch 299	LR : 0.00092	Tot. Loss: 0.20
2024-12-26 21:34:31,858 INFO ################## 
 ---> Validation Epoch 60	Acc.: 77.260	FPR: 75.638	AUROC: 81.812	AUPR: 51.009	AURC: 76.507	EAURC: 48.433	AUPR Succ.: 94.142	ECE: 8.819	NLL: 7.344	Brier: 33.706
2024-12-26 21:34:31,859 INFO ####### --- Training Epoch 61 --- #######
2024-12-26 21:34:53,165 INFO Epoch 61 	 Batch 99	LR : 0.00092	Tot. Loss: 0.20
2024-12-26 21:35:14,203 INFO Epoch 61 	 Batch 199	LR : 0.00092	Tot. Loss: 0.20
2024-12-26 21:35:35,252 INFO Epoch 61 	 Batch 299	LR : 0.00092	Tot. Loss: 0.20
2024-12-26 21:35:48,895 INFO ################## 
 ---> Validation Epoch 61	Acc.: 78.040	FPR: 75.683	AUROC: 82.553	AUPR: 51.891	AURC: 70.951	EAURC: 44.851	AUPR Succ.: 94.609	ECE: 8.327	NLL: 7.075	Brier: 32.370
2024-12-26 21:35:48,897 INFO ####### --- Training Epoch 62 --- #######
2024-12-26 21:36:10,251 INFO Epoch 62 	 Batch 99	LR : 0.00092	Tot. Loss: 0.20
2024-12-26 21:36:31,309 INFO Epoch 62 	 Batch 199	LR : 0.00092	Tot. Loss: 0.20
2024-12-26 21:36:44,890 INFO Epoch 62 	 Batch 299	LR : 0.00092	Tot. Loss: 0.20
2024-12-26 21:36:57,794 INFO ################## 
 ---> Validation Epoch 62	Acc.: 79.000	FPR: 74.667	AUROC: 82.418	AUPR: 49.709	AURC: 67.104	EAURC: 43.325	AUPR Succ.: 94.841	ECE: 7.429	NLL: 6.769	Brier: 31.337
2024-12-26 21:36:57,796 INFO ####### --- Training Epoch 63 --- #######
2024-12-26 21:37:19,153 INFO Epoch 63 	 Batch 99	LR : 0.00091	Tot. Loss: 0.20
2024-12-26 21:37:40,198 INFO Epoch 63 	 Batch 199	LR : 0.00091	Tot. Loss: 0.20
2024-12-26 21:38:01,240 INFO Epoch 63 	 Batch 299	LR : 0.00091	Tot. Loss: 0.20
2024-12-26 21:38:14,696 INFO ################## 
 ---> Validation Epoch 63	Acc.: 77.800	FPR: 69.279	AUROC: 83.143	AUPR: 54.849	AURC: 70.542	EAURC: 43.842	AUPR Succ.: 94.706	ECE: 8.190	NLL: 6.953	Brier: 32.247
2024-12-26 21:38:14,698 INFO ####### --- Training Epoch 64 --- #######
2024-12-26 21:38:36,047 INFO Epoch 64 	 Batch 99	LR : 0.00091	Tot. Loss: 0.20
2024-12-26 21:38:57,075 INFO Epoch 64 	 Batch 199	LR : 0.00091	Tot. Loss: 0.20
2024-12-26 21:39:18,130 INFO Epoch 64 	 Batch 299	LR : 0.00091	Tot. Loss: 0.20
2024-12-26 21:39:31,638 INFO ################## 
 ---> Validation Epoch 64	Acc.: 77.560	FPR: 73.351	AUROC: 82.520	AUPR: 52.873	AURC: 73.182	EAURC: 45.876	AUPR Succ.: 94.458	ECE: 8.452	NLL: 7.097	Brier: 32.963
2024-12-26 21:39:31,639 INFO ####### --- Training Epoch 65 --- #######
2024-12-26 21:39:52,954 INFO Epoch 65 	 Batch 99	LR : 0.00091	Tot. Loss: 0.20
2024-12-26 21:40:13,997 INFO Epoch 65 	 Batch 199	LR : 0.00091	Tot. Loss: 0.20
2024-12-26 21:40:35,053 INFO Epoch 65 	 Batch 299	LR : 0.00091	Tot. Loss: 0.20
2024-12-26 21:40:48,622 INFO ################## 
 ---> Validation Epoch 65	Acc.: 77.860	FPR: 73.261	AUROC: 82.704	AUPR: 51.993	AURC: 71.540	EAURC: 44.990	AUPR Succ.: 94.577	ECE: 8.341	NLL: 6.951	Brier: 32.273
2024-12-26 21:40:48,624 INFO ####### --- Training Epoch 66 --- #######
2024-12-26 21:41:09,955 INFO Epoch 66 	 Batch 99	LR : 0.00091	Tot. Loss: 0.20
2024-12-26 21:41:30,999 INFO Epoch 66 	 Batch 199	LR : 0.00091	Tot. Loss: 0.20
2024-12-26 21:41:52,041 INFO Epoch 66 	 Batch 299	LR : 0.00091	Tot. Loss: 0.20
2024-12-26 21:42:05,616 INFO ################## 
 ---> Validation Epoch 66	Acc.: 78.660	FPR: 75.539	AUROC: 82.806	AUPR: 51.768	AURC: 67.419	EAURC: 42.831	AUPR Succ.: 94.882	ECE: 7.563	NLL: 6.774	Brier: 31.431
2024-12-26 21:42:05,617 INFO ####### --- Training Epoch 67 --- #######
2024-12-26 21:42:26,988 INFO Epoch 67 	 Batch 99	LR : 0.00090	Tot. Loss: 0.20
2024-12-26 21:42:48,036 INFO Epoch 67 	 Batch 199	LR : 0.00090	Tot. Loss: 0.20
2024-12-26 21:43:05,983 INFO Epoch 67 	 Batch 299	LR : 0.00090	Tot. Loss: 0.20
2024-12-26 21:43:13,225 INFO ################## 
 ---> Validation Epoch 67	Acc.: 78.600	FPR: 74.486	AUROC: 82.740	AUPR: 50.970	AURC: 67.956	EAURC: 43.223	AUPR Succ.: 94.831	ECE: 8.017	NLL: 6.875	Brier: 31.746
2024-12-26 21:43:13,227 INFO ####### --- Training Epoch 68 --- #######
2024-12-26 21:43:34,495 INFO Epoch 68 	 Batch 99	LR : 0.00090	Tot. Loss: 0.20
2024-12-26 21:43:55,548 INFO Epoch 68 	 Batch 199	LR : 0.00090	Tot. Loss: 0.20
2024-12-26 21:44:16,596 INFO Epoch 68 	 Batch 299	LR : 0.00090	Tot. Loss: 0.20
2024-12-26 21:44:30,262 INFO ################## 
 ---> Validation Epoch 68	Acc.: 79.020	FPR: 75.024	AUROC: 82.573	AUPR: 51.078	AURC: 66.653	EAURC: 42.921	AUPR Succ.: 94.887	ECE: 7.214	NLL: 6.763	Brier: 31.079
2024-12-26 21:44:30,264 INFO ####### --- Training Epoch 69 --- #######
2024-12-26 21:44:51,708 INFO Epoch 69 	 Batch 99	LR : 0.00090	Tot. Loss: 0.20
2024-12-26 21:45:12,749 INFO Epoch 69 	 Batch 199	LR : 0.00090	Tot. Loss: 0.20
2024-12-26 21:45:33,809 INFO Epoch 69 	 Batch 299	LR : 0.00090	Tot. Loss: 0.20
2024-12-26 21:45:47,346 INFO ################## 
 ---> Validation Epoch 69	Acc.: 76.720	FPR: 74.055	AUROC: 82.165	AUPR: 53.083	AURC: 77.968	EAURC: 48.482	AUPR Succ.: 94.101	ECE: 8.929	NLL: 7.362	Brier: 34.174
2024-12-26 21:45:47,347 INFO ####### --- Training Epoch 70 --- #######
2024-12-26 21:46:08,785 INFO Epoch 70 	 Batch 99	LR : 0.00089	Tot. Loss: 0.20
2024-12-26 21:46:29,849 INFO Epoch 70 	 Batch 199	LR : 0.00089	Tot. Loss: 0.19
2024-12-26 21:46:50,899 INFO Epoch 70 	 Batch 299	LR : 0.00089	Tot. Loss: 0.20
2024-12-26 21:47:04,380 INFO ################## 
 ---> Validation Epoch 70	Acc.: 78.360	FPR: 71.442	AUROC: 83.159	AUPR: 53.871	AURC: 67.821	EAURC: 42.507	AUPR Succ.: 94.901	ECE: 7.681	NLL: 6.893	Brier: 31.813
2024-12-26 21:47:04,382 INFO ####### --- Training Epoch 71 --- #######
2024-12-26 21:47:25,686 INFO Epoch 71 	 Batch 99	LR : 0.00089	Tot. Loss: 0.20
2024-12-26 21:47:46,738 INFO Epoch 71 	 Batch 199	LR : 0.00089	Tot. Loss: 0.20
2024-12-26 21:48:07,807 INFO Epoch 71 	 Batch 299	LR : 0.00089	Tot. Loss: 0.20
2024-12-26 21:48:21,450 INFO ################## 
 ---> Validation Epoch 71	Acc.: 77.900	FPR: 73.303	AUROC: 82.642	AUPR: 51.909	AURC: 71.406	EAURC: 44.957	AUPR Succ.: 94.586	ECE: 8.054	NLL: 7.006	Brier: 32.369
2024-12-26 21:48:21,451 INFO ####### --- Training Epoch 72 --- #######
2024-12-26 21:48:42,765 INFO Epoch 72 	 Batch 99	LR : 0.00089	Tot. Loss: 0.20
2024-12-26 21:49:03,827 INFO Epoch 72 	 Batch 199	LR : 0.00089	Tot. Loss: 0.20
2024-12-26 21:49:24,878 INFO Epoch 72 	 Batch 299	LR : 0.00089	Tot. Loss: 0.20
2024-12-26 21:49:33,965 INFO ################## 
 ---> Validation Epoch 72	Acc.: 77.620	FPR: 73.816	AUROC: 82.374	AUPR: 53.700	AURC: 73.326	EAURC: 46.173	AUPR Succ.: 94.427	ECE: 8.315	NLL: 7.174	Brier: 32.965
2024-12-26 21:49:33,967 INFO ####### --- Training Epoch 73 --- #######
2024-12-26 21:49:51,889 INFO Epoch 73 	 Batch 99	LR : 0.00088	Tot. Loss: 0.20
2024-12-26 21:50:13,012 INFO Epoch 73 	 Batch 199	LR : 0.00088	Tot. Loss: 0.20
2024-12-26 21:50:34,132 INFO Epoch 73 	 Batch 299	LR : 0.00088	Tot. Loss: 0.20
2024-12-26 21:50:47,704 INFO ################## 
 ---> Validation Epoch 73	Acc.: 76.040	FPR: 74.624	AUROC: 82.002	AUPR: 54.864	AURC: 81.901	EAURC: 50.582	AUPR Succ.: 93.801	ECE: 9.190	NLL: 7.718	Brier: 35.164
2024-12-26 21:50:47,705 INFO ####### --- Training Epoch 74 --- #######
2024-12-26 21:51:09,071 INFO Epoch 74 	 Batch 99	LR : 0.00088	Tot. Loss: 0.20
2024-12-26 21:51:30,192 INFO Epoch 74 	 Batch 199	LR : 0.00088	Tot. Loss: 0.20
2024-12-26 21:51:51,318 INFO Epoch 74 	 Batch 299	LR : 0.00088	Tot. Loss: 0.20
2024-12-26 21:52:04,935 INFO ################## 
 ---> Validation Epoch 74	Acc.: 77.360	FPR: 73.057	AUROC: 82.497	AUPR: 53.930	AURC: 74.091	EAURC: 46.275	AUPR Succ.: 94.401	ECE: 8.603	NLL: 7.122	Brier: 33.125
2024-12-26 21:52:04,937 INFO ####### --- Training Epoch 75 --- #######
2024-12-26 21:52:26,359 INFO Epoch 75 	 Batch 99	LR : 0.00088	Tot. Loss: 0.20
2024-12-26 21:52:47,475 INFO Epoch 75 	 Batch 199	LR : 0.00088	Tot. Loss: 0.20
2024-12-26 21:53:08,600 INFO Epoch 75 	 Batch 299	LR : 0.00088	Tot. Loss: 0.20
2024-12-26 21:53:22,156 INFO ################## 
 ---> Validation Epoch 75	Acc.: 78.180	FPR: 72.502	AUROC: 82.775	AUPR: 52.419	AURC: 69.750	EAURC: 43.995	AUPR Succ.: 94.716	ECE: 7.982	NLL: 6.887	Brier: 31.959
2024-12-26 21:53:22,158 INFO ####### --- Training Epoch 76 --- #######
2024-12-26 21:53:43,553 INFO Epoch 76 	 Batch 99	LR : 0.00087	Tot. Loss: 0.20
2024-12-26 21:54:04,672 INFO Epoch 76 	 Batch 199	LR : 0.00087	Tot. Loss: 0.20
2024-12-26 21:54:25,816 INFO Epoch 76 	 Batch 299	LR : 0.00087	Tot. Loss: 0.20
2024-12-26 21:54:39,536 INFO ################## 
 ---> Validation Epoch 76	Acc.: 78.880	FPR: 74.621	AUROC: 82.419	AUPR: 50.907	AURC: 67.384	EAURC: 43.321	AUPR Succ.: 94.839	ECE: 7.210	NLL: 6.732	Brier: 31.350
2024-12-26 21:54:39,537 INFO ####### --- Training Epoch 77 --- #######
2024-12-26 21:55:00,922 INFO Epoch 77 	 Batch 99	LR : 0.00087	Tot. Loss: 0.20
2024-12-26 21:55:22,052 INFO Epoch 77 	 Batch 199	LR : 0.00087	Tot. Loss: 0.20
2024-12-26 21:55:43,191 INFO Epoch 77 	 Batch 299	LR : 0.00087	Tot. Loss: 0.20
2024-12-26 21:55:56,474 INFO ################## 
 ---> Validation Epoch 77	Acc.: 77.640	FPR: 74.776	AUROC: 82.212	AUPR: 51.028	AURC: 73.395	EAURC: 46.292	AUPR Succ.: 94.422	ECE: 8.796	NLL: 7.173	Brier: 33.124
2024-12-26 21:55:56,475 INFO ####### --- Training Epoch 78 --- #######
2024-12-26 21:56:09,681 INFO Epoch 78 	 Batch 99	LR : 0.00087	Tot. Loss: 0.20
2024-12-26 21:56:30,808 INFO Epoch 78 	 Batch 199	LR : 0.00087	Tot. Loss: 0.20
2024-12-26 21:56:51,950 INFO Epoch 78 	 Batch 299	LR : 0.00087	Tot. Loss: 0.19
2024-12-26 21:57:05,503 INFO ################## 
 ---> Validation Epoch 78	Acc.: 79.160	FPR: 73.800	AUROC: 82.501	AUPR: 49.087	AURC: 65.927	EAURC: 42.523	AUPR Succ.: 94.948	ECE: 7.326	NLL: 6.764	Brier: 31.166
2024-12-26 21:57:05,505 INFO ####### --- Training Epoch 79 --- #######
2024-12-26 21:57:27,012 INFO Epoch 79 	 Batch 99	LR : 0.00086	Tot. Loss: 0.20
2024-12-26 21:57:48,150 INFO Epoch 79 	 Batch 199	LR : 0.00086	Tot. Loss: 0.20
2024-12-26 21:58:09,300 INFO Epoch 79 	 Batch 299	LR : 0.00086	Tot. Loss: 0.20
2024-12-26 21:58:22,917 INFO ################## 
 ---> Validation Epoch 79	Acc.: 77.600	FPR: 75.268	AUROC: 81.775	AUPR: 51.459	AURC: 75.271	EAURC: 48.067	AUPR Succ.: 94.202	ECE: 8.593	NLL: 7.265	Brier: 33.312
2024-12-26 21:58:22,918 INFO ####### --- Training Epoch 80 --- #######
2024-12-26 21:58:44,413 INFO Epoch 80 	 Batch 99	LR : 0.00086	Tot. Loss: 0.20
2024-12-26 21:59:05,543 INFO Epoch 80 	 Batch 199	LR : 0.00086	Tot. Loss: 0.20
2024-12-26 21:59:26,671 INFO Epoch 80 	 Batch 299	LR : 0.00086	Tot. Loss: 0.20
2024-12-26 21:59:40,191 INFO ################## 
 ---> Validation Epoch 80	Acc.: 78.440	FPR: 73.284	AUROC: 82.693	AUPR: 51.331	AURC: 68.734	EAURC: 43.615	AUPR Succ.: 94.777	ECE: 8.302	NLL: 6.964	Brier: 32.005
2024-12-26 21:59:40,192 INFO ####### --- Training Epoch 81 --- #######
2024-12-26 22:00:01,630 INFO Epoch 81 	 Batch 99	LR : 0.00086	Tot. Loss: 0.19
2024-12-26 22:00:22,781 INFO Epoch 81 	 Batch 199	LR : 0.00086	Tot. Loss: 0.20
2024-12-26 22:00:43,925 INFO Epoch 81 	 Batch 299	LR : 0.00086	Tot. Loss: 0.20
2024-12-26 22:00:57,624 INFO ################## 
 ---> Validation Epoch 81	Acc.: 78.500	FPR: 73.209	AUROC: 82.676	AUPR: 51.927	AURC: 68.599	EAURC: 43.625	AUPR Succ.: 94.777	ECE: 7.682	NLL: 6.826	Brier: 31.658
2024-12-26 22:00:57,625 INFO ####### --- Training Epoch 82 --- #######
2024-12-26 22:01:19,034 INFO Epoch 82 	 Batch 99	LR : 0.00085	Tot. Loss: 0.20
2024-12-26 22:01:40,159 INFO Epoch 82 	 Batch 199	LR : 0.00085	Tot. Loss: 0.20
2024-12-26 22:02:01,295 INFO Epoch 82 	 Batch 299	LR : 0.00085	Tot. Loss: 0.19
2024-12-26 22:02:14,984 INFO ################## 
 ---> Validation Epoch 82	Acc.: 78.800	FPR: 74.340	AUROC: 82.765	AUPR: 51.623	AURC: 66.868	EAURC: 42.615	AUPR Succ.: 94.916	ECE: 7.433	NLL: 6.757	Brier: 31.393
2024-12-26 22:02:14,985 INFO ####### --- Training Epoch 83 --- #######
2024-12-26 22:02:29,911 INFO Epoch 83 	 Batch 99	LR : 0.00085	Tot. Loss: 0.20
2024-12-26 22:02:49,473 INFO Epoch 83 	 Batch 199	LR : 0.00085	Tot. Loss: 0.20
2024-12-26 22:03:10,593 INFO Epoch 83 	 Batch 299	LR : 0.00085	Tot. Loss: 0.20
2024-12-26 22:03:24,033 INFO ################## 
 ---> Validation Epoch 83	Acc.: 78.760	FPR: 72.787	AUROC: 82.464	AUPR: 51.506	AURC: 68.354	EAURC: 44.006	AUPR Succ.: 94.743	ECE: 7.481	NLL: 6.833	Brier: 31.486
2024-12-26 22:03:24,035 INFO ####### --- Training Epoch 84 --- #######
2024-12-26 22:03:45,521 INFO Epoch 84 	 Batch 99	LR : 0.00084	Tot. Loss: 0.19
2024-12-26 22:04:06,640 INFO Epoch 84 	 Batch 199	LR : 0.00084	Tot. Loss: 0.20
2024-12-26 22:04:27,766 INFO Epoch 84 	 Batch 299	LR : 0.00084	Tot. Loss: 0.20
2024-12-26 22:04:41,314 INFO ################## 
 ---> Validation Epoch 84	Acc.: 78.580	FPR: 73.763	AUROC: 82.457	AUPR: 50.097	AURC: 68.659	EAURC: 43.878	AUPR Succ.: 94.757	ECE: 7.893	NLL: 6.898	Brier: 31.825
2024-12-26 22:04:41,316 INFO ####### --- Training Epoch 85 --- #######
2024-12-26 22:05:02,712 INFO Epoch 85 	 Batch 99	LR : 0.00084	Tot. Loss: 0.19
2024-12-26 22:05:23,822 INFO Epoch 85 	 Batch 199	LR : 0.00084	Tot. Loss: 0.20
2024-12-26 22:05:44,947 INFO Epoch 85 	 Batch 299	LR : 0.00084	Tot. Loss: 0.20
2024-12-26 22:05:58,559 INFO ################## 
 ---> Validation Epoch 85	Acc.: 77.860	FPR: 72.538	AUROC: 82.692	AUPR: 52.162	AURC: 71.405	EAURC: 44.856	AUPR Succ.: 94.596	ECE: 7.998	NLL: 7.051	Brier: 32.555
2024-12-26 22:05:58,561 INFO ####### --- Training Epoch 86 --- #######
2024-12-26 22:06:20,037 INFO Epoch 86 	 Batch 99	LR : 0.00084	Tot. Loss: 0.20
2024-12-26 22:06:41,177 INFO Epoch 86 	 Batch 199	LR : 0.00084	Tot. Loss: 0.19
2024-12-26 22:07:02,293 INFO Epoch 86 	 Batch 299	LR : 0.00084	Tot. Loss: 0.19
2024-12-26 22:07:15,990 INFO ################## 
 ---> Validation Epoch 86	Acc.: 77.320	FPR: 70.459	AUROC: 82.832	AUPR: 55.776	AURC: 73.577	EAURC: 45.657	AUPR Succ.: 94.465	ECE: 8.450	NLL: 7.069	Brier: 32.912
2024-12-26 22:07:15,992 INFO ####### --- Training Epoch 87 --- #######
2024-12-26 22:07:37,385 INFO Epoch 87 	 Batch 99	LR : 0.00083	Tot. Loss: 0.20
2024-12-26 22:07:58,499 INFO Epoch 87 	 Batch 199	LR : 0.00083	Tot. Loss: 0.19
2024-12-26 22:08:19,617 INFO Epoch 87 	 Batch 299	LR : 0.00083	Tot. Loss: 0.20
2024-12-26 22:08:33,308 INFO ################## 
 ---> Validation Epoch 87	Acc.: 79.060	FPR: 75.836	AUROC: 82.449	AUPR: 50.583	AURC: 66.564	EAURC: 42.926	AUPR Succ.: 94.895	ECE: 7.503	NLL: 6.794	Brier: 31.400
2024-12-26 22:08:33,310 INFO ####### --- Training Epoch 88 --- #######
2024-12-26 22:08:52,411 INFO Epoch 88 	 Batch 99	LR : 0.00083	Tot. Loss: 0.20
2024-12-26 22:09:06,397 INFO Epoch 88 	 Batch 199	LR : 0.00083	Tot. Loss: 0.19
2024-12-26 22:09:27,521 INFO Epoch 88 	 Batch 299	LR : 0.00083	Tot. Loss: 0.20
2024-12-26 22:09:41,079 INFO ################## 
 ---> Validation Epoch 88	Acc.: 79.300	FPR: 72.174	AUROC: 83.152	AUPR: 51.440	AURC: 64.012	EAURC: 40.934	AUPR Succ.: 95.131	ECE: 7.167	NLL: 6.625	Brier: 30.541
2024-12-26 22:09:41,079 INFO Accuracy improved from 79.24 to 79.30!!!
2024-12-26 22:09:41,089 INFO AURC decreased from 65.35 to 64.01!!!
2024-12-26 22:09:41,097 INFO ####### --- Training Epoch 89 --- #######
2024-12-26 22:10:02,564 INFO Epoch 89 	 Batch 99	LR : 0.00082	Tot. Loss: 0.19
2024-12-26 22:10:23,695 INFO Epoch 89 	 Batch 199	LR : 0.00082	Tot. Loss: 0.20
2024-12-26 22:10:44,824 INFO Epoch 89 	 Batch 299	LR : 0.00082	Tot. Loss: 0.19
2024-12-26 22:10:58,319 INFO ################## 
 ---> Validation Epoch 89	Acc.: 79.200	FPR: 73.365	AUROC: 82.587	AUPR: 51.060	AURC: 65.672	EAURC: 42.361	AUPR Succ.: 94.966	ECE: 7.174	NLL: 6.713	Brier: 30.991
2024-12-26 22:10:58,320 INFO ####### --- Training Epoch 90 --- #######
2024-12-26 22:11:19,749 INFO Epoch 90 	 Batch 99	LR : 0.00082	Tot. Loss: 0.19
2024-12-26 22:11:40,885 INFO Epoch 90 	 Batch 199	LR : 0.00082	Tot. Loss: 0.20
2024-12-26 22:12:02,024 INFO Epoch 90 	 Batch 299	LR : 0.00082	Tot. Loss: 0.20
2024-12-26 22:12:15,583 INFO ################## 
 ---> Validation Epoch 90	Acc.: 78.100	FPR: 72.603	AUROC: 82.576	AUPR: 52.740	AURC: 70.737	EAURC: 44.785	AUPR Succ.: 94.617	ECE: 8.091	NLL: 7.070	Brier: 32.430
2024-12-26 22:12:15,585 INFO ####### --- Training Epoch 91 --- #######
2024-12-26 22:12:36,990 INFO Epoch 91 	 Batch 99	LR : 0.00082	Tot. Loss: 0.20
2024-12-26 22:12:58,138 INFO Epoch 91 	 Batch 199	LR : 0.00082	Tot. Loss: 0.20
2024-12-26 22:13:19,277 INFO Epoch 91 	 Batch 299	LR : 0.00082	Tot. Loss: 0.19
2024-12-26 22:13:32,925 INFO ################## 
 ---> Validation Epoch 91	Acc.: 78.380	FPR: 74.006	AUROC: 82.620	AUPR: 51.422	AURC: 69.378	EAURC: 44.113	AUPR Succ.: 94.712	ECE: 7.567	NLL: 6.784	Brier: 31.624
2024-12-26 22:13:32,926 INFO ####### --- Training Epoch 92 --- #######
2024-12-26 22:13:54,391 INFO Epoch 92 	 Batch 99	LR : 0.00081	Tot. Loss: 0.20
2024-12-26 22:14:15,530 INFO Epoch 92 	 Batch 199	LR : 0.00081	Tot. Loss: 0.19
2024-12-26 22:14:36,666 INFO Epoch 92 	 Batch 299	LR : 0.00081	Tot. Loss: 0.19
2024-12-26 22:14:50,363 INFO ################## 
 ---> Validation Epoch 92	Acc.: 78.240	FPR: 68.934	AUROC: 83.314	AUPR: 53.429	AURC: 68.039	EAURC: 42.432	AUPR Succ.: 94.901	ECE: 7.812	NLL: 6.815	Brier: 31.661
2024-12-26 22:14:50,365 INFO ####### --- Training Epoch 93 --- #######
2024-12-26 22:15:11,777 INFO Epoch 93 	 Batch 99	LR : 0.00081	Tot. Loss: 0.19
2024-12-26 22:15:25,363 INFO Epoch 93 	 Batch 199	LR : 0.00081	Tot. Loss: 0.19
2024-12-26 22:15:45,912 INFO Epoch 93 	 Batch 299	LR : 0.00081	Tot. Loss: 0.19
2024-12-26 22:15:59,444 INFO ################## 
 ---> Validation Epoch 93	Acc.: 79.220	FPR: 71.319	AUROC: 83.200	AUPR: 52.153	AURC: 64.332	EAURC: 41.069	AUPR Succ.: 95.111	ECE: 7.156	NLL: 6.628	Brier: 30.575
2024-12-26 22:15:59,445 INFO ####### --- Training Epoch 94 --- #######
2024-12-26 22:16:20,772 INFO Epoch 94 	 Batch 99	LR : 0.00080	Tot. Loss: 0.19
2024-12-26 22:16:41,864 INFO Epoch 94 	 Batch 199	LR : 0.00080	Tot. Loss: 0.19
2024-12-26 22:17:02,969 INFO Epoch 94 	 Batch 299	LR : 0.00080	Tot. Loss: 0.20
2024-12-26 22:17:16,491 INFO ################## 
 ---> Validation Epoch 94	Acc.: 77.560	FPR: 73.440	AUROC: 82.322	AUPR: 52.585	AURC: 73.737	EAURC: 46.432	AUPR Succ.: 94.395	ECE: 8.400	NLL: 7.123	Brier: 33.008
2024-12-26 22:17:16,493 INFO ####### --- Training Epoch 95 --- #######
2024-12-26 22:17:37,855 INFO Epoch 95 	 Batch 99	LR : 0.00080	Tot. Loss: 0.19
2024-12-26 22:17:58,940 INFO Epoch 95 	 Batch 199	LR : 0.00080	Tot. Loss: 0.19
2024-12-26 22:18:20,039 INFO Epoch 95 	 Batch 299	LR : 0.00080	Tot. Loss: 0.20
2024-12-26 22:18:33,693 INFO ################## 
 ---> Validation Epoch 95	Acc.: 77.840	FPR: 73.646	AUROC: 82.837	AUPR: 53.169	AURC: 70.859	EAURC: 44.260	AUPR Succ.: 94.669	ECE: 8.369	NLL: 7.071	Brier: 32.696
2024-12-26 22:18:33,694 INFO ####### --- Training Epoch 96 --- #######
2024-12-26 22:18:55,104 INFO Epoch 96 	 Batch 99	LR : 0.00080	Tot. Loss: 0.19
2024-12-26 22:19:16,198 INFO Epoch 96 	 Batch 199	LR : 0.00080	Tot. Loss: 0.20
2024-12-26 22:19:37,295 INFO Epoch 96 	 Batch 299	LR : 0.00080	Tot. Loss: 0.19
2024-12-26 22:19:50,956 INFO ################## 
 ---> Validation Epoch 96	Acc.: 78.340	FPR: 72.576	AUROC: 82.690	AUPR: 52.561	AURC: 69.209	EAURC: 43.846	AUPR Succ.: 94.743	ECE: 7.697	NLL: 6.902	Brier: 31.943
2024-12-26 22:19:50,957 INFO ####### --- Training Epoch 97 --- #######
2024-12-26 22:20:12,326 INFO Epoch 97 	 Batch 99	LR : 0.00079	Tot. Loss: 0.19
2024-12-26 22:20:33,416 INFO Epoch 97 	 Batch 199	LR : 0.00079	Tot. Loss: 0.20
2024-12-26 22:20:54,510 INFO Epoch 97 	 Batch 299	LR : 0.00079	Tot. Loss: 0.19
2024-12-26 22:21:08,078 INFO ################## 
 ---> Validation Epoch 97	Acc.: 78.380	FPR: 73.821	AUROC: 82.740	AUPR: 51.629	AURC: 68.884	EAURC: 43.619	AUPR Succ.: 94.772	ECE: 8.147	NLL: 6.894	Brier: 31.830
2024-12-26 22:21:08,079 INFO ####### --- Training Epoch 98 --- #######
2024-12-26 22:21:29,414 INFO Epoch 98 	 Batch 99	LR : 0.00079	Tot. Loss: 0.19
2024-12-26 22:21:47,371 INFO Epoch 98 	 Batch 199	LR : 0.00079	Tot. Loss: 0.19
2024-12-26 22:22:02,232 INFO Epoch 98 	 Batch 299	LR : 0.00079	Tot. Loss: 0.19
2024-12-26 22:22:15,829 INFO ################## 
 ---> Validation Epoch 98	Acc.: 78.700	FPR: 72.864	AUROC: 83.265	AUPR: 53.140	AURC: 66.117	EAURC: 41.625	AUPR Succ.: 95.022	ECE: 7.620	NLL: 6.777	Brier: 31.284
2024-12-26 22:22:15,831 INFO ####### --- Training Epoch 99 --- #######
2024-12-26 22:22:37,239 INFO Epoch 99 	 Batch 99	LR : 0.00078	Tot. Loss: 0.20
2024-12-26 22:22:58,346 INFO Epoch 99 	 Batch 199	LR : 0.00078	Tot. Loss: 0.19
2024-12-26 22:23:19,460 INFO Epoch 99 	 Batch 299	LR : 0.00078	Tot. Loss: 0.19
2024-12-26 22:23:33,010 INFO ################## 
 ---> Validation Epoch 99	Acc.: 78.440	FPR: 76.809	AUROC: 82.195	AUPR: 50.128	AURC: 69.946	EAURC: 44.826	AUPR Succ.: 94.640	ECE: 8.120	NLL: 7.035	Brier: 32.317
2024-12-26 22:23:33,011 INFO ####### --- Training Epoch 100 --- #######
2024-12-26 22:23:54,408 INFO Epoch 100 	 Batch 99	LR : 0.00078	Tot. Loss: 0.19
2024-12-26 22:24:15,510 INFO Epoch 100 	 Batch 199	LR : 0.00078	Tot. Loss: 0.19
2024-12-26 22:24:36,616 INFO Epoch 100 	 Batch 299	LR : 0.00078	Tot. Loss: 0.19
2024-12-26 22:24:50,264 INFO ################## 
 ---> Validation Epoch 100	Acc.: 78.660	FPR: 76.101	AUROC: 82.548	AUPR: 50.912	AURC: 68.149	EAURC: 43.561	AUPR Succ.: 94.796	ECE: 7.595	NLL: 6.865	Brier: 31.700
2024-12-26 22:24:50,266 INFO ####### --- Training Epoch 101 --- #######
2024-12-26 22:25:11,707 INFO Epoch 101 	 Batch 99	LR : 0.00077	Tot. Loss: 0.19
2024-12-26 22:25:32,817 INFO Epoch 101 	 Batch 199	LR : 0.00077	Tot. Loss: 0.19
2024-12-26 22:25:53,931 INFO Epoch 101 	 Batch 299	LR : 0.00077	Tot. Loss: 0.19
2024-12-26 22:26:07,583 INFO ################## 
 ---> Validation Epoch 101	Acc.: 78.320	FPR: 75.923	AUROC: 82.287	AUPR: 51.419	AURC: 70.525	EAURC: 45.114	AUPR Succ.: 94.592	ECE: 7.583	NLL: 6.899	Brier: 32.061
2024-12-26 22:26:07,584 INFO ####### --- Training Epoch 102 --- #######
2024-12-26 22:26:28,879 INFO Epoch 102 	 Batch 99	LR : 0.00077	Tot. Loss: 0.19
2024-12-26 22:26:50,001 INFO Epoch 102 	 Batch 199	LR : 0.00077	Tot. Loss: 0.19
2024-12-26 22:27:11,127 INFO Epoch 102 	 Batch 299	LR : 0.00077	Tot. Loss: 0.19
2024-12-26 22:27:24,805 INFO ################## 
 ---> Validation Epoch 102	Acc.: 78.160	FPR: 74.817	AUROC: 82.544	AUPR: 51.641	AURC: 70.167	EAURC: 44.363	AUPR Succ.: 94.677	ECE: 7.868	NLL: 6.942	Brier: 32.298
2024-12-26 22:27:24,807 INFO ####### --- Training Epoch 103 --- #######
2024-12-26 22:27:46,171 INFO Epoch 103 	 Batch 99	LR : 0.00077	Tot. Loss: 0.19
2024-12-26 22:28:07,286 INFO Epoch 103 	 Batch 199	LR : 0.00077	Tot. Loss: 0.19
2024-12-26 22:28:20,067 INFO Epoch 103 	 Batch 299	LR : 0.00077	Tot. Loss: 0.20
2024-12-26 22:28:33,644 INFO ################## 
 ---> Validation Epoch 103	Acc.: 78.320	FPR: 71.679	AUROC: 82.758	AUPR: 53.470	AURC: 69.238	EAURC: 43.826	AUPR Succ.: 94.742	ECE: 8.237	NLL: 6.939	Brier: 31.948
2024-12-26 22:28:33,645 INFO ####### --- Training Epoch 104 --- #######
2024-12-26 22:28:55,132 INFO Epoch 104 	 Batch 99	LR : 0.00076	Tot. Loss: 0.19
2024-12-26 22:29:16,271 INFO Epoch 104 	 Batch 199	LR : 0.00076	Tot. Loss: 0.19
2024-12-26 22:29:37,413 INFO Epoch 104 	 Batch 299	LR : 0.00076	Tot. Loss: 0.19
2024-12-26 22:29:50,913 INFO ################## 
 ---> Validation Epoch 104	Acc.: 77.960	FPR: 75.681	AUROC: 82.410	AUPR: 52.761	AURC: 71.605	EAURC: 45.306	AUPR Succ.: 94.552	ECE: 8.083	NLL: 7.040	Brier: 32.545
2024-12-26 22:29:50,914 INFO ####### --- Training Epoch 105 --- #######
2024-12-26 22:30:12,362 INFO Epoch 105 	 Batch 99	LR : 0.00076	Tot. Loss: 0.19
2024-12-26 22:30:33,501 INFO Epoch 105 	 Batch 199	LR : 0.00076	Tot. Loss: 0.19
2024-12-26 22:30:54,637 INFO Epoch 105 	 Batch 299	LR : 0.00076	Tot. Loss: 0.19
2024-12-26 22:31:08,166 INFO ################## 
 ---> Validation Epoch 105	Acc.: 78.280	FPR: 71.547	AUROC: 83.070	AUPR: 53.411	AURC: 68.330	EAURC: 42.821	AUPR Succ.: 94.861	ECE: 7.979	NLL: 6.921	Brier: 31.861
2024-12-26 22:31:08,168 INFO ####### --- Training Epoch 106 --- #######
2024-12-26 22:31:29,647 INFO Epoch 106 	 Batch 99	LR : 0.00075	Tot. Loss: 0.19
2024-12-26 22:31:50,798 INFO Epoch 106 	 Batch 199	LR : 0.00075	Tot. Loss: 0.19
2024-12-26 22:32:11,938 INFO Epoch 106 	 Batch 299	LR : 0.00075	Tot. Loss: 0.19
2024-12-26 22:32:25,672 INFO ################## 
 ---> Validation Epoch 106	Acc.: 79.140	FPR: 70.278	AUROC: 82.808	AUPR: 53.351	AURC: 65.843	EAURC: 42.393	AUPR Succ.: 94.949	ECE: 6.984	NLL: 6.668	Brier: 30.850
2024-12-26 22:32:25,674 INFO ####### --- Training Epoch 107 --- #######
2024-12-26 22:32:47,063 INFO Epoch 107 	 Batch 99	LR : 0.00075	Tot. Loss: 0.19
2024-12-26 22:33:08,204 INFO Epoch 107 	 Batch 199	LR : 0.00075	Tot. Loss: 0.19
2024-12-26 22:33:29,338 INFO Epoch 107 	 Batch 299	LR : 0.00075	Tot. Loss: 0.19
2024-12-26 22:33:43,017 INFO ################## 
 ---> Validation Epoch 107	Acc.: 78.540	FPR: 73.905	AUROC: 82.588	AUPR: 51.307	AURC: 68.488	EAURC: 43.611	AUPR Succ.: 94.785	ECE: 7.984	NLL: 6.913	Brier: 31.928
2024-12-26 22:33:43,019 INFO ####### --- Training Epoch 108 --- #######
2024-12-26 22:34:04,467 INFO Epoch 108 	 Batch 99	LR : 0.00074	Tot. Loss: 0.19
2024-12-26 22:34:25,607 INFO Epoch 108 	 Batch 199	LR : 0.00074	Tot. Loss: 0.19
2024-12-26 22:34:42,925 INFO Epoch 108 	 Batch 299	LR : 0.00074	Tot. Loss: 0.19
2024-12-26 22:34:50,913 INFO ################## 
 ---> Validation Epoch 108	Acc.: 77.680	FPR: 74.104	AUROC: 81.954	AUPR: 53.111	AURC: 74.327	EAURC: 47.325	AUPR Succ.: 94.295	ECE: 8.220	NLL: 7.119	Brier: 33.062
2024-12-26 22:34:50,915 INFO ####### --- Training Epoch 109 --- #######
2024-12-26 22:35:12,274 INFO Epoch 109 	 Batch 99	LR : 0.00074	Tot. Loss: 0.19
2024-12-26 22:35:33,383 INFO Epoch 109 	 Batch 199	LR : 0.00074	Tot. Loss: 0.19
2024-12-26 22:35:54,495 INFO Epoch 109 	 Batch 299	LR : 0.00074	Tot. Loss: 0.19
2024-12-26 22:36:08,076 INFO ################## 
 ---> Validation Epoch 109	Acc.: 78.400	FPR: 75.648	AUROC: 82.649	AUPR: 50.535	AURC: 68.711	EAURC: 43.494	AUPR Succ.: 94.797	ECE: 7.678	NLL: 6.873	Brier: 31.962
2024-12-26 22:36:08,077 INFO ####### --- Training Epoch 110 --- #######
2024-12-26 22:36:29,421 INFO Epoch 110 	 Batch 99	LR : 0.00073	Tot. Loss: 0.19
2024-12-26 22:36:50,531 INFO Epoch 110 	 Batch 199	LR : 0.00073	Tot. Loss: 0.19
2024-12-26 22:37:11,644 INFO Epoch 110 	 Batch 299	LR : 0.00073	Tot. Loss: 0.19
2024-12-26 22:37:25,235 INFO ################## 
 ---> Validation Epoch 110	Acc.: 77.720	FPR: 74.417	AUROC: 82.210	AUPR: 53.363	AURC: 73.370	EAURC: 46.469	AUPR Succ.: 94.398	ECE: 8.536	NLL: 7.123	Brier: 32.935
2024-12-26 22:37:25,236 INFO ####### --- Training Epoch 111 --- #######
2024-12-26 22:37:46,682 INFO Epoch 111 	 Batch 99	LR : 0.00073	Tot. Loss: 0.19
2024-12-26 22:38:07,791 INFO Epoch 111 	 Batch 199	LR : 0.00073	Tot. Loss: 0.19
2024-12-26 22:38:28,900 INFO Epoch 111 	 Batch 299	LR : 0.00073	Tot. Loss: 0.19
2024-12-26 22:38:42,377 INFO ################## 
 ---> Validation Epoch 111	Acc.: 79.120	FPR: 71.648	AUROC: 82.897	AUPR: 51.776	AURC: 65.274	EAURC: 41.777	AUPR Succ.: 95.027	ECE: 7.223	NLL: 6.720	Brier: 30.913
2024-12-26 22:38:42,378 INFO ####### --- Training Epoch 112 --- #######
2024-12-26 22:39:03,820 INFO Epoch 112 	 Batch 99	LR : 0.00073	Tot. Loss: 0.19
2024-12-26 22:39:24,935 INFO Epoch 112 	 Batch 199	LR : 0.00073	Tot. Loss: 0.19
2024-12-26 22:39:46,049 INFO Epoch 112 	 Batch 299	LR : 0.00073	Tot. Loss: 0.19
2024-12-26 22:39:59,765 INFO ################## 
 ---> Validation Epoch 112	Acc.: 77.580	FPR: 75.468	AUROC: 82.253	AUPR: 51.927	AURC: 73.572	EAURC: 46.317	AUPR Succ.: 94.414	ECE: 8.291	NLL: 7.124	Brier: 33.085
2024-12-26 22:39:59,767 INFO ####### --- Training Epoch 113 --- #######
2024-12-26 22:40:21,136 INFO Epoch 113 	 Batch 99	LR : 0.00072	Tot. Loss: 0.19
2024-12-26 22:40:42,247 INFO Epoch 113 	 Batch 199	LR : 0.00072	Tot. Loss: 0.19
2024-12-26 22:41:03,352 INFO Epoch 113 	 Batch 299	LR : 0.00072	Tot. Loss: 0.19
2024-12-26 22:41:11,987 INFO ################## 
 ---> Validation Epoch 113	Acc.: 78.300	FPR: 73.917	AUROC: 82.804	AUPR: 52.861	AURC: 69.126	EAURC: 43.666	AUPR Succ.: 94.761	ECE: 8.036	NLL: 6.875	Brier: 31.958
2024-12-26 22:41:11,991 INFO ####### --- Training Epoch 114 --- #######
2024-12-26 22:41:30,306 INFO Epoch 114 	 Batch 99	LR : 0.00072	Tot. Loss: 0.19
2024-12-26 22:41:51,396 INFO Epoch 114 	 Batch 199	LR : 0.00072	Tot. Loss: 0.19
2024-12-26 22:42:12,503 INFO Epoch 114 	 Batch 299	LR : 0.00072	Tot. Loss: 0.19
2024-12-26 22:42:26,029 INFO ################## 
 ---> Validation Epoch 114	Acc.: 78.320	FPR: 74.262	AUROC: 82.619	AUPR: 52.423	AURC: 69.394	EAURC: 43.983	AUPR Succ.: 94.729	ECE: 7.856	NLL: 6.939	Brier: 32.087
2024-12-26 22:42:26,030 INFO ####### --- Training Epoch 115 --- #######
2024-12-26 22:42:47,394 INFO Epoch 115 	 Batch 99	LR : 0.00071	Tot. Loss: 0.19
2024-12-26 22:43:08,499 INFO Epoch 115 	 Batch 199	LR : 0.00071	Tot. Loss: 0.19
2024-12-26 22:43:29,614 INFO Epoch 115 	 Batch 299	LR : 0.00071	Tot. Loss: 0.19
2024-12-26 22:43:43,122 INFO ################## 
 ---> Validation Epoch 115	Acc.: 78.280	FPR: 75.046	AUROC: 82.595	AUPR: 52.295	AURC: 69.800	EAURC: 44.290	AUPR Succ.: 94.687	ECE: 8.124	NLL: 6.954	Brier: 32.031
2024-12-26 22:43:43,124 INFO ####### --- Training Epoch 116 --- #######
2024-12-26 22:44:04,508 INFO Epoch 116 	 Batch 99	LR : 0.00071	Tot. Loss: 0.19
2024-12-26 22:44:25,608 INFO Epoch 116 	 Batch 199	LR : 0.00071	Tot. Loss: 0.19
2024-12-26 22:44:46,713 INFO Epoch 116 	 Batch 299	LR : 0.00071	Tot. Loss: 0.19
2024-12-26 22:45:00,404 INFO ################## 
 ---> Validation Epoch 116	Acc.: 78.280	FPR: 76.335	AUROC: 81.916	AUPR: 50.274	AURC: 71.413	EAURC: 45.903	AUPR Succ.: 94.505	ECE: 8.047	NLL: 7.024	Brier: 32.543
2024-12-26 22:45:00,405 INFO ####### --- Training Epoch 117 --- #######
2024-12-26 22:45:21,770 INFO Epoch 117 	 Batch 99	LR : 0.00070	Tot. Loss: 0.19
2024-12-26 22:45:42,876 INFO Epoch 117 	 Batch 199	LR : 0.00070	Tot. Loss: 0.19
2024-12-26 22:46:03,983 INFO Epoch 117 	 Batch 299	LR : 0.00070	Tot. Loss: 0.19
2024-12-26 22:46:17,530 INFO ################## 
 ---> Validation Epoch 117	Acc.: 78.480	FPR: 74.164	AUROC: 82.466	AUPR: 52.041	AURC: 69.058	EAURC: 44.036	AUPR Succ.: 94.732	ECE: 7.592	NLL: 6.937	Brier: 32.068
2024-12-26 22:46:17,531 INFO ####### --- Training Epoch 118 --- #######
2024-12-26 22:46:38,910 INFO Epoch 118 	 Batch 99	LR : 0.00070	Tot. Loss: 0.19
2024-12-26 22:47:00,002 INFO Epoch 118 	 Batch 199	LR : 0.00070	Tot. Loss: 0.19
2024-12-26 22:47:21,103 INFO Epoch 118 	 Batch 299	LR : 0.00070	Tot. Loss: 0.19
2024-12-26 22:47:34,006 INFO ################## 
 ---> Validation Epoch 118	Acc.: 78.340	FPR: 74.238	AUROC: 82.719	AUPR: 51.346	AURC: 68.955	EAURC: 43.592	AUPR Succ.: 94.777	ECE: 8.035	NLL: 6.905	Brier: 32.059
2024-12-26 22:47:34,007 INFO ####### --- Training Epoch 119 --- #######
2024-12-26 22:47:47,180 INFO Epoch 119 	 Batch 99	LR : 0.00069	Tot. Loss: 0.19
2024-12-26 22:48:08,290 INFO Epoch 119 	 Batch 199	LR : 0.00069	Tot. Loss: 0.19
2024-12-26 22:48:29,406 INFO Epoch 119 	 Batch 299	LR : 0.00069	Tot. Loss: 0.19
2024-12-26 22:48:42,935 INFO ################## 
 ---> Validation Epoch 119	Acc.: 78.500	FPR: 73.860	AUROC: 83.177	AUPR: 52.969	AURC: 67.118	EAURC: 42.144	AUPR Succ.: 94.951	ECE: 7.736	NLL: 6.760	Brier: 31.481
2024-12-26 22:48:42,936 INFO ####### --- Training Epoch 120 --- #######
2024-12-26 22:49:04,341 INFO Epoch 120 	 Batch 99	LR : 0.00069	Tot. Loss: 0.19
2024-12-26 22:49:25,451 INFO Epoch 120 	 Batch 199	LR : 0.00069	Tot. Loss: 0.19
2024-12-26 22:49:46,578 INFO Epoch 120 	 Batch 299	LR : 0.00069	Tot. Loss: 0.19
2024-12-26 22:50:00,299 INFO ################## 
 ---> Validation Epoch 120	Acc.: 79.380	FPR: 71.678	AUROC: 83.041	AUPR: 51.154	AURC: 63.979	EAURC: 41.086	AUPR Succ.: 95.118	ECE: 7.055	NLL: 6.634	Brier: 30.540
2024-12-26 22:50:00,300 INFO Accuracy improved from 79.30 to 79.38!!!
2024-12-26 22:50:00,309 INFO AURC decreased from 64.01 to 63.98!!!
2024-12-26 22:50:00,317 INFO ####### --- Training Epoch 121 --- #######
2024-12-26 22:50:21,662 INFO Epoch 121 	 Batch 99	LR : 0.00068	Tot. Loss: 0.19
2024-12-26 22:50:42,778 INFO Epoch 121 	 Batch 199	LR : 0.00068	Tot. Loss: 0.19
2024-12-26 22:51:03,888 INFO Epoch 121 	 Batch 299	LR : 0.00068	Tot. Loss: 0.19
2024-12-26 22:51:17,528 INFO ################## 
 ---> Validation Epoch 121	Acc.: 77.160	FPR: 72.329	AUROC: 83.115	AUPR: 55.976	AURC: 73.205	EAURC: 44.873	AUPR Succ.: 94.553	ECE: 8.730	NLL: 7.172	Brier: 33.218
2024-12-26 22:51:17,529 INFO ####### --- Training Epoch 122 --- #######
2024-12-26 22:51:38,947 INFO Epoch 122 	 Batch 99	LR : 0.00068	Tot. Loss: 0.19
2024-12-26 22:52:00,061 INFO Epoch 122 	 Batch 199	LR : 0.00068	Tot. Loss: 0.19
2024-12-26 22:52:21,170 INFO Epoch 122 	 Batch 299	LR : 0.00068	Tot. Loss: 0.19
2024-12-26 22:52:34,748 INFO ################## 
 ---> Validation Epoch 122	Acc.: 78.220	FPR: 74.013	AUROC: 82.465	AUPR: 52.672	AURC: 70.362	EAURC: 44.705	AUPR Succ.: 94.637	ECE: 7.995	NLL: 6.977	Brier: 32.314
2024-12-26 22:52:34,750 INFO ####### --- Training Epoch 123 --- #######
2024-12-26 22:52:56,226 INFO Epoch 123 	 Batch 99	LR : 0.00067	Tot. Loss: 0.19
2024-12-26 22:53:17,326 INFO Epoch 123 	 Batch 199	LR : 0.00067	Tot. Loss: 0.19
2024-12-26 22:53:38,439 INFO Epoch 123 	 Batch 299	LR : 0.00067	Tot. Loss: 0.19
2024-12-26 22:53:52,133 INFO ################## 
 ---> Validation Epoch 123	Acc.: 77.800	FPR: 72.703	AUROC: 82.868	AUPR: 54.989	AURC: 71.342	EAURC: 44.642	AUPR Succ.: 94.614	ECE: 8.317	NLL: 7.042	Brier: 32.519
2024-12-26 22:53:52,135 INFO ####### --- Training Epoch 124 --- #######
2024-12-26 22:54:07,014 INFO Epoch 124 	 Batch 99	LR : 0.00067	Tot. Loss: 0.19
2024-12-26 22:54:26,458 INFO Epoch 124 	 Batch 199	LR : 0.00067	Tot. Loss: 0.19
2024-12-26 22:54:47,576 INFO Epoch 124 	 Batch 299	LR : 0.00067	Tot. Loss: 0.19
2024-12-26 22:55:01,124 INFO ################## 
 ---> Validation Epoch 124	Acc.: 77.860	FPR: 73.622	AUROC: 82.743	AUPR: 53.688	AURC: 71.470	EAURC: 44.921	AUPR Succ.: 94.584	ECE: 8.177	NLL: 6.979	Brier: 32.352
2024-12-26 22:55:01,125 INFO ####### --- Training Epoch 125 --- #######
2024-12-26 22:55:22,463 INFO Epoch 125 	 Batch 99	LR : 0.00066	Tot. Loss: 0.19
2024-12-26 22:55:43,585 INFO Epoch 125 	 Batch 199	LR : 0.00066	Tot. Loss: 0.19
2024-12-26 22:56:04,710 INFO Epoch 125 	 Batch 299	LR : 0.00066	Tot. Loss: 0.19
2024-12-26 22:56:18,411 INFO ################## 
 ---> Validation Epoch 125	Acc.: 77.860	FPR: 76.332	AUROC: 81.744	AUPR: 50.877	AURC: 74.068	EAURC: 47.518	AUPR Succ.: 94.285	ECE: 8.297	NLL: 7.141	Brier: 32.903
2024-12-26 22:56:18,413 INFO ####### --- Training Epoch 126 --- #######
2024-12-26 22:56:39,781 INFO Epoch 126 	 Batch 99	LR : 0.00066	Tot. Loss: 0.19
2024-12-26 22:57:00,893 INFO Epoch 126 	 Batch 199	LR : 0.00066	Tot. Loss: 0.19
2024-12-26 22:57:22,007 INFO Epoch 126 	 Batch 299	LR : 0.00066	Tot. Loss: 0.19
2024-12-26 22:57:35,619 INFO ################## 
 ---> Validation Epoch 126	Acc.: 78.440	FPR: 73.469	AUROC: 82.388	AUPR: 51.247	AURC: 69.319	EAURC: 44.200	AUPR Succ.: 94.713	ECE: 7.815	NLL: 6.928	Brier: 32.165
2024-12-26 22:57:35,620 INFO ####### --- Training Epoch 127 --- #######
2024-12-26 22:57:56,983 INFO Epoch 127 	 Batch 99	LR : 0.00065	Tot. Loss: 0.19
2024-12-26 22:58:18,108 INFO Epoch 127 	 Batch 199	LR : 0.00065	Tot. Loss: 0.19
2024-12-26 22:58:39,229 INFO Epoch 127 	 Batch 299	LR : 0.00065	Tot. Loss: 0.19
2024-12-26 22:58:52,834 INFO ################## 
 ---> Validation Epoch 127	Acc.: 78.420	FPR: 71.826	AUROC: 82.898	AUPR: 53.073	AURC: 68.429	EAURC: 43.261	AUPR Succ.: 94.813	ECE: 8.042	NLL: 6.868	Brier: 31.777
2024-12-26 22:58:52,836 INFO ####### --- Training Epoch 128 --- #######
2024-12-26 22:59:14,250 INFO Epoch 128 	 Batch 99	LR : 0.00065	Tot. Loss: 0.19
2024-12-26 22:59:35,364 INFO Epoch 128 	 Batch 199	LR : 0.00065	Tot. Loss: 0.19
2024-12-26 22:59:56,478 INFO Epoch 128 	 Batch 299	LR : 0.00065	Tot. Loss: 0.19
2024-12-26 23:00:09,963 INFO ################## 
 ---> Validation Epoch 128	Acc.: 78.800	FPR: 70.943	AUROC: 82.911	AUPR: 53.098	AURC: 66.934	EAURC: 42.681	AUPR Succ.: 94.898	ECE: 7.527	NLL: 6.864	Brier: 31.340
2024-12-26 23:00:09,964 INFO ####### --- Training Epoch 129 --- #######
2024-12-26 23:00:29,437 INFO Epoch 129 	 Batch 99	LR : 0.00064	Tot. Loss: 0.19
2024-12-26 23:00:43,055 INFO Epoch 129 	 Batch 199	LR : 0.00064	Tot. Loss: 0.19
2024-12-26 23:01:04,192 INFO Epoch 129 	 Batch 299	LR : 0.00064	Tot. Loss: 0.19
2024-12-26 23:01:17,830 INFO ################## 
 ---> Validation Epoch 129	Acc.: 78.940	FPR: 75.499	AUROC: 82.772	AUPR: 51.210	AURC: 66.624	EAURC: 42.703	AUPR Succ.: 94.907	ECE: 7.499	NLL: 6.758	Brier: 31.194
2024-12-26 23:01:17,831 INFO ####### --- Training Epoch 130 --- #######
2024-12-26 23:01:39,302 INFO Epoch 130 	 Batch 99	LR : 0.00064	Tot. Loss: 0.19
2024-12-26 23:02:00,454 INFO Epoch 130 	 Batch 199	LR : 0.00064	Tot. Loss: 0.19
2024-12-26 23:02:21,595 INFO Epoch 130 	 Batch 299	LR : 0.00064	Tot. Loss: 0.19
2024-12-26 23:02:35,262 INFO ################## 
 ---> Validation Epoch 130	Acc.: 77.720	FPR: 74.776	AUROC: 82.770	AUPR: 53.381	AURC: 71.533	EAURC: 44.632	AUPR Succ.: 94.620	ECE: 8.431	NLL: 7.092	Brier: 32.794
2024-12-26 23:02:35,263 INFO ####### --- Training Epoch 131 --- #######
2024-12-26 23:02:56,721 INFO Epoch 131 	 Batch 99	LR : 0.00063	Tot. Loss: 0.19
2024-12-26 23:03:17,864 INFO Epoch 131 	 Batch 199	LR : 0.00063	Tot. Loss: 0.19
2024-12-26 23:03:39,003 INFO Epoch 131 	 Batch 299	LR : 0.00063	Tot. Loss: 0.19
2024-12-26 23:03:52,721 INFO ################## 
 ---> Validation Epoch 131	Acc.: 79.380	FPR: 73.521	AUROC: 82.605	AUPR: 50.646	AURC: 64.926	EAURC: 42.033	AUPR Succ.: 95.012	ECE: 7.166	NLL: 6.670	Brier: 30.746
2024-12-26 23:03:52,723 INFO ####### --- Training Epoch 132 --- #######
2024-12-26 23:04:14,127 INFO Epoch 132 	 Batch 99	LR : 0.00063	Tot. Loss: 0.19
2024-12-26 23:04:35,265 INFO Epoch 132 	 Batch 199	LR : 0.00063	Tot. Loss: 0.19
2024-12-26 23:04:56,409 INFO Epoch 132 	 Batch 299	LR : 0.00063	Tot. Loss: 0.19
2024-12-26 23:05:09,965 INFO ################## 
 ---> Validation Epoch 132	Acc.: 77.900	FPR: 73.846	AUROC: 82.720	AUPR: 52.451	AURC: 70.902	EAURC: 44.453	AUPR Succ.: 94.651	ECE: 8.647	NLL: 7.045	Brier: 32.628
2024-12-26 23:05:09,966 INFO ####### --- Training Epoch 133 --- #######
2024-12-26 23:05:31,385 INFO Epoch 133 	 Batch 99	LR : 0.00062	Tot. Loss: 0.19
2024-12-26 23:05:52,528 INFO Epoch 133 	 Batch 199	LR : 0.00062	Tot. Loss: 0.19
2024-12-26 23:06:13,690 INFO Epoch 133 	 Batch 299	LR : 0.00062	Tot. Loss: 0.19
2024-12-26 23:06:27,325 INFO ################## 
 ---> Validation Epoch 133	Acc.: 78.720	FPR: 72.932	AUROC: 82.682	AUPR: 52.817	AURC: 67.662	EAURC: 43.217	AUPR Succ.: 94.836	ECE: 7.670	NLL: 6.831	Brier: 31.463
2024-12-26 23:06:27,326 INFO ####### --- Training Epoch 134 --- #######
2024-12-26 23:06:48,801 INFO Epoch 134 	 Batch 99	LR : 0.00062	Tot. Loss: 0.19
2024-12-26 23:07:02,584 INFO Epoch 134 	 Batch 199	LR : 0.00062	Tot. Loss: 0.19
2024-12-26 23:07:23,002 INFO Epoch 134 	 Batch 299	LR : 0.00062	Tot. Loss: 0.19
2024-12-26 23:07:36,595 INFO ################## 
 ---> Validation Epoch 134	Acc.: 78.360	FPR: 73.845	AUROC: 82.935	AUPR: 52.867	AURC: 68.440	EAURC: 43.126	AUPR Succ.: 94.828	ECE: 7.862	NLL: 6.858	Brier: 31.800
2024-12-26 23:07:36,596 INFO ####### --- Training Epoch 135 --- #######
2024-12-26 23:07:57,958 INFO Epoch 135 	 Batch 99	LR : 0.00061	Tot. Loss: 0.19
2024-12-26 23:08:19,088 INFO Epoch 135 	 Batch 199	LR : 0.00061	Tot. Loss: 0.19
2024-12-26 23:08:40,224 INFO Epoch 135 	 Batch 299	LR : 0.00061	Tot. Loss: 0.19
2024-12-26 23:08:53,890 INFO ################## 
 ---> Validation Epoch 135	Acc.: 77.340	FPR: 75.110	AUROC: 82.161	AUPR: 52.898	AURC: 75.427	EAURC: 47.559	AUPR Succ.: 94.244	ECE: 8.767	NLL: 7.212	Brier: 33.366
2024-12-26 23:08:53,891 INFO ####### --- Training Epoch 136 --- #######
2024-12-26 23:09:15,312 INFO Epoch 136 	 Batch 99	LR : 0.00061	Tot. Loss: 0.19
2024-12-26 23:09:36,439 INFO Epoch 136 	 Batch 199	LR : 0.00061	Tot. Loss: 0.19
2024-12-26 23:09:57,559 INFO Epoch 136 	 Batch 299	LR : 0.00061	Tot. Loss: 0.19
2024-12-26 23:10:11,270 INFO ################## 
 ---> Validation Epoch 136	Acc.: 79.420	FPR: 71.040	AUROC: 83.212	AUPR: 50.912	AURC: 63.097	EAURC: 40.297	AUPR Succ.: 95.217	ECE: 7.282	NLL: 6.615	Brier: 30.531
2024-12-26 23:10:11,271 INFO Accuracy improved from 79.38 to 79.42!!!
2024-12-26 23:10:11,280 INFO AURC decreased from 63.98 to 63.10!!!
2024-12-26 23:10:11,288 INFO ####### --- Training Epoch 137 --- #######
2024-12-26 23:10:32,662 INFO Epoch 137 	 Batch 99	LR : 0.00060	Tot. Loss: 0.19
2024-12-26 23:10:53,773 INFO Epoch 137 	 Batch 199	LR : 0.00060	Tot. Loss: 0.19
2024-12-26 23:11:14,907 INFO Epoch 137 	 Batch 299	LR : 0.00060	Tot. Loss: 0.19
2024-12-26 23:11:28,517 INFO ################## 
 ---> Validation Epoch 137	Acc.: 78.080	FPR: 74.088	AUROC: 82.371	AUPR: 51.706	AURC: 71.054	EAURC: 45.052	AUPR Succ.: 94.592	ECE: 8.016	NLL: 7.035	Brier: 32.616
2024-12-26 23:11:28,519 INFO ####### --- Training Epoch 138 --- #######
2024-12-26 23:11:50,009 INFO Epoch 138 	 Batch 99	LR : 0.00060	Tot. Loss: 0.19
2024-12-26 23:12:11,130 INFO Epoch 138 	 Batch 199	LR : 0.00060	Tot. Loss: 0.19
2024-12-26 23:12:32,259 INFO Epoch 138 	 Batch 299	LR : 0.00060	Tot. Loss: 0.19
2024-12-26 23:12:45,954 INFO ################## 
 ---> Validation Epoch 138	Acc.: 78.460	FPR: 74.373	AUROC: 81.841	AUPR: 50.050	AURC: 71.169	EAURC: 46.099	AUPR Succ.: 94.486	ECE: 8.046	NLL: 7.002	Brier: 32.222
2024-12-26 23:12:45,955 INFO ####### --- Training Epoch 139 --- #######
2024-12-26 23:13:07,336 INFO Epoch 139 	 Batch 99	LR : 0.00059	Tot. Loss: 0.19
2024-12-26 23:13:25,142 INFO Epoch 139 	 Batch 199	LR : 0.00059	Tot. Loss: 0.19
2024-12-26 23:13:40,296 INFO Epoch 139 	 Batch 299	LR : 0.00059	Tot. Loss: 0.19
2024-12-26 23:13:53,884 INFO ################## 
 ---> Validation Epoch 139	Acc.: 78.900	FPR: 72.986	AUROC: 82.525	AUPR: 51.589	AURC: 67.306	EAURC: 43.290	AUPR Succ.: 94.838	ECE: 7.464	NLL: 6.775	Brier: 31.328
2024-12-26 23:13:53,885 INFO ####### --- Training Epoch 140 --- #######
2024-12-26 23:14:15,300 INFO Epoch 140 	 Batch 99	LR : 0.00059	Tot. Loss: 0.19
2024-12-26 23:14:36,442 INFO Epoch 140 	 Batch 199	LR : 0.00059	Tot. Loss: 0.19
2024-12-26 23:14:57,584 INFO Epoch 140 	 Batch 299	LR : 0.00059	Tot. Loss: 0.19
2024-12-26 23:15:11,212 INFO ################## 
 ---> Validation Epoch 140	Acc.: 78.440	FPR: 73.006	AUROC: 82.938	AUPR: 52.867	AURC: 67.931	EAURC: 42.812	AUPR Succ.: 94.873	ECE: 8.079	NLL: 6.838	Brier: 31.812
2024-12-26 23:15:11,214 INFO ####### --- Training Epoch 141 --- #######
2024-12-26 23:15:32,665 INFO Epoch 141 	 Batch 99	LR : 0.00058	Tot. Loss: 0.19
2024-12-26 23:15:53,798 INFO Epoch 141 	 Batch 199	LR : 0.00058	Tot. Loss: 0.19
2024-12-26 23:16:14,942 INFO Epoch 141 	 Batch 299	LR : 0.00058	Tot. Loss: 0.19
2024-12-26 23:16:28,541 INFO ################## 
 ---> Validation Epoch 141	Acc.: 78.040	FPR: 73.315	AUROC: 82.629	AUPR: 53.207	AURC: 70.804	EAURC: 44.703	AUPR Succ.: 94.623	ECE: 8.005	NLL: 7.051	Brier: 32.455
2024-12-26 23:16:28,544 INFO ####### --- Training Epoch 142 --- #######
2024-12-26 23:16:49,944 INFO Epoch 142 	 Batch 99	LR : 0.00058	Tot. Loss: 0.19
2024-12-26 23:17:11,085 INFO Epoch 142 	 Batch 199	LR : 0.00058	Tot. Loss: 0.19
2024-12-26 23:17:32,227 INFO Epoch 142 	 Batch 299	LR : 0.00058	Tot. Loss: 0.19
2024-12-26 23:17:45,845 INFO ################## 
 ---> Validation Epoch 142	Acc.: 77.240	FPR: 69.244	AUROC: 82.714	AUPR: 55.373	AURC: 74.392	EAURC: 46.267	AUPR Succ.: 94.386	ECE: 8.704	NLL: 7.203	Brier: 33.155
2024-12-26 23:17:45,846 INFO ####### --- Training Epoch 143 --- #######
2024-12-26 23:18:07,283 INFO Epoch 143 	 Batch 99	LR : 0.00057	Tot. Loss: 0.19
2024-12-26 23:18:28,425 INFO Epoch 143 	 Batch 199	LR : 0.00057	Tot. Loss: 0.19
2024-12-26 23:18:49,566 INFO Epoch 143 	 Batch 299	LR : 0.00057	Tot. Loss: 0.19
2024-12-26 23:19:03,139 INFO ################## 
 ---> Validation Epoch 143	Acc.: 79.120	FPR: 71.073	AUROC: 82.992	AUPR: 52.114	AURC: 65.254	EAURC: 41.757	AUPR Succ.: 95.025	ECE: 7.189	NLL: 6.711	Brier: 30.907
2024-12-26 23:19:03,140 INFO ####### --- Training Epoch 144 --- #######
2024-12-26 23:19:24,562 INFO Epoch 144 	 Batch 99	LR : 0.00057	Tot. Loss: 0.19
2024-12-26 23:19:45,698 INFO Epoch 144 	 Batch 199	LR : 0.00057	Tot. Loss: 0.19
2024-12-26 23:19:58,795 INFO Epoch 144 	 Batch 299	LR : 0.00057	Tot. Loss: 0.19
2024-12-26 23:20:12,422 INFO ################## 
 ---> Validation Epoch 144	Acc.: 78.800	FPR: 74.151	AUROC: 82.968	AUPR: 51.444	AURC: 66.179	EAURC: 41.926	AUPR Succ.: 94.999	ECE: 8.051	NLL: 6.769	Brier: 31.420
2024-12-26 23:20:12,423 INFO ####### --- Training Epoch 145 --- #######
2024-12-26 23:20:33,851 INFO Epoch 145 	 Batch 99	LR : 0.00056	Tot. Loss: 0.19
2024-12-26 23:20:54,979 INFO Epoch 145 	 Batch 199	LR : 0.00056	Tot. Loss: 0.19
2024-12-26 23:21:16,122 INFO Epoch 145 	 Batch 299	LR : 0.00056	Tot. Loss: 0.19
2024-12-26 23:21:29,631 INFO ################## 
 ---> Validation Epoch 145	Acc.: 78.480	FPR: 73.327	AUROC: 83.406	AUPR: 53.782	AURC: 66.679	EAURC: 41.657	AUPR Succ.: 95.006	ECE: 7.830	NLL: 6.768	Brier: 31.448
2024-12-26 23:21:29,633 INFO ####### --- Training Epoch 146 --- #######
2024-12-26 23:21:51,063 INFO Epoch 146 	 Batch 99	LR : 0.00056	Tot. Loss: 0.19
2024-12-26 23:22:12,195 INFO Epoch 146 	 Batch 199	LR : 0.00056	Tot. Loss: 0.19
2024-12-26 23:22:33,333 INFO Epoch 146 	 Batch 299	LR : 0.00056	Tot. Loss: 0.19
2024-12-26 23:22:46,862 INFO ################## 
 ---> Validation Epoch 146	Acc.: 78.560	FPR: 73.601	AUROC: 82.481	AUPR: 51.879	AURC: 68.908	EAURC: 44.079	AUPR Succ.: 94.728	ECE: 7.599	NLL: 6.814	Brier: 31.760
2024-12-26 23:22:46,864 INFO ####### --- Training Epoch 147 --- #######
2024-12-26 23:23:08,303 INFO Epoch 147 	 Batch 99	LR : 0.00055	Tot. Loss: 0.19
2024-12-26 23:23:29,437 INFO Epoch 147 	 Batch 199	LR : 0.00055	Tot. Loss: 0.19
2024-12-26 23:23:50,562 INFO Epoch 147 	 Batch 299	LR : 0.00055	Tot. Loss: 0.19
2024-12-26 23:24:04,222 INFO ################## 
 ---> Validation Epoch 147	Acc.: 78.600	FPR: 76.636	AUROC: 82.355	AUPR: 50.760	AURC: 68.915	EAURC: 44.183	AUPR Succ.: 94.721	ECE: 7.629	NLL: 6.880	Brier: 31.860
2024-12-26 23:24:04,224 INFO ####### --- Training Epoch 148 --- #######
2024-12-26 23:24:25,674 INFO Epoch 148 	 Batch 99	LR : 0.00055	Tot. Loss: 0.19
2024-12-26 23:24:46,814 INFO Epoch 148 	 Batch 199	LR : 0.00055	Tot. Loss: 0.19
2024-12-26 23:25:07,964 INFO Epoch 148 	 Batch 299	LR : 0.00055	Tot. Loss: 0.19
2024-12-26 23:25:21,630 INFO ################## 
 ---> Validation Epoch 148	Acc.: 78.960	FPR: 73.384	AUROC: 82.940	AUPR: 51.823	AURC: 65.801	EAURC: 41.927	AUPR Succ.: 95.002	ECE: 7.448	NLL: 6.738	Brier: 31.187
2024-12-26 23:25:21,632 INFO ####### --- Training Epoch 149 --- #######
2024-12-26 23:25:43,101 INFO Epoch 149 	 Batch 99	LR : 0.00054	Tot. Loss: 0.19
2024-12-26 23:26:04,234 INFO Epoch 149 	 Batch 199	LR : 0.00054	Tot. Loss: 0.19
2024-12-26 23:26:21,039 INFO Epoch 149 	 Batch 299	LR : 0.00054	Tot. Loss: 0.19
2024-12-26 23:26:28,266 INFO ################## 
 ---> Validation Epoch 149	Acc.: 78.720	FPR: 71.523	AUROC: 83.091	AUPR: 53.485	AURC: 66.657	EAURC: 42.213	AUPR Succ.: 94.951	ECE: 7.527	NLL: 6.690	Brier: 31.138
2024-12-26 23:26:28,268 INFO ####### --- Training Epoch 150 --- #######
2024-12-26 23:26:49,717 INFO Epoch 150 	 Batch 99	LR : 0.00054	Tot. Loss: 0.19
2024-12-26 23:27:10,856 INFO Epoch 150 	 Batch 199	LR : 0.00054	Tot. Loss: 0.19
2024-12-26 23:27:31,999 INFO Epoch 150 	 Batch 299	LR : 0.00054	Tot. Loss: 0.19
2024-12-26 23:27:45,673 INFO ################## 
 ---> Validation Epoch 150	Acc.: 78.620	FPR: 70.346	AUROC: 82.875	AUPR: 52.948	AURC: 67.727	EAURC: 43.043	AUPR Succ.: 94.848	ECE: 7.557	NLL: 6.832	Brier: 31.507
2024-12-26 23:27:45,675 INFO ####### --- Training Epoch 151 --- #######
2024-12-26 23:28:07,125 INFO Epoch 151 	 Batch 99	LR : 0.00053	Tot. Loss: 0.19
2024-12-26 23:28:28,279 INFO Epoch 151 	 Batch 199	LR : 0.00053	Tot. Loss: 0.19
2024-12-26 23:28:49,430 INFO Epoch 151 	 Batch 299	LR : 0.00053	Tot. Loss: 0.19
2024-12-26 23:29:03,146 INFO ################## 
 ---> Validation Epoch 151	Acc.: 79.180	FPR: 70.701	AUROC: 83.174	AUPR: 53.482	AURC: 64.612	EAURC: 41.254	AUPR Succ.: 95.085	ECE: 7.178	NLL: 6.636	Brier: 30.595
2024-12-26 23:29:03,147 INFO ####### --- Training Epoch 152 --- #######
2024-12-26 23:29:24,553 INFO Epoch 152 	 Batch 99	LR : 0.00053	Tot. Loss: 0.19
2024-12-26 23:29:45,695 INFO Epoch 152 	 Batch 199	LR : 0.00053	Tot. Loss: 0.19
2024-12-26 23:30:06,840 INFO Epoch 152 	 Batch 299	LR : 0.00053	Tot. Loss: 0.19
2024-12-26 23:30:20,411 INFO ################## 
 ---> Validation Epoch 152	Acc.: 78.760	FPR: 73.070	AUROC: 82.990	AUPR: 53.143	AURC: 66.700	EAURC: 42.352	AUPR Succ.: 94.938	ECE: 7.439	NLL: 6.753	Brier: 31.235
2024-12-26 23:30:20,412 INFO ####### --- Training Epoch 153 --- #######
2024-12-26 23:30:41,824 INFO Epoch 153 	 Batch 99	LR : 0.00052	Tot. Loss: 0.19
2024-12-26 23:31:02,975 INFO Epoch 153 	 Batch 199	LR : 0.00052	Tot. Loss: 0.19
2024-12-26 23:31:24,120 INFO Epoch 153 	 Batch 299	LR : 0.00052	Tot. Loss: 0.19
2024-12-26 23:31:37,744 INFO ################## 
 ---> Validation Epoch 153	Acc.: 78.140	FPR: 75.480	AUROC: 81.907	AUPR: 50.744	AURC: 72.380	EAURC: 46.526	AUPR Succ.: 94.418	ECE: 8.308	NLL: 7.080	Brier: 32.583
2024-12-26 23:31:37,745 INFO ####### --- Training Epoch 154 --- #######
2024-12-26 23:31:59,232 INFO Epoch 154 	 Batch 99	LR : 0.00052	Tot. Loss: 0.19
2024-12-26 23:32:20,367 INFO Epoch 154 	 Batch 199	LR : 0.00052	Tot. Loss: 0.19
2024-12-26 23:32:41,535 INFO Epoch 154 	 Batch 299	LR : 0.00052	Tot. Loss: 0.19
2024-12-26 23:32:51,022 INFO ################## 
 ---> Validation Epoch 154	Acc.: 79.000	FPR: 72.762	AUROC: 82.685	AUPR: 51.325	AURC: 66.516	EAURC: 42.736	AUPR Succ.: 94.907	ECE: 7.340	NLL: 6.689	Brier: 31.060
2024-12-26 23:32:51,024 INFO ####### --- Training Epoch 155 --- #######
2024-12-26 23:33:08,889 INFO Epoch 155 	 Batch 99	LR : 0.00051	Tot. Loss: 0.19
2024-12-26 23:33:30,025 INFO Epoch 155 	 Batch 199	LR : 0.00051	Tot. Loss: 0.19
2024-12-26 23:33:51,165 INFO Epoch 155 	 Batch 299	LR : 0.00051	Tot. Loss: 0.19
2024-12-26 23:34:04,809 INFO ################## 
 ---> Validation Epoch 155	Acc.: 78.560	FPR: 73.414	AUROC: 83.086	AUPR: 53.139	AURC: 67.215	EAURC: 42.387	AUPR Succ.: 94.925	ECE: 7.521	NLL: 6.837	Brier: 31.471
2024-12-26 23:34:04,811 INFO ####### --- Training Epoch 156 --- #######
2024-12-26 23:34:26,235 INFO Epoch 156 	 Batch 99	LR : 0.00050	Tot. Loss: 0.19
2024-12-26 23:34:47,381 INFO Epoch 156 	 Batch 199	LR : 0.00050	Tot. Loss: 0.19
2024-12-26 23:35:08,519 INFO Epoch 156 	 Batch 299	LR : 0.00050	Tot. Loss: 0.19
2024-12-26 23:35:22,018 INFO ################## 
 ---> Validation Epoch 156	Acc.: 79.340	FPR: 73.185	AUROC: 83.022	AUPR: 50.386	AURC: 63.993	EAURC: 41.008	AUPR Succ.: 95.129	ECE: 7.156	NLL: 6.581	Brier: 30.565
2024-12-26 23:35:22,019 INFO ####### --- Training Epoch 157 --- #######
2024-12-26 23:35:43,446 INFO Epoch 157 	 Batch 99	LR : 0.00050	Tot. Loss: 0.19
2024-12-26 23:36:04,585 INFO Epoch 157 	 Batch 199	LR : 0.00050	Tot. Loss: 0.19
2024-12-26 23:36:25,729 INFO Epoch 157 	 Batch 299	LR : 0.00050	Tot. Loss: 0.19
2024-12-26 23:36:39,206 INFO ################## 
 ---> Validation Epoch 157	Acc.: 78.820	FPR: 76.676	AUROC: 82.551	AUPR: 50.116	AURC: 67.433	EAURC: 43.227	AUPR Succ.: 94.845	ECE: 7.879	NLL: 6.843	Brier: 31.493
2024-12-26 23:36:39,207 INFO ####### --- Training Epoch 158 --- #######
2024-12-26 23:37:00,571 INFO Epoch 158 	 Batch 99	LR : 0.00049	Tot. Loss: 0.19
2024-12-26 23:37:21,712 INFO Epoch 158 	 Batch 199	LR : 0.00049	Tot. Loss: 0.19
2024-12-26 23:37:42,852 INFO Epoch 158 	 Batch 299	LR : 0.00049	Tot. Loss: 0.19
2024-12-26 23:37:56,474 INFO ################## 
 ---> Validation Epoch 158	Acc.: 78.580	FPR: 73.669	AUROC: 82.664	AUPR: 52.098	AURC: 68.166	EAURC: 43.386	AUPR Succ.: 94.812	ECE: 7.601	NLL: 6.846	Brier: 31.670
2024-12-26 23:37:56,475 INFO ####### --- Training Epoch 159 --- #######
2024-12-26 23:38:17,828 INFO Epoch 159 	 Batch 99	LR : 0.00049	Tot. Loss: 0.19
2024-12-26 23:38:38,970 INFO Epoch 159 	 Batch 199	LR : 0.00049	Tot. Loss: 0.19
2024-12-26 23:39:00,139 INFO Epoch 159 	 Batch 299	LR : 0.00049	Tot. Loss: 0.19
2024-12-26 23:39:13,688 INFO ################## 
 ---> Validation Epoch 159	Acc.: 77.940	FPR: 72.620	AUROC: 82.874	AUPR: 52.707	AURC: 70.404	EAURC: 44.055	AUPR Succ.: 94.697	ECE: 8.031	NLL: 6.939	Brier: 32.263
2024-12-26 23:39:13,690 INFO ####### --- Training Epoch 160 --- #######
2024-12-26 23:39:26,894 INFO Epoch 160 	 Batch 99	LR : 0.00048	Tot. Loss: 0.19
2024-12-26 23:39:48,025 INFO Epoch 160 	 Batch 199	LR : 0.00048	Tot. Loss: 0.19
2024-12-26 23:40:09,166 INFO Epoch 160 	 Batch 299	LR : 0.00048	Tot. Loss: 0.19
2024-12-26 23:40:22,721 INFO ################## 
 ---> Validation Epoch 160	Acc.: 78.620	FPR: 71.469	AUROC: 82.866	AUPR: 53.147	AURC: 67.766	EAURC: 43.082	AUPR Succ.: 94.843	ECE: 7.578	NLL: 6.753	Brier: 31.383
2024-12-26 23:40:22,723 INFO ####### --- Training Epoch 161 --- #######
2024-12-26 23:40:44,122 INFO Epoch 161 	 Batch 99	LR : 0.00048	Tot. Loss: 0.19
2024-12-26 23:41:05,251 INFO Epoch 161 	 Batch 199	LR : 0.00048	Tot. Loss: 0.19
2024-12-26 23:41:26,382 INFO Epoch 161 	 Batch 299	LR : 0.00048	Tot. Loss: 0.19
2024-12-26 23:41:40,089 INFO ################## 
 ---> Validation Epoch 161	Acc.: 78.800	FPR: 71.887	AUROC: 82.740	AUPR: 52.302	AURC: 67.157	EAURC: 42.903	AUPR Succ.: 94.877	ECE: 7.431	NLL: 6.790	Brier: 31.400
2024-12-26 23:41:40,090 INFO ####### --- Training Epoch 162 --- #######
2024-12-26 23:42:01,495 INFO Epoch 162 	 Batch 99	LR : 0.00047	Tot. Loss: 0.19
2024-12-26 23:42:22,627 INFO Epoch 162 	 Batch 199	LR : 0.00047	Tot. Loss: 0.19
2024-12-26 23:42:43,762 INFO Epoch 162 	 Batch 299	LR : 0.00047	Tot. Loss: 0.19
2024-12-26 23:42:57,311 INFO ################## 
 ---> Validation Epoch 162	Acc.: 78.620	FPR: 75.959	AUROC: 82.593	AUPR: 51.400	AURC: 68.256	EAURC: 43.572	AUPR Succ.: 94.793	ECE: 7.790	NLL: 6.820	Brier: 31.691
2024-12-26 23:42:57,312 INFO ####### --- Training Epoch 163 --- #######
2024-12-26 23:43:18,714 INFO Epoch 163 	 Batch 99	LR : 0.00047	Tot. Loss: 0.19
2024-12-26 23:43:39,849 INFO Epoch 163 	 Batch 199	LR : 0.00047	Tot. Loss: 0.19
2024-12-26 23:44:00,987 INFO Epoch 163 	 Batch 299	LR : 0.00047	Tot. Loss: 0.19
2024-12-26 23:44:14,599 INFO ################## 
 ---> Validation Epoch 163	Acc.: 78.300	FPR: 73.825	AUROC: 82.371	AUPR: 51.729	AURC: 70.508	EAURC: 45.047	AUPR Succ.: 94.597	ECE: 7.845	NLL: 6.965	Brier: 32.138
2024-12-26 23:44:14,600 INFO ####### --- Training Epoch 164 --- #######
2024-12-26 23:44:36,046 INFO Epoch 164 	 Batch 99	LR : 0.00046	Tot. Loss: 0.19
2024-12-26 23:44:57,199 INFO Epoch 164 	 Batch 199	LR : 0.00046	Tot. Loss: 0.19
2024-12-26 23:45:18,342 INFO Epoch 164 	 Batch 299	LR : 0.00046	Tot. Loss: 0.19
2024-12-26 23:45:31,817 INFO ################## 
 ---> Validation Epoch 164	Acc.: 78.760	FPR: 74.482	AUROC: 82.273	AUPR: 52.080	AURC: 68.649	EAURC: 44.300	AUPR Succ.: 94.712	ECE: 7.724	NLL: 6.856	Brier: 31.657
2024-12-26 23:45:31,819 INFO ####### --- Training Epoch 165 --- #######
2024-12-26 23:45:47,113 INFO Epoch 165 	 Batch 99	LR : 0.00046	Tot. Loss: 0.19
2024-12-26 23:46:06,188 INFO Epoch 165 	 Batch 199	LR : 0.00046	Tot. Loss: 0.19
2024-12-26 23:46:27,303 INFO Epoch 165 	 Batch 299	LR : 0.00046	Tot. Loss: 0.19
2024-12-26 23:46:40,922 INFO ################## 
 ---> Validation Epoch 165	Acc.: 78.180	FPR: 74.427	AUROC: 82.386	AUPR: 51.339	AURC: 70.758	EAURC: 45.003	AUPR Succ.: 94.600	ECE: 8.312	NLL: 7.036	Brier: 32.456
2024-12-26 23:46:40,923 INFO ####### --- Training Epoch 166 --- #######
2024-12-26 23:47:02,329 INFO Epoch 166 	 Batch 99	LR : 0.00045	Tot. Loss: 0.19
2024-12-26 23:47:23,444 INFO Epoch 166 	 Batch 199	LR : 0.00045	Tot. Loss: 0.19
2024-12-26 23:47:44,555 INFO Epoch 166 	 Batch 299	LR : 0.00045	Tot. Loss: 0.19
2024-12-26 23:47:58,112 INFO ################## 
 ---> Validation Epoch 166	Acc.: 78.200	FPR: 73.211	AUROC: 82.504	AUPR: 51.403	AURC: 70.372	EAURC: 44.666	AUPR Succ.: 94.639	ECE: 8.087	NLL: 6.986	Brier: 32.248
2024-12-26 23:47:58,114 INFO ####### --- Training Epoch 167 --- #######
2024-12-26 23:48:19,436 INFO Epoch 167 	 Batch 99	LR : 0.00045	Tot. Loss: 0.19
2024-12-26 23:48:40,555 INFO Epoch 167 	 Batch 199	LR : 0.00045	Tot. Loss: 0.19
2024-12-26 23:49:01,674 INFO Epoch 167 	 Batch 299	LR : 0.00045	Tot. Loss: 0.19
2024-12-26 23:49:15,235 INFO ################## 
 ---> Validation Epoch 167	Acc.: 77.440	FPR: 73.227	AUROC: 82.636	AUPR: 53.292	AURC: 73.302	EAURC: 45.690	AUPR Succ.: 94.476	ECE: 8.963	NLL: 7.211	Brier: 33.324
2024-12-26 23:49:15,236 INFO ####### --- Training Epoch 168 --- #######
2024-12-26 23:49:36,598 INFO Epoch 168 	 Batch 99	LR : 0.00044	Tot. Loss: 0.19
2024-12-26 23:49:57,706 INFO Epoch 168 	 Batch 199	LR : 0.00044	Tot. Loss: 0.19
2024-12-26 23:50:18,814 INFO Epoch 168 	 Batch 299	LR : 0.00044	Tot. Loss: 0.19
2024-12-26 23:50:32,409 INFO ################## 
 ---> Validation Epoch 168	Acc.: 78.620	FPR: 70.440	AUROC: 83.239	AUPR: 54.704	AURC: 66.807	EAURC: 42.123	AUPR Succ.: 94.953	ECE: 7.645	NLL: 6.736	Brier: 31.129
2024-12-26 23:50:32,410 INFO ####### --- Training Epoch 169 --- #######
2024-12-26 23:50:53,880 INFO Epoch 169 	 Batch 99	LR : 0.00044	Tot. Loss: 0.19
2024-12-26 23:51:15,000 INFO Epoch 169 	 Batch 199	LR : 0.00044	Tot. Loss: 0.19
2024-12-26 23:51:36,120 INFO Epoch 169 	 Batch 299	LR : 0.00044	Tot. Loss: 0.19
2024-12-26 23:51:49,828 INFO ################## 
 ---> Validation Epoch 169	Acc.: 78.660	FPR: 70.197	AUROC: 83.820	AUPR: 55.122	AURC: 64.790	EAURC: 40.202	AUPR Succ.: 95.186	ECE: 7.605	NLL: 6.680	Brier: 31.021
2024-12-26 23:51:49,829 INFO AUROC improved from 83.64 to 83.82!!!
2024-12-26 23:51:49,839 INFO ####### --- Training Epoch 170 --- #######
2024-12-26 23:52:09,402 INFO Epoch 170 	 Batch 99	LR : 0.00043	Tot. Loss: 0.19
2024-12-26 23:52:23,037 INFO Epoch 170 	 Batch 199	LR : 0.00043	Tot. Loss: 0.19
2024-12-26 23:52:44,173 INFO Epoch 170 	 Batch 299	LR : 0.00043	Tot. Loss: 0.19
2024-12-26 23:52:57,785 INFO ################## 
 ---> Validation Epoch 170	Acc.: 79.020	FPR: 72.450	AUROC: 82.702	AUPR: 51.034	AURC: 66.525	EAURC: 42.792	AUPR Succ.: 94.899	ECE: 7.347	NLL: 6.756	Brier: 31.158
2024-12-26 23:52:57,786 INFO ####### --- Training Epoch 171 --- #######
2024-12-26 23:53:19,300 INFO Epoch 171 	 Batch 99	LR : 0.00043	Tot. Loss: 0.19
2024-12-26 23:53:40,435 INFO Epoch 171 	 Batch 199	LR : 0.00043	Tot. Loss: 0.19
2024-12-26 23:54:01,571 INFO Epoch 171 	 Batch 299	LR : 0.00043	Tot. Loss: 0.19
2024-12-26 23:54:15,247 INFO ################## 
 ---> Validation Epoch 171	Acc.: 78.620	FPR: 73.714	AUROC: 82.495	AUPR: 50.920	AURC: 68.467	EAURC: 43.782	AUPR Succ.: 94.768	ECE: 7.944	NLL: 6.897	Brier: 31.857
2024-12-26 23:54:15,248 INFO ####### --- Training Epoch 172 --- #######
2024-12-26 23:54:36,665 INFO Epoch 172 	 Batch 99	LR : 0.00042	Tot. Loss: 0.19
2024-12-26 23:54:57,804 INFO Epoch 172 	 Batch 199	LR : 0.00042	Tot. Loss: 0.19
2024-12-26 23:55:18,939 INFO Epoch 172 	 Batch 299	LR : 0.00042	Tot. Loss: 0.19
2024-12-26 23:55:32,574 INFO ################## 
 ---> Validation Epoch 172	Acc.: 79.060	FPR: 73.830	AUROC: 82.670	AUPR: 51.412	AURC: 66.318	EAURC: 42.680	AUPR Succ.: 94.916	ECE: 7.389	NLL: 6.744	Brier: 31.058
2024-12-26 23:55:32,576 INFO ####### --- Training Epoch 173 --- #######
2024-12-26 23:55:54,029 INFO Epoch 173 	 Batch 99	LR : 0.00042	Tot. Loss: 0.19
2024-12-26 23:56:15,148 INFO Epoch 173 	 Batch 199	LR : 0.00042	Tot. Loss: 0.19
2024-12-26 23:56:36,268 INFO Epoch 173 	 Batch 299	LR : 0.00042	Tot. Loss: 0.19
2024-12-26 23:56:49,921 INFO ################## 
 ---> Validation Epoch 173	Acc.: 78.640	FPR: 71.910	AUROC: 83.455	AUPR: 53.383	AURC: 65.744	EAURC: 41.108	AUPR Succ.: 95.080	ECE: 7.838	NLL: 6.739	Brier: 31.187
2024-12-26 23:56:49,922 INFO ####### --- Training Epoch 174 --- #######
2024-12-26 23:57:11,376 INFO Epoch 174 	 Batch 99	LR : 0.00041	Tot. Loss: 0.19
2024-12-26 23:57:32,496 INFO Epoch 174 	 Batch 199	LR : 0.00041	Tot. Loss: 0.19
2024-12-26 23:57:53,620 INFO Epoch 174 	 Batch 299	LR : 0.00041	Tot. Loss: 0.19
2024-12-26 23:58:07,269 INFO ################## 
 ---> Validation Epoch 174	Acc.: 79.000	FPR: 75.143	AUROC: 82.434	AUPR: 50.452	AURC: 67.014	EAURC: 43.235	AUPR Succ.: 94.852	ECE: 7.475	NLL: 6.761	Brier: 31.255
2024-12-26 23:58:07,271 INFO ####### --- Training Epoch 175 --- #######
2024-12-26 23:58:28,714 INFO Epoch 175 	 Batch 99	LR : 0.00041	Tot. Loss: 0.19
2024-12-26 23:58:42,302 INFO Epoch 175 	 Batch 199	LR : 0.00041	Tot. Loss: 0.19
2024-12-26 23:59:02,705 INFO Epoch 175 	 Batch 299	LR : 0.00041	Tot. Loss: 0.19
2024-12-26 23:59:16,192 INFO ################## 
 ---> Validation Epoch 175	Acc.: 78.360	FPR: 72.274	AUROC: 82.725	AUPR: 52.057	AURC: 69.044	EAURC: 43.730	AUPR Succ.: 94.758	ECE: 8.009	NLL: 6.925	Brier: 31.966
2024-12-26 23:59:16,194 INFO ####### --- Training Epoch 176 --- #######
2024-12-26 23:59:37,652 INFO Epoch 176 	 Batch 99	LR : 0.00040	Tot. Loss: 0.19
2024-12-26 23:59:58,771 INFO Epoch 176 	 Batch 199	LR : 0.00040	Tot. Loss: 0.19
2024-12-27 00:00:19,885 INFO Epoch 176 	 Batch 299	LR : 0.00040	Tot. Loss: 0.19
2024-12-27 00:00:33,559 INFO ################## 
 ---> Validation Epoch 176	Acc.: 78.380	FPR: 75.301	AUROC: 82.510	AUPR: 50.723	AURC: 69.495	EAURC: 44.230	AUPR Succ.: 94.703	ECE: 8.281	NLL: 6.952	Brier: 32.099
2024-12-27 00:00:33,561 INFO ####### --- Training Epoch 177 --- #######
2024-12-27 00:00:54,974 INFO Epoch 177 	 Batch 99	LR : 0.00040	Tot. Loss: 0.19
2024-12-27 00:01:16,090 INFO Epoch 177 	 Batch 199	LR : 0.00040	Tot. Loss: 0.19
2024-12-27 00:01:37,212 INFO Epoch 177 	 Batch 299	LR : 0.00040	Tot. Loss: 0.19
2024-12-27 00:01:50,920 INFO ################## 
 ---> Validation Epoch 177	Acc.: 79.000	FPR: 70.476	AUROC: 83.434	AUPR: 53.415	AURC: 64.508	EAURC: 40.729	AUPR Succ.: 95.139	ECE: 7.589	NLL: 6.669	Brier: 30.778
2024-12-27 00:01:50,921 INFO ####### --- Training Epoch 178 --- #######
2024-12-27 00:02:12,289 INFO Epoch 178 	 Batch 99	LR : 0.00039	Tot. Loss: 0.19
2024-12-27 00:02:33,403 INFO Epoch 178 	 Batch 199	LR : 0.00039	Tot. Loss: 0.19
2024-12-27 00:02:54,525 INFO Epoch 178 	 Batch 299	LR : 0.00039	Tot. Loss: 0.19
2024-12-27 00:03:08,199 INFO ################## 
 ---> Validation Epoch 178	Acc.: 78.400	FPR: 72.963	AUROC: 83.034	AUPR: 52.478	AURC: 68.036	EAURC: 42.819	AUPR Succ.: 94.866	ECE: 7.868	NLL: 6.830	Brier: 31.730
2024-12-27 00:03:08,200 INFO ####### --- Training Epoch 179 --- #######
2024-12-27 00:03:29,770 INFO Epoch 179 	 Batch 99	LR : 0.00039	Tot. Loss: 0.19
2024-12-27 00:03:50,892 INFO Epoch 179 	 Batch 199	LR : 0.00039	Tot. Loss: 0.19
2024-12-27 00:04:12,010 INFO Epoch 179 	 Batch 299	LR : 0.00039	Tot. Loss: 0.19
2024-12-27 00:04:25,564 INFO ################## 
 ---> Validation Epoch 179	Acc.: 78.960	FPR: 72.243	AUROC: 82.672	AUPR: 51.189	AURC: 66.772	EAURC: 42.898	AUPR Succ.: 94.885	ECE: 7.519	NLL: 6.747	Brier: 31.152
2024-12-27 00:04:25,565 INFO ####### --- Training Epoch 180 --- #######
2024-12-27 00:04:46,939 INFO Epoch 180 	 Batch 99	LR : 0.00038	Tot. Loss: 0.19
2024-12-27 00:05:04,737 INFO Epoch 180 	 Batch 199	LR : 0.00038	Tot. Loss: 0.19
2024-12-27 00:05:19,734 INFO Epoch 180 	 Batch 299	LR : 0.00038	Tot. Loss: 0.19
2024-12-27 00:05:33,336 INFO ################## 
 ---> Validation Epoch 180	Acc.: 79.480	FPR: 71.832	AUROC: 82.887	AUPR: 50.117	AURC: 63.945	EAURC: 41.282	AUPR Succ.: 95.101	ECE: 7.245	NLL: 6.609	Brier: 30.463
2024-12-27 00:05:33,337 INFO Accuracy improved from 79.42 to 79.48!!!
2024-12-27 00:05:33,346 INFO ####### --- Training Epoch 181 --- #######
2024-12-27 00:05:54,765 INFO Epoch 181 	 Batch 99	LR : 0.00038	Tot. Loss: 0.19
2024-12-27 00:06:15,878 INFO Epoch 181 	 Batch 199	LR : 0.00038	Tot. Loss: 0.19
2024-12-27 00:06:37,006 INFO Epoch 181 	 Batch 299	LR : 0.00038	Tot. Loss: 0.19
2024-12-27 00:06:50,430 INFO ################## 
 ---> Validation Epoch 181	Acc.: 78.140	FPR: 69.899	AUROC: 82.972	AUPR: 53.586	AURC: 69.572	EAURC: 43.718	AUPR Succ.: 94.741	ECE: 7.846	NLL: 6.827	Brier: 31.847
2024-12-27 00:06:50,431 INFO ####### --- Training Epoch 182 --- #######
2024-12-27 00:07:11,905 INFO Epoch 182 	 Batch 99	LR : 0.00037	Tot. Loss: 0.19
2024-12-27 00:07:33,011 INFO Epoch 182 	 Batch 199	LR : 0.00037	Tot. Loss: 0.19
2024-12-27 00:07:54,119 INFO Epoch 182 	 Batch 299	LR : 0.00037	Tot. Loss: 0.19
2024-12-27 00:08:07,604 INFO ################## 
 ---> Validation Epoch 182	Acc.: 78.960	FPR: 73.479	AUROC: 82.951	AUPR: 50.405	AURC: 65.871	EAURC: 41.997	AUPR Succ.: 94.993	ECE: 7.414	NLL: 6.732	Brier: 31.097
2024-12-27 00:08:07,606 INFO ####### --- Training Epoch 183 --- #######
2024-12-27 00:08:29,035 INFO Epoch 183 	 Batch 99	LR : 0.00037	Tot. Loss: 0.19
2024-12-27 00:08:50,149 INFO Epoch 183 	 Batch 199	LR : 0.00037	Tot. Loss: 0.19
2024-12-27 00:09:11,261 INFO Epoch 183 	 Batch 299	LR : 0.00037	Tot. Loss: 0.19
2024-12-27 00:09:25,042 INFO ################## 
 ---> Validation Epoch 183	Acc.: 79.140	FPR: 73.154	AUROC: 82.842	AUPR: 51.685	AURC: 65.480	EAURC: 42.030	AUPR Succ.: 94.997	ECE: 7.376	NLL: 6.654	Brier: 30.903
2024-12-27 00:09:25,044 INFO ####### --- Training Epoch 184 --- #######
2024-12-27 00:09:46,519 INFO Epoch 184 	 Batch 99	LR : 0.00036	Tot. Loss: 0.19
2024-12-27 00:10:07,622 INFO Epoch 184 	 Batch 199	LR : 0.00036	Tot. Loss: 0.19
2024-12-27 00:10:28,729 INFO Epoch 184 	 Batch 299	LR : 0.00036	Tot. Loss: 0.19
2024-12-27 00:10:42,256 INFO ################## 
 ---> Validation Epoch 184	Acc.: 78.920	FPR: 72.960	AUROC: 82.560	AUPR: 51.578	AURC: 67.313	EAURC: 43.345	AUPR Succ.: 94.829	ECE: 7.455	NLL: 6.781	Brier: 31.285
2024-12-27 00:10:42,258 INFO ####### --- Training Epoch 185 --- #######
2024-12-27 00:11:03,638 INFO Epoch 185 	 Batch 99	LR : 0.00036	Tot. Loss: 0.19
2024-12-27 00:11:24,730 INFO Epoch 185 	 Batch 199	LR : 0.00036	Tot. Loss: 0.19
2024-12-27 00:11:37,815 INFO Epoch 185 	 Batch 299	LR : 0.00036	Tot. Loss: 0.19
2024-12-27 00:11:51,391 INFO ################## 
 ---> Validation Epoch 185	Acc.: 78.420	FPR: 72.660	AUROC: 82.572	AUPR: 52.502	AURC: 69.248	EAURC: 44.080	AUPR Succ.: 94.720	ECE: 7.806	NLL: 6.894	Brier: 31.918
2024-12-27 00:11:51,392 INFO ####### --- Training Epoch 186 --- #######
2024-12-27 00:12:12,824 INFO Epoch 186 	 Batch 99	LR : 0.00035	Tot. Loss: 0.19
2024-12-27 00:12:33,934 INFO Epoch 186 	 Batch 199	LR : 0.00035	Tot. Loss: 0.19
2024-12-27 00:12:55,034 INFO Epoch 186 	 Batch 299	LR : 0.00035	Tot. Loss: 0.19
2024-12-27 00:13:08,587 INFO ################## 
 ---> Validation Epoch 186	Acc.: 78.420	FPR: 73.865	AUROC: 82.591	AUPR: 52.093	AURC: 69.228	EAURC: 44.060	AUPR Succ.: 94.721	ECE: 7.711	NLL: 6.875	Brier: 31.880
2024-12-27 00:13:08,588 INFO ####### --- Training Epoch 187 --- #######
2024-12-27 00:13:30,058 INFO Epoch 187 	 Batch 99	LR : 0.00035	Tot. Loss: 0.19
2024-12-27 00:13:51,159 INFO Epoch 187 	 Batch 199	LR : 0.00035	Tot. Loss: 0.19
2024-12-27 00:14:12,261 INFO Epoch 187 	 Batch 299	LR : 0.00035	Tot. Loss: 0.19
2024-12-27 03:35:05,438 INFO {
    "attn_type": "kep_svgp",
    "backbone": "mlp",
    "batch_size": 128,
    "beta1": 0.9,
    "beta2": 0.999,
    "concate": true,
    "corruption_dir": "./data",
    "dataset": "cifar10",
    "depth": 7,
    "eta_kl": 1.0,
    "eta_ksvd": 10.0,
    "gpu": "1",
    "hdim": 384,
    "ksvd_layers": 7,
    "low_rank": 10,
    "lr": 0.001,
    "min_lr": 1e-05,
    "model": "diffusion",
    "nb_cls": 10,
    "nb_epochs": 300,
    "nb_run": 1,
    "nb_worker": 4,
    "num_heads": 12,
    "pretrained_dir": "../experiments/CIFAR10_out/vit_out_cat",
    "rank_multi": 10,
    "save_dir": "../experiments/CIFAR10_out/diffusion",
    "seed": 0,
    "stage": 1,
    "subcommand": "Cifar10",
    "test_dir": "../data/CIFAR10/test",
    "train_dir": "../data/CIFAR10/train",
    "val_dir": "../data/CIFAR10/val",
    "wandb_key": "6cf7b84d1bd52c9eb1e5eade43f583a8059231f2",
    "warmup_epoch": 5,
    "weight_decay": 5e-05
}
2024-12-27 03:35:05,593 INFO ####################################################################################################
1 / 1 Running
2024-12-27 03:35:05,602 INFO Using diffusion ...
2024-12-27 03:35:10,635 INFO Using q_distribution ...
2024-12-27 03:35:10,788 INFO ####### --- Training Epoch 0 --- #######
2024-12-27 03:35:25,956 INFO Epoch 0 	 Batch 99	LR : 0.00000	Tot. Loss: 0.76
2024-12-27 03:35:44,926 INFO Epoch 0 	 Batch 199	LR : 0.00000	Tot. Loss: 0.76
2024-12-27 03:36:05,917 INFO Epoch 0 	 Batch 299	LR : 0.00000	Tot. Loss: 0.76
2024-12-27 03:36:19,448 INFO ################## 
 ---> Validation Epoch 0	Acc.: 16.420	FPR: 91.122	AUROC: 62.060	AUPR: 87.798	AURC: 767.596	EAURC: 228.451	AUPR Succ.: 26.299	ECE: 61.522	NLL: 99.081	Brier: 138.276
2024-12-27 03:36:19,448 INFO Accuracy improved from 0.00 to 16.42!!!
2024-12-27 03:36:19,458 INFO AUROC improved from 0.00 to 62.06!!!
2024-12-27 03:36:19,467 INFO AURC decreased from 1000000.00 to 767.60!!!
2024-12-27 03:36:19,518 INFO ####### --- Training Epoch 1 --- #######
2024-12-27 03:36:40,827 INFO Epoch 1 	 Batch 99	LR : 0.00020	Tot. Loss: 0.61
2024-12-27 03:37:01,824 INFO Epoch 1 	 Batch 199	LR : 0.00020	Tot. Loss: 0.46
2024-12-27 03:37:22,832 INFO Epoch 1 	 Batch 299	LR : 0.00020	Tot. Loss: 0.40
2024-12-27 03:37:36,376 INFO ################## 
 ---> Validation Epoch 1	Acc.: 36.860	FPR: 89.769	AUROC: 66.452	AUPR: 74.235	AURC: 483.460	EAURC: 219.939	AUPR Succ.: 57.178	ECE: 29.853	NLL: 27.338	Brier: 88.930
2024-12-27 03:37:36,377 INFO Accuracy improved from 16.42 to 36.86!!!
2024-12-27 03:37:36,386 INFO AUROC improved from 62.06 to 66.45!!!
2024-12-27 03:37:36,393 INFO AURC decreased from 767.60 to 483.46!!!
2024-12-27 03:37:36,400 INFO ####### --- Training Epoch 2 --- #######
2024-12-27 03:37:57,701 INFO Epoch 2 	 Batch 99	LR : 0.00040	Tot. Loss: 0.35
2024-12-27 03:38:18,705 INFO Epoch 2 	 Batch 199	LR : 0.00040	Tot. Loss: 0.32
2024-12-27 03:38:39,716 INFO Epoch 2 	 Batch 299	LR : 0.00040	Tot. Loss: 0.30
2024-12-27 03:38:53,152 INFO ################## 
 ---> Validation Epoch 2	Acc.: 56.080	FPR: 80.738	AUROC: 74.844	AUPR: 66.434	AURC: 243.702	EAURC: 128.864	AUPR Succ.: 80.493	ECE: 18.810	NLL: 15.414	Brier: 61.895
2024-12-27 03:38:53,153 INFO Accuracy improved from 36.86 to 56.08!!!
2024-12-27 03:38:53,161 INFO AUROC improved from 66.45 to 74.84!!!
2024-12-27 03:38:53,169 INFO AURC decreased from 483.46 to 243.70!!!
2024-12-27 03:38:53,177 INFO ####### --- Training Epoch 3 --- #######
2024-12-27 03:39:14,422 INFO Epoch 3 	 Batch 99	LR : 0.00060	Tot. Loss: 0.29
2024-12-27 03:39:35,425 INFO Epoch 3 	 Batch 199	LR : 0.00060	Tot. Loss: 0.27
2024-12-27 03:39:56,426 INFO Epoch 3 	 Batch 299	LR : 0.00060	Tot. Loss: 0.27
2024-12-27 03:40:09,951 INFO ################## 
 ---> Validation Epoch 3	Acc.: 66.180	FPR: 79.007	AUROC: 77.489	AUPR: 59.528	AURC: 156.007	EAURC: 90.993	AUPR Succ.: 87.710	ECE: 13.259	NLL: 11.212	Brier: 48.598
2024-12-27 03:40:09,952 INFO Accuracy improved from 56.08 to 66.18!!!
2024-12-27 03:40:09,961 INFO AUROC improved from 74.84 to 77.49!!!
2024-12-27 03:40:09,968 INFO AURC decreased from 243.70 to 156.01!!!
2024-12-27 03:40:09,976 INFO ####### --- Training Epoch 4 --- #######
2024-12-27 03:40:31,344 INFO Epoch 4 	 Batch 99	LR : 0.00080	Tot. Loss: 0.25
2024-12-27 03:40:52,357 INFO Epoch 4 	 Batch 199	LR : 0.00080	Tot. Loss: 0.25
2024-12-27 03:41:13,360 INFO Epoch 4 	 Batch 299	LR : 0.00080	Tot. Loss: 0.24
2024-12-27 03:41:26,838 INFO ################## 
 ---> Validation Epoch 4	Acc.: 71.320	FPR: 76.848	AUROC: 79.681	AUPR: 57.382	AURC: 114.835	EAURC: 69.092	AUPR Succ.: 91.140	ECE: 11.204	NLL: 9.235	Brier: 41.470
2024-12-27 03:41:26,839 INFO Accuracy improved from 66.18 to 71.32!!!
2024-12-27 03:41:26,847 INFO AUROC improved from 77.49 to 79.68!!!
2024-12-27 03:41:26,855 INFO AURC decreased from 156.01 to 114.84!!!
2024-12-27 03:41:26,863 INFO ####### --- Training Epoch 5 --- #######
2024-12-27 03:41:46,359 INFO Epoch 5 	 Batch 99	LR : 0.00100	Tot. Loss: 0.24
2024-12-27 03:41:59,793 INFO Epoch 5 	 Batch 199	LR : 0.00100	Tot. Loss: 0.23
2024-12-27 03:42:20,790 INFO Epoch 5 	 Batch 299	LR : 0.00100	Tot. Loss: 0.23
2024-12-27 03:42:34,597 INFO ################## 
 ---> Validation Epoch 5	Acc.: 74.500	FPR: 75.686	AUROC: 80.490	AUPR: 53.947	AURC: 94.234	EAURC: 58.541	AUPR Succ.: 92.735	ECE: 10.097	NLL: 8.351	Brier: 37.657
2024-12-27 03:42:34,598 INFO Accuracy improved from 71.32 to 74.50!!!
2024-12-27 03:42:34,608 INFO AUROC improved from 79.68 to 80.49!!!
2024-12-27 03:42:34,617 INFO AURC decreased from 114.84 to 94.23!!!
2024-12-27 03:42:34,626 INFO ####### --- Training Epoch 6 --- #######
2024-12-27 03:42:55,993 INFO Epoch 6 	 Batch 99	LR : 0.00100	Tot. Loss: 0.23
2024-12-27 03:43:16,982 INFO Epoch 6 	 Batch 199	LR : 0.00100	Tot. Loss: 0.22
2024-12-27 03:43:37,960 INFO Epoch 6 	 Batch 299	LR : 0.00100	Tot. Loss: 0.22
2024-12-27 03:43:51,351 INFO ################## 
 ---> Validation Epoch 6	Acc.: 74.260	FPR: 73.349	AUROC: 81.277	AUPR: 55.544	AURC: 93.386	EAURC: 56.983	AUPR Succ.: 92.891	ECE: 10.400	NLL: 8.245	Brier: 37.470
2024-12-27 03:43:51,351 INFO AUROC improved from 80.49 to 81.28!!!
2024-12-27 03:43:51,359 INFO AURC decreased from 94.23 to 93.39!!!
2024-12-27 03:43:51,367 INFO ####### --- Training Epoch 7 --- #######
2024-12-27 03:44:12,661 INFO Epoch 7 	 Batch 99	LR : 0.00100	Tot. Loss: 0.22
2024-12-27 03:44:33,644 INFO Epoch 7 	 Batch 199	LR : 0.00100	Tot. Loss: 0.22
2024-12-27 03:44:54,627 INFO Epoch 7 	 Batch 299	LR : 0.00100	Tot. Loss: 0.22
2024-12-27 03:45:08,218 INFO ################## 
 ---> Validation Epoch 7	Acc.: 75.600	FPR: 74.426	AUROC: 81.843	AUPR: 55.643	AURC: 84.819	EAURC: 52.283	AUPR Succ.: 93.560	ECE: 9.163	NLL: 7.700	Brier: 35.520
2024-12-27 03:45:08,219 INFO Accuracy improved from 74.50 to 75.60!!!
2024-12-27 03:45:08,228 INFO AUROC improved from 81.28 to 81.84!!!
2024-12-27 03:45:08,235 INFO AURC decreased from 93.39 to 84.82!!!
2024-12-27 03:45:08,243 INFO ####### --- Training Epoch 8 --- #######
2024-12-27 03:45:29,489 INFO Epoch 8 	 Batch 99	LR : 0.00100	Tot. Loss: 0.21
2024-12-27 03:45:50,471 INFO Epoch 8 	 Batch 199	LR : 0.00100	Tot. Loss: 0.21
2024-12-27 03:46:11,459 INFO Epoch 8 	 Batch 299	LR : 0.00100	Tot. Loss: 0.21
2024-12-27 03:46:25,021 INFO ################## 
 ---> Validation Epoch 8	Acc.: 76.120	FPR: 72.194	AUROC: 82.593	AUPR: 56.937	AURC: 79.353	EAURC: 48.253	AUPR Succ.: 94.090	ECE: 9.017	NLL: 7.643	Brier: 34.974
2024-12-27 03:46:25,022 INFO Accuracy improved from 75.60 to 76.12!!!
2024-12-27 03:46:25,030 INFO AUROC improved from 81.84 to 82.59!!!
2024-12-27 03:46:25,037 INFO AURC decreased from 84.82 to 79.35!!!
2024-12-27 03:46:25,045 INFO ####### --- Training Epoch 9 --- #######
2024-12-27 03:46:46,326 INFO Epoch 9 	 Batch 99	LR : 0.00100	Tot. Loss: 0.21
2024-12-27 03:47:07,316 INFO Epoch 9 	 Batch 199	LR : 0.00100	Tot. Loss: 0.21
2024-12-27 03:47:28,309 INFO Epoch 9 	 Batch 299	LR : 0.00100	Tot. Loss: 0.21
2024-12-27 03:47:41,912 INFO ################## 
 ---> Validation Epoch 9	Acc.: 74.600	FPR: 73.858	AUROC: 81.581	AUPR: 56.484	AURC: 90.224	EAURC: 54.824	AUPR Succ.: 93.187	ECE: 10.101	NLL: 8.105	Brier: 37.030
2024-12-27 03:47:41,913 INFO ####### --- Training Epoch 10 --- #######
2024-12-27 03:48:03,152 INFO Epoch 10 	 Batch 99	LR : 0.00100	Tot. Loss: 0.21
2024-12-27 03:48:16,691 INFO Epoch 10 	 Batch 199	LR : 0.00100	Tot. Loss: 0.21
2024-12-27 03:48:37,182 INFO Epoch 10 	 Batch 299	LR : 0.00100	Tot. Loss: 0.21
2024-12-27 03:48:50,646 INFO ################## 
 ---> Validation Epoch 10	Acc.: 75.880	FPR: 73.300	AUROC: 81.033	AUPR: 53.501	AURC: 85.815	EAURC: 54.056	AUPR Succ.: 93.374	ECE: 9.046	NLL: 7.761	Brier: 35.729
2024-12-27 03:48:50,647 INFO ####### --- Training Epoch 11 --- #######
2024-12-27 03:49:11,944 INFO Epoch 11 	 Batch 99	LR : 0.00100	Tot. Loss: 0.21
2024-12-27 03:49:32,940 INFO Epoch 11 	 Batch 199	LR : 0.00100	Tot. Loss: 0.21
2024-12-27 03:49:53,942 INFO Epoch 11 	 Batch 299	LR : 0.00100	Tot. Loss: 0.21
2024-12-27 03:50:07,544 INFO ################## 
 ---> Validation Epoch 11	Acc.: 75.020	FPR: 74.860	AUROC: 81.839	AUPR: 55.393	AURC: 87.334	EAURC: 53.153	AUPR Succ.: 93.419	ECE: 9.863	NLL: 7.876	Brier: 36.295
2024-12-27 03:50:07,546 INFO ####### --- Training Epoch 12 --- #######
2024-12-27 03:50:28,814 INFO Epoch 12 	 Batch 99	LR : 0.00100	Tot. Loss: 0.21
2024-12-27 03:50:49,814 INFO Epoch 12 	 Batch 199	LR : 0.00100	Tot. Loss: 0.21
2024-12-27 03:51:10,827 INFO Epoch 12 	 Batch 299	LR : 0.00100	Tot. Loss: 0.21
2024-12-27 03:51:24,304 INFO ################## 
 ---> Validation Epoch 12	Acc.: 73.680	FPR: 71.581	AUROC: 81.375	AUPR: 57.971	AURC: 95.815	EAURC: 57.662	AUPR Succ.: 92.764	ECE: 10.829	NLL: 8.328	Brier: 38.142
2024-12-27 03:51:24,305 INFO ####### --- Training Epoch 13 --- #######
2024-12-27 03:51:45,560 INFO Epoch 13 	 Batch 99	LR : 0.00100	Tot. Loss: 0.21
2024-12-27 03:52:06,562 INFO Epoch 13 	 Batch 199	LR : 0.00100	Tot. Loss: 0.20
2024-12-27 03:52:27,558 INFO Epoch 13 	 Batch 299	LR : 0.00100	Tot. Loss: 0.20
2024-12-27 03:52:41,197 INFO ################## 
 ---> Validation Epoch 13	Acc.: 76.980	FPR: 76.977	AUROC: 81.335	AUPR: 52.425	AURC: 79.477	EAURC: 50.675	AUPR Succ.: 93.855	ECE: 8.116	NLL: 7.460	Brier: 34.268
2024-12-27 03:52:41,197 INFO Accuracy improved from 76.12 to 76.98!!!
2024-12-27 03:52:41,206 INFO ####### --- Training Epoch 14 --- #######
2024-12-27 03:53:02,433 INFO Epoch 14 	 Batch 99	LR : 0.00100	Tot. Loss: 0.20
2024-12-27 03:53:23,419 INFO Epoch 14 	 Batch 199	LR : 0.00100	Tot. Loss: 0.20
2024-12-27 03:53:44,413 INFO Epoch 14 	 Batch 299	LR : 0.00100	Tot. Loss: 0.20
2024-12-27 03:53:58,024 INFO ################## 
 ---> Validation Epoch 14	Acc.: 76.700	FPR: 74.077	AUROC: 82.452	AUPR: 54.198	AURC: 77.200	EAURC: 47.661	AUPR Succ.: 94.196	ECE: 8.726	NLL: 7.358	Brier: 34.025
2024-12-27 03:53:58,024 INFO AURC decreased from 79.35 to 77.20!!!
2024-12-27 03:53:58,034 INFO ####### --- Training Epoch 15 --- #######
2024-12-27 03:54:19,291 INFO Epoch 15 	 Batch 99	LR : 0.00100	Tot. Loss: 0.20
2024-12-27 03:54:37,025 INFO Epoch 15 	 Batch 199	LR : 0.00100	Tot. Loss: 0.20
2024-12-27 03:54:50,984 INFO Epoch 15 	 Batch 299	LR : 0.00100	Tot. Loss: 0.20
2024-12-27 03:55:04,452 INFO ################## 
 ---> Validation Epoch 15	Acc.: 75.980	FPR: 74.521	AUROC: 81.446	AUPR: 54.432	AURC: 84.091	EAURC: 52.608	AUPR Succ.: 93.552	ECE: 9.546	NLL: 7.642	Brier: 35.282
2024-12-27 03:55:04,454 INFO ####### --- Training Epoch 16 --- #######
2024-12-27 03:55:25,710 INFO Epoch 16 	 Batch 99	LR : 0.00100	Tot. Loss: 0.20
2024-12-27 03:55:46,691 INFO Epoch 16 	 Batch 199	LR : 0.00100	Tot. Loss: 0.20
2024-12-27 03:56:07,674 INFO Epoch 16 	 Batch 299	LR : 0.00100	Tot. Loss: 0.20
2024-12-27 03:56:21,126 INFO ################## 
 ---> Validation Epoch 16	Acc.: 76.720	FPR: 74.055	AUROC: 81.602	AUPR: 53.744	AURC: 79.894	EAURC: 50.408	AUPR Succ.: 93.869	ECE: 8.488	NLL: 7.456	Brier: 34.391
2024-12-27 03:56:21,128 INFO ####### --- Training Epoch 17 --- #######
2024-12-27 03:56:42,477 INFO Epoch 17 	 Batch 99	LR : 0.00100	Tot. Loss: 0.20
2024-12-27 03:57:03,469 INFO Epoch 17 	 Batch 199	LR : 0.00100	Tot. Loss: 0.20
2024-12-27 03:57:24,463 INFO Epoch 17 	 Batch 299	LR : 0.00100	Tot. Loss: 0.20
2024-12-27 03:57:37,938 INFO ################## 
 ---> Validation Epoch 17	Acc.: 77.400	FPR: 70.885	AUROC: 83.314	AUPR: 55.969	AURC: 71.730	EAURC: 44.016	AUPR Succ.: 94.667	ECE: 8.190	NLL: 7.129	Brier: 32.874
2024-12-27 03:57:37,938 INFO Accuracy improved from 76.98 to 77.40!!!
2024-12-27 03:57:37,947 INFO AUROC improved from 82.59 to 83.31!!!
2024-12-27 03:57:37,954 INFO AURC decreased from 77.20 to 71.73!!!
2024-12-27 03:57:37,962 INFO ####### --- Training Epoch 18 --- #######
2024-12-27 03:57:59,198 INFO Epoch 18 	 Batch 99	LR : 0.00100	Tot. Loss: 0.20
2024-12-27 03:58:20,192 INFO Epoch 18 	 Batch 199	LR : 0.00100	Tot. Loss: 0.20
2024-12-27 03:58:41,187 INFO Epoch 18 	 Batch 299	LR : 0.00100	Tot. Loss: 0.20
2024-12-27 03:58:54,805 INFO ################## 
 ---> Validation Epoch 18	Acc.: 76.020	FPR: 71.643	AUROC: 81.839	AUPR: 55.393	AURC: 82.642	EAURC: 51.269	AUPR Succ.: 93.714	ECE: 9.458	NLL: 7.673	Brier: 35.312
2024-12-27 03:58:54,806 INFO ####### --- Training Epoch 19 --- #######
2024-12-27 03:59:16,045 INFO Epoch 19 	 Batch 99	LR : 0.00100	Tot. Loss: 0.20
2024-12-27 03:59:37,038 INFO Epoch 19 	 Batch 199	LR : 0.00100	Tot. Loss: 0.20
2024-12-27 03:59:58,028 INFO Epoch 19 	 Batch 299	LR : 0.00100	Tot. Loss: 0.20
2024-12-27 04:00:11,657 INFO ################## 
 ---> Validation Epoch 19	Acc.: 77.520	FPR: 73.754	AUROC: 82.750	AUPR: 53.610	AURC: 72.888	EAURC: 45.480	AUPR Succ.: 94.501	ECE: 8.150	NLL: 7.122	Brier: 32.839
2024-12-27 04:00:11,658 INFO Accuracy improved from 77.40 to 77.52!!!
2024-12-27 04:00:11,667 INFO ####### --- Training Epoch 20 --- #######
2024-12-27 04:00:32,889 INFO Epoch 20 	 Batch 99	LR : 0.00099	Tot. Loss: 0.20
2024-12-27 04:00:53,885 INFO Epoch 20 	 Batch 199	LR : 0.00099	Tot. Loss: 0.20
2024-12-27 04:01:07,440 INFO Epoch 20 	 Batch 299	LR : 0.00099	Tot. Loss: 0.20
2024-12-27 04:01:20,306 INFO ################## 
 ---> Validation Epoch 20	Acc.: 76.400	FPR: 73.475	AUROC: 82.153	AUPR: 53.843	AURC: 79.628	EAURC: 49.287	AUPR Succ.: 93.981	ECE: 8.815	NLL: 7.505	Brier: 34.591
2024-12-27 04:01:20,308 INFO ####### --- Training Epoch 21 --- #######
2024-12-27 04:01:41,601 INFO Epoch 21 	 Batch 99	LR : 0.00099	Tot. Loss: 0.20
2024-12-27 04:02:02,587 INFO Epoch 21 	 Batch 199	LR : 0.00099	Tot. Loss: 0.20
2024-12-27 04:02:23,576 INFO Epoch 21 	 Batch 299	LR : 0.00099	Tot. Loss: 0.20
2024-12-27 04:02:37,056 INFO ################## 
 ---> Validation Epoch 21	Acc.: 77.720	FPR: 74.417	AUROC: 82.640	AUPR: 52.746	AURC: 72.168	EAURC: 45.267	AUPR Succ.: 94.541	ECE: 8.334	NLL: 7.112	Brier: 32.745
2024-12-27 04:02:37,057 INFO Accuracy improved from 77.52 to 77.72!!!
2024-12-27 04:02:37,066 INFO ####### --- Training Epoch 22 --- #######
2024-12-27 04:02:58,282 INFO Epoch 22 	 Batch 99	LR : 0.00099	Tot. Loss: 0.20
2024-12-27 04:03:19,270 INFO Epoch 22 	 Batch 199	LR : 0.00099	Tot. Loss: 0.20
2024-12-27 04:03:40,261 INFO Epoch 22 	 Batch 299	LR : 0.00099	Tot. Loss: 0.20
2024-12-27 04:03:53,871 INFO ################## 
 ---> Validation Epoch 22	Acc.: 77.440	FPR: 69.415	AUROC: 83.642	AUPR: 56.187	AURC: 70.542	EAURC: 42.930	AUPR Succ.: 94.797	ECE: 8.163	NLL: 6.948	Brier: 32.450
2024-12-27 04:03:53,872 INFO AUROC improved from 83.31 to 83.64!!!
2024-12-27 04:03:53,882 INFO AURC decreased from 71.73 to 70.54!!!
2024-12-27 04:03:53,891 INFO ####### --- Training Epoch 23 --- #######
2024-12-27 04:04:15,151 INFO Epoch 23 	 Batch 99	LR : 0.00099	Tot. Loss: 0.20
2024-12-27 04:04:36,148 INFO Epoch 23 	 Batch 199	LR : 0.00099	Tot. Loss: 0.20
2024-12-27 04:04:57,149 INFO Epoch 23 	 Batch 299	LR : 0.00099	Tot. Loss: 0.20
2024-12-27 04:05:10,757 INFO ################## 
 ---> Validation Epoch 23	Acc.: 78.060	FPR: 73.747	AUROC: 82.401	AUPR: 52.510	AURC: 71.686	EAURC: 45.634	AUPR Succ.: 94.510	ECE: 7.893	NLL: 6.984	Brier: 32.207
2024-12-27 04:05:10,757 INFO Accuracy improved from 77.72 to 78.06!!!
2024-12-27 04:05:10,767 INFO ####### --- Training Epoch 24 --- #######
2024-12-27 04:05:32,034 INFO Epoch 24 	 Batch 99	LR : 0.00099	Tot. Loss: 0.20
2024-12-27 04:05:53,037 INFO Epoch 24 	 Batch 199	LR : 0.00099	Tot. Loss: 0.20
2024-12-27 04:06:14,043 INFO Epoch 24 	 Batch 299	LR : 0.00099	Tot. Loss: 0.20
2024-12-27 04:06:27,630 INFO ################## 
 ---> Validation Epoch 24	Acc.: 77.920	FPR: 72.464	AUROC: 82.890	AUPR: 53.844	AURC: 70.493	EAURC: 44.093	AUPR Succ.: 94.691	ECE: 8.233	NLL: 7.037	Brier: 32.449
2024-12-27 04:06:27,631 INFO AURC decreased from 70.54 to 70.49!!!
2024-12-27 04:06:27,640 INFO ####### --- Training Epoch 25 --- #######
2024-12-27 04:06:48,948 INFO Epoch 25 	 Batch 99	LR : 0.00099	Tot. Loss: 0.20
2024-12-27 04:07:09,954 INFO Epoch 25 	 Batch 199	LR : 0.00099	Tot. Loss: 0.20
2024-12-27 04:07:27,678 INFO Epoch 25 	 Batch 299	LR : 0.00099	Tot. Loss: 0.20
2024-12-27 04:07:35,110 INFO ################## 
 ---> Validation Epoch 25	Acc.: 77.560	FPR: 69.251	AUROC: 83.161	AUPR: 55.733	AURC: 71.722	EAURC: 44.416	AUPR Succ.: 94.622	ECE: 8.229	NLL: 7.045	Brier: 32.515
2024-12-27 04:07:35,112 INFO ####### --- Training Epoch 26 --- #######
2024-12-27 04:07:56,412 INFO Epoch 26 	 Batch 99	LR : 0.00099	Tot. Loss: 0.20
2024-12-27 04:08:17,403 INFO Epoch 26 	 Batch 199	LR : 0.00099	Tot. Loss: 0.20
2024-12-27 04:08:38,393 INFO Epoch 26 	 Batch 299	LR : 0.00099	Tot. Loss: 0.20
2024-12-27 04:08:51,876 INFO ################## 
 ---> Validation Epoch 26	Acc.: 76.620	FPR: 72.541	AUROC: 81.736	AUPR: 54.294	AURC: 80.344	EAURC: 50.593	AUPR Succ.: 93.832	ECE: 8.499	NLL: 7.486	Brier: 34.398
2024-12-27 04:08:51,877 INFO ####### --- Training Epoch 27 --- #######
2024-12-27 04:09:13,237 INFO Epoch 27 	 Batch 99	LR : 0.00099	Tot. Loss: 0.20
2024-12-27 04:09:34,222 INFO Epoch 27 	 Batch 199	LR : 0.00099	Tot. Loss: 0.20
2024-12-27 04:09:55,205 INFO Epoch 27 	 Batch 299	LR : 0.00099	Tot. Loss: 0.20
2024-12-27 04:10:08,693 INFO ################## 
 ---> Validation Epoch 27	Acc.: 77.860	FPR: 73.713	AUROC: 82.605	AUPR: 51.990	AURC: 71.572	EAURC: 45.023	AUPR Succ.: 94.579	ECE: 8.025	NLL: 7.034	Brier: 32.627
2024-12-27 04:10:08,694 INFO ####### --- Training Epoch 28 --- #######
2024-12-27 04:10:30,054 INFO Epoch 28 	 Batch 99	LR : 0.00099	Tot. Loss: 0.20
2024-12-27 04:10:51,049 INFO Epoch 28 	 Batch 199	LR : 0.00099	Tot. Loss: 0.20
2024-12-27 04:11:12,038 INFO Epoch 28 	 Batch 299	LR : 0.00099	Tot. Loss: 0.20
2024-12-27 04:11:25,507 INFO ################## 
 ---> Validation Epoch 28	Acc.: 78.500	FPR: 73.581	AUROC: 83.318	AUPR: 52.625	AURC: 66.780	EAURC: 41.806	AUPR Succ.: 94.992	ECE: 7.867	NLL: 6.799	Brier: 31.373
2024-12-27 04:11:25,508 INFO Accuracy improved from 78.06 to 78.50!!!
2024-12-27 04:11:25,516 INFO AURC decreased from 70.49 to 66.78!!!
2024-12-27 04:11:25,524 INFO ####### --- Training Epoch 29 --- #######
2024-12-27 04:11:46,764 INFO Epoch 29 	 Batch 99	LR : 0.00099	Tot. Loss: 0.20
2024-12-27 04:12:07,755 INFO Epoch 29 	 Batch 199	LR : 0.00099	Tot. Loss: 0.20
2024-12-27 04:12:28,730 INFO Epoch 29 	 Batch 299	LR : 0.00099	Tot. Loss: 0.20
2024-12-27 04:12:42,259 INFO ################## 
 ---> Validation Epoch 29	Acc.: 78.040	FPR: 74.590	AUROC: 82.543	AUPR: 53.050	AURC: 71.153	EAURC: 45.052	AUPR Succ.: 94.581	ECE: 7.665	NLL: 7.063	Brier: 32.429
2024-12-27 04:12:42,260 INFO ####### --- Training Epoch 30 --- #######
2024-12-27 04:13:03,410 INFO Epoch 30 	 Batch 99	LR : 0.00098	Tot. Loss: 0.20
2024-12-27 04:13:24,532 INFO Epoch 30 	 Batch 199	LR : 0.00098	Tot. Loss: 0.20
2024-12-27 04:13:45,525 INFO Epoch 30 	 Batch 299	LR : 0.00098	Tot. Loss: 0.20
2024-12-27 04:13:55,124 INFO ################## 
 ---> Validation Epoch 30	Acc.: 77.200	FPR: 74.123	AUROC: 81.944	AUPR: 53.179	AURC: 76.262	EAURC: 48.033	AUPR Succ.: 94.188	ECE: 8.375	NLL: 7.292	Brier: 33.779
2024-12-27 04:13:55,126 INFO ####### --- Training Epoch 31 --- #######
2024-12-27 04:14:06,534 INFO Epoch 31 	 Batch 99	LR : 0.00098	Tot. Loss: 0.20
2024-12-27 04:14:23,250 INFO Epoch 31 	 Batch 199	LR : 0.00098	Tot. Loss: 0.20
2024-12-27 04:14:44,223 INFO Epoch 31 	 Batch 299	LR : 0.00098	Tot. Loss: 0.20
2024-12-27 04:14:57,672 INFO ################## 
 ---> Validation Epoch 31	Acc.: 79.240	FPR: 75.048	AUROC: 82.644	AUPR: 51.034	AURC: 65.354	EAURC: 42.137	AUPR Succ.: 94.995	ECE: 7.261	NLL: 6.770	Brier: 31.028
2024-12-27 04:14:57,673 INFO Accuracy improved from 78.50 to 79.24!!!
2024-12-27 04:14:57,684 INFO AURC decreased from 66.78 to 65.35!!!
2024-12-27 04:14:57,692 INFO ####### --- Training Epoch 32 --- #######
2024-12-27 04:15:18,928 INFO Epoch 32 	 Batch 99	LR : 0.00098	Tot. Loss: 0.20
2024-12-27 04:15:39,919 INFO Epoch 32 	 Batch 199	LR : 0.00098	Tot. Loss: 0.20
2024-12-27 04:16:00,903 INFO Epoch 32 	 Batch 299	LR : 0.00098	Tot. Loss: 0.20
2024-12-27 04:16:14,445 INFO ################## 
 ---> Validation Epoch 32	Acc.: 78.360	FPR: 69.686	AUROC: 83.164	AUPR: 54.270	AURC: 68.188	EAURC: 42.874	AUPR Succ.: 94.851	ECE: 7.444	NLL: 6.884	Brier: 31.641
2024-12-27 04:16:14,447 INFO ####### --- Training Epoch 33 --- #######
2024-12-27 04:16:35,753 INFO Epoch 33 	 Batch 99	LR : 0.00098	Tot. Loss: 0.20
2024-12-27 04:16:56,742 INFO Epoch 33 	 Batch 199	LR : 0.00098	Tot. Loss: 0.20
2024-12-27 04:17:17,743 INFO Epoch 33 	 Batch 299	LR : 0.00098	Tot. Loss: 0.20
2024-12-27 04:17:31,287 INFO ################## 
 ---> Validation Epoch 33	Acc.: 76.720	FPR: 73.797	AUROC: 82.215	AUPR: 52.963	AURC: 77.852	EAURC: 48.366	AUPR Succ.: 94.115	ECE: 9.202	NLL: 7.501	Brier: 34.287
2024-12-27 04:17:31,288 INFO ####### --- Training Epoch 34 --- #######
2024-12-27 04:17:52,652 INFO Epoch 34 	 Batch 99	LR : 0.00098	Tot. Loss: 0.20
2024-12-27 04:18:13,638 INFO Epoch 34 	 Batch 199	LR : 0.00098	Tot. Loss: 0.20
2024-12-27 04:18:34,625 INFO Epoch 34 	 Batch 299	LR : 0.00098	Tot. Loss: 0.20
2024-12-27 04:18:48,321 INFO ################## 
 ---> Validation Epoch 34	Acc.: 78.040	FPR: 72.222	AUROC: 82.690	AUPR: 53.373	AURC: 71.187	EAURC: 45.086	AUPR Succ.: 94.569	ECE: 7.849	NLL: 7.034	Brier: 32.166
2024-12-27 04:18:48,323 INFO ####### --- Training Epoch 35 --- #######
2024-12-27 04:19:09,646 INFO Epoch 35 	 Batch 99	LR : 0.00098	Tot. Loss: 0.20
2024-12-27 04:19:30,630 INFO Epoch 35 	 Batch 199	LR : 0.00098	Tot. Loss: 0.20
2024-12-27 04:19:51,605 INFO Epoch 35 	 Batch 299	LR : 0.00098	Tot. Loss: 0.20
2024-12-27 04:20:05,132 INFO ################## 
 ---> Validation Epoch 35	Acc.: 76.000	FPR: 73.333	AUROC: 82.222	AUPR: 54.466	AURC: 81.299	EAURC: 49.871	AUPR Succ.: 93.885	ECE: 9.635	NLL: 7.732	Brier: 35.167
2024-12-27 04:20:05,133 INFO ####### --- Training Epoch 36 --- #######
2024-12-27 04:20:25,969 INFO Epoch 36 	 Batch 99	LR : 0.00098	Tot. Loss: 0.20
2024-12-27 04:20:37,969 INFO Epoch 36 	 Batch 199	LR : 0.00098	Tot. Loss: 0.20
2024-12-27 04:20:58,964 INFO Epoch 36 	 Batch 299	LR : 0.00098	Tot. Loss: 0.20
2024-12-27 04:21:12,523 INFO ################## 
 ---> Validation Epoch 36	Acc.: 77.340	FPR: 69.638	AUROC: 83.205	AUPR: 56.141	AURC: 72.277	EAURC: 44.409	AUPR Succ.: 94.617	ECE: 8.387	NLL: 7.178	Brier: 33.105
2024-12-27 04:21:12,525 INFO ####### --- Training Epoch 37 --- #######
2024-12-27 04:21:33,802 INFO Epoch 37 	 Batch 99	LR : 0.00097	Tot. Loss: 0.20
2024-12-27 04:21:54,790 INFO Epoch 37 	 Batch 199	LR : 0.00097	Tot. Loss: 0.20
2024-12-27 04:22:15,785 INFO Epoch 37 	 Batch 299	LR : 0.00097	Tot. Loss: 0.20
2024-12-27 04:22:29,273 INFO ################## 
 ---> Validation Epoch 37	Acc.: 78.480	FPR: 73.420	AUROC: 82.841	AUPR: 52.334	AURC: 68.188	EAURC: 43.165	AUPR Succ.: 94.831	ECE: 7.929	NLL: 7.063	Brier: 31.919
2024-12-27 04:22:29,275 INFO ####### --- Training Epoch 38 --- #######
2024-12-27 04:22:50,511 INFO Epoch 38 	 Batch 99	LR : 0.00097	Tot. Loss: 0.20
2024-12-27 04:23:11,499 INFO Epoch 38 	 Batch 199	LR : 0.00097	Tot. Loss: 0.20
2024-12-27 04:23:32,476 INFO Epoch 38 	 Batch 299	LR : 0.00097	Tot. Loss: 0.20
2024-12-27 04:23:45,925 INFO ################## 
 ---> Validation Epoch 38	Acc.: 78.540	FPR: 73.625	AUROC: 83.083	AUPR: 53.544	AURC: 67.476	EAURC: 42.599	AUPR Succ.: 94.897	ECE: 7.094	NLL: 6.791	Brier: 31.447
2024-12-27 04:23:45,927 INFO ####### --- Training Epoch 39 --- #######
2024-12-27 04:24:07,287 INFO Epoch 39 	 Batch 99	LR : 0.00097	Tot. Loss: 0.20
2024-12-27 04:24:28,266 INFO Epoch 39 	 Batch 199	LR : 0.00097	Tot. Loss: 0.20
2024-12-27 04:24:49,308 INFO Epoch 39 	 Batch 299	LR : 0.00097	Tot. Loss: 0.20
2024-12-27 04:25:02,866 INFO ################## 
 ---> Validation Epoch 39	Acc.: 78.200	FPR: 72.844	AUROC: 82.576	AUPR: 51.371	AURC: 70.288	EAURC: 44.583	AUPR Succ.: 94.647	ECE: 7.914	NLL: 7.005	Brier: 32.201
2024-12-27 04:25:02,867 INFO ####### --- Training Epoch 40 --- #######
2024-12-27 04:25:24,131 INFO Epoch 40 	 Batch 99	LR : 0.00097	Tot. Loss: 0.20
2024-12-27 04:25:45,112 INFO Epoch 40 	 Batch 199	LR : 0.00097	Tot. Loss: 0.20
2024-12-27 04:26:06,110 INFO Epoch 40 	 Batch 299	LR : 0.00097	Tot. Loss: 0.20
2024-12-27 04:26:19,577 INFO ################## 
 ---> Validation Epoch 40	Acc.: 78.320	FPR: 73.708	AUROC: 82.804	AUPR: 52.733	AURC: 68.997	EAURC: 43.585	AUPR Succ.: 94.772	ECE: 7.839	NLL: 6.985	Brier: 32.086
2024-12-27 04:26:19,578 INFO ####### --- Training Epoch 41 --- #######
2024-12-27 04:26:40,820 INFO Epoch 41 	 Batch 99	LR : 0.00097	Tot. Loss: 0.20
2024-12-27 04:26:56,874 INFO Epoch 41 	 Batch 199	LR : 0.00097	Tot. Loss: 0.20
2024-12-27 04:27:14,478 INFO Epoch 41 	 Batch 299	LR : 0.00097	Tot. Loss: 0.20
2024-12-27 04:27:28,063 INFO ################## 
 ---> Validation Epoch 41	Acc.: 78.640	FPR: 74.157	AUROC: 82.716	AUPR: 51.386	AURC: 67.940	EAURC: 43.304	AUPR Succ.: 94.823	ECE: 7.516	NLL: 6.831	Brier: 31.528
2024-12-27 04:27:28,064 INFO ####### --- Training Epoch 42 --- #######
2024-12-27 04:27:49,333 INFO Epoch 42 	 Batch 99	LR : 0.00097	Tot. Loss: 0.20
2024-12-27 04:28:10,316 INFO Epoch 42 	 Batch 199	LR : 0.00097	Tot. Loss: 0.20
2024-12-27 04:28:31,295 INFO Epoch 42 	 Batch 299	LR : 0.00097	Tot. Loss: 0.20
2024-12-27 04:28:44,935 INFO ################## 
 ---> Validation Epoch 42	Acc.: 77.240	FPR: 73.111	AUROC: 82.709	AUPR: 55.158	AURC: 74.063	EAURC: 45.938	AUPR Succ.: 94.432	ECE: 8.820	NLL: 7.308	Brier: 33.512
2024-12-27 04:28:44,936 INFO ####### --- Training Epoch 43 --- #######
2024-12-27 04:29:06,282 INFO Epoch 43 	 Batch 99	LR : 0.00096	Tot. Loss: 0.20
2024-12-27 04:29:27,264 INFO Epoch 43 	 Batch 199	LR : 0.00096	Tot. Loss: 0.20
2024-12-27 04:29:48,251 INFO Epoch 43 	 Batch 299	LR : 0.00096	Tot. Loss: 0.20
2024-12-27 04:30:01,721 INFO ################## 
 ---> Validation Epoch 43	Acc.: 77.940	FPR: 73.073	AUROC: 82.636	AUPR: 52.890	AURC: 71.185	EAURC: 44.836	AUPR Succ.: 94.603	ECE: 8.309	NLL: 7.108	Brier: 32.550
2024-12-27 04:30:01,722 INFO ####### --- Training Epoch 44 --- #######
2024-12-27 04:30:22,954 INFO Epoch 44 	 Batch 99	LR : 0.00096	Tot. Loss: 0.20
2024-12-27 04:30:43,937 INFO Epoch 44 	 Batch 199	LR : 0.00096	Tot. Loss: 0.20
2024-12-27 04:31:04,945 INFO Epoch 44 	 Batch 299	LR : 0.00096	Tot. Loss: 0.20
2024-12-27 04:31:18,555 INFO ################## 
 ---> Validation Epoch 44	Acc.: 76.840	FPR: 73.143	AUROC: 81.805	AUPR: 54.172	AURC: 79.113	EAURC: 49.944	AUPR Succ.: 93.922	ECE: 8.701	NLL: 7.320	Brier: 33.810
2024-12-27 04:31:18,556 INFO ####### --- Training Epoch 45 --- #######
2024-12-27 04:31:39,822 INFO Epoch 45 	 Batch 99	LR : 0.00096	Tot. Loss: 0.20
2024-12-27 04:32:00,811 INFO Epoch 45 	 Batch 199	LR : 0.00096	Tot. Loss: 0.20
2024-12-27 04:32:21,800 INFO Epoch 45 	 Batch 299	LR : 0.00096	Tot. Loss: 0.20
2024-12-27 04:32:35,359 INFO ################## 
 ---> Validation Epoch 45	Acc.: 76.740	FPR: 74.721	AUROC: 81.944	AUPR: 53.730	AURC: 78.626	EAURC: 49.192	AUPR Succ.: 94.016	ECE: 8.777	NLL: 7.491	Brier: 34.341
2024-12-27 04:32:35,361 INFO ####### --- Training Epoch 46 --- #######
2024-12-27 04:32:56,679 INFO Epoch 46 	 Batch 99	LR : 0.00096	Tot. Loss: 0.20
2024-12-27 04:33:16,403 INFO Epoch 46 	 Batch 199	LR : 0.00096	Tot. Loss: 0.20
2024-12-27 04:33:29,279 INFO Epoch 46 	 Batch 299	LR : 0.00096	Tot. Loss: 0.20
2024-12-27 04:33:42,701 INFO ################## 
 ---> Validation Epoch 46	Acc.: 78.540	FPR: 70.829	AUROC: 83.478	AUPR: 54.050	AURC: 66.040	EAURC: 41.163	AUPR Succ.: 95.069	ECE: 7.735	NLL: 6.735	Brier: 31.288
2024-12-27 04:33:42,702 INFO ####### --- Training Epoch 47 --- #######
2024-12-27 04:34:03,939 INFO Epoch 47 	 Batch 99	LR : 0.00096	Tot. Loss: 0.20
2024-12-27 04:34:24,911 INFO Epoch 47 	 Batch 199	LR : 0.00096	Tot. Loss: 0.20
2024-12-27 04:34:45,884 INFO Epoch 47 	 Batch 299	LR : 0.00096	Tot. Loss: 0.20
2024-12-27 04:34:59,352 INFO ################## 
 ---> Validation Epoch 47	Acc.: 77.280	FPR: 76.320	AUROC: 81.250	AUPR: 51.326	AURC: 78.090	EAURC: 50.068	AUPR Succ.: 93.951	ECE: 8.439	NLL: 7.405	Brier: 34.092
2024-12-27 04:34:59,354 INFO ####### --- Training Epoch 48 --- #######
2024-12-27 04:35:20,726 INFO Epoch 48 	 Batch 99	LR : 0.00095	Tot. Loss: 0.20
2024-12-27 04:35:41,706 INFO Epoch 48 	 Batch 199	LR : 0.00095	Tot. Loss: 0.20
2024-12-27 04:36:02,680 INFO Epoch 48 	 Batch 299	LR : 0.00095	Tot. Loss: 0.20
2024-12-27 04:36:16,168 INFO ################## 
 ---> Validation Epoch 48	Acc.: 77.300	FPR: 74.537	AUROC: 82.386	AUPR: 53.681	AURC: 74.786	EAURC: 46.815	AUPR Succ.: 94.332	ECE: 8.687	NLL: 7.283	Brier: 33.491
2024-12-27 04:36:16,169 INFO ####### --- Training Epoch 49 --- #######
2024-12-27 04:36:37,408 INFO Epoch 49 	 Batch 99	LR : 0.00095	Tot. Loss: 0.20
2024-12-27 04:36:58,457 INFO Epoch 49 	 Batch 199	LR : 0.00095	Tot. Loss: 0.20
2024-12-27 04:37:19,522 INFO Epoch 49 	 Batch 299	LR : 0.00095	Tot. Loss: 0.20
2024-12-27 04:37:32,965 INFO ################## 
 ---> Validation Epoch 49	Acc.: 77.160	FPR: 72.942	AUROC: 82.348	AUPR: 53.693	AURC: 75.572	EAURC: 47.239	AUPR Succ.: 94.271	ECE: 9.041	NLL: 7.441	Brier: 33.751
2024-12-27 04:37:32,966 INFO ####### --- Training Epoch 50 --- #######
2024-12-27 04:37:54,223 INFO Epoch 50 	 Batch 99	LR : 0.00095	Tot. Loss: 0.20
2024-12-27 04:38:15,192 INFO Epoch 50 	 Batch 199	LR : 0.00095	Tot. Loss: 0.20
2024-12-27 04:38:36,172 INFO Epoch 50 	 Batch 299	LR : 0.00095	Tot. Loss: 0.20
2024-12-27 04:38:49,770 INFO ################## 
 ---> Validation Epoch 50	Acc.: 78.200	FPR: 72.018	AUROC: 82.568	AUPR: 51.687	AURC: 70.321	EAURC: 44.615	AUPR Succ.: 94.643	ECE: 7.746	NLL: 6.916	Brier: 32.014
2024-12-27 04:38:49,771 INFO ####### --- Training Epoch 51 --- #######
2024-12-27 04:39:11,003 INFO Epoch 51 	 Batch 99	LR : 0.00095	Tot. Loss: 0.20
2024-12-27 04:39:31,970 INFO Epoch 51 	 Batch 199	LR : 0.00095	Tot. Loss: 0.20
2024-12-27 04:39:46,997 INFO Epoch 51 	 Batch 299	LR : 0.00095	Tot. Loss: 0.20
2024-12-27 04:39:58,404 INFO ################## 
 ---> Validation Epoch 51	Acc.: 77.920	FPR: 70.833	AUROC: 83.269	AUPR: 53.778	AURC: 69.599	EAURC: 43.200	AUPR Succ.: 94.791	ECE: 8.146	NLL: 6.977	Brier: 32.090
2024-12-27 04:39:58,406 INFO ####### --- Training Epoch 52 --- #######
2024-12-27 04:40:19,627 INFO Epoch 52 	 Batch 99	LR : 0.00094	Tot. Loss: 0.20
2024-12-27 04:40:40,602 INFO Epoch 52 	 Batch 199	LR : 0.00094	Tot. Loss: 0.20
2024-12-27 04:41:01,582 INFO Epoch 52 	 Batch 299	LR : 0.00094	Tot. Loss: 0.20
2024-12-27 04:41:15,038 INFO ################## 
 ---> Validation Epoch 52	Acc.: 77.900	FPR: 75.928	AUROC: 82.604	AUPR: 52.038	AURC: 71.298	EAURC: 44.849	AUPR Succ.: 94.603	ECE: 8.171	NLL: 7.054	Brier: 32.512
2024-12-27 04:41:15,040 INFO ####### --- Training Epoch 53 --- #######
2024-12-27 04:41:36,294 INFO Epoch 53 	 Batch 99	LR : 0.00094	Tot. Loss: 0.20
2024-12-27 04:41:57,277 INFO Epoch 53 	 Batch 199	LR : 0.00094	Tot. Loss: 0.20
2024-12-27 04:42:18,265 INFO Epoch 53 	 Batch 299	LR : 0.00094	Tot. Loss: 0.20
2024-12-27 04:42:31,830 INFO ################## 
 ---> Validation Epoch 53	Acc.: 78.660	FPR: 73.196	AUROC: 82.733	AUPR: 51.605	AURC: 67.558	EAURC: 42.970	AUPR Succ.: 94.866	ECE: 7.685	NLL: 6.957	Brier: 31.717
2024-12-27 04:42:31,831 INFO ####### --- Training Epoch 54 --- #######
2024-12-27 04:42:53,120 INFO Epoch 54 	 Batch 99	LR : 0.00094	Tot. Loss: 0.20
2024-12-27 04:43:14,095 INFO Epoch 54 	 Batch 199	LR : 0.00094	Tot. Loss: 0.20
2024-12-27 04:43:35,063 INFO Epoch 54 	 Batch 299	LR : 0.00094	Tot. Loss: 0.20
2024-12-27 04:43:48,641 INFO ################## 
 ---> Validation Epoch 54	Acc.: 78.660	FPR: 73.852	AUROC: 82.663	AUPR: 51.824	AURC: 67.833	EAURC: 43.245	AUPR Succ.: 94.833	ECE: 7.902	NLL: 6.839	Brier: 31.610
2024-12-27 04:43:48,643 INFO ####### --- Training Epoch 55 --- #######
2024-12-27 04:44:09,941 INFO Epoch 55 	 Batch 99	LR : 0.00094	Tot. Loss: 0.20
2024-12-27 04:44:30,924 INFO Epoch 55 	 Batch 199	LR : 0.00094	Tot. Loss: 0.20
2024-12-27 04:44:51,900 INFO Epoch 55 	 Batch 299	LR : 0.00094	Tot. Loss: 0.20
2024-12-27 04:45:05,487 INFO ################## 
 ---> Validation Epoch 55	Acc.: 78.580	FPR: 78.431	AUROC: 82.011	AUPR: 50.171	AURC: 69.842	EAURC: 45.061	AUPR Succ.: 94.620	ECE: 7.884	NLL: 6.975	Brier: 32.059
2024-12-27 04:45:05,488 INFO ####### --- Training Epoch 56 --- #######
2024-12-27 04:45:26,779 INFO Epoch 56 	 Batch 99	LR : 0.00093	Tot. Loss: 0.20
2024-12-27 04:45:47,753 INFO Epoch 56 	 Batch 199	LR : 0.00093	Tot. Loss: 0.20
2024-12-27 04:46:06,970 INFO Epoch 56 	 Batch 299	LR : 0.00093	Tot. Loss: 0.20
2024-12-27 04:46:13,930 INFO ################## 
 ---> Validation Epoch 56	Acc.: 78.220	FPR: 74.380	AUROC: 81.971	AUPR: 51.766	AURC: 71.977	EAURC: 46.320	AUPR Succ.: 94.443	ECE: 7.742	NLL: 7.029	Brier: 32.364
2024-12-27 04:46:13,931 INFO ####### --- Training Epoch 57 --- #######
2024-12-27 04:46:34,186 INFO Epoch 57 	 Batch 99	LR : 0.00093	Tot. Loss: 0.20
2024-12-27 04:46:55,166 INFO Epoch 57 	 Batch 199	LR : 0.00093	Tot. Loss: 0.20
2024-12-27 04:47:16,136 INFO Epoch 57 	 Batch 299	LR : 0.00093	Tot. Loss: 0.20
2024-12-27 04:47:29,666 INFO ################## 
 ---> Validation Epoch 57	Acc.: 78.140	FPR: 75.114	AUROC: 82.474	AUPR: 52.404	AURC: 70.667	EAURC: 44.814	AUPR Succ.: 94.620	ECE: 7.645	NLL: 7.050	Brier: 32.463
2024-12-27 04:47:29,667 INFO ####### --- Training Epoch 58 --- #######
2024-12-27 04:47:50,914 INFO Epoch 58 	 Batch 99	LR : 0.00093	Tot. Loss: 0.20
2024-12-27 04:48:11,885 INFO Epoch 58 	 Batch 199	LR : 0.00093	Tot. Loss: 0.20
2024-12-27 04:48:32,858 INFO Epoch 58 	 Batch 299	LR : 0.00093	Tot. Loss: 0.20
2024-12-27 04:48:46,276 INFO ################## 
 ---> Validation Epoch 58	Acc.: 77.920	FPR: 73.641	AUROC: 82.639	AUPR: 53.189	AURC: 71.008	EAURC: 44.609	AUPR Succ.: 94.634	ECE: 7.903	NLL: 6.964	Brier: 32.380
2024-12-27 04:48:46,277 INFO ####### --- Training Epoch 59 --- #######
2024-12-27 04:49:07,521 INFO Epoch 59 	 Batch 99	LR : 0.00093	Tot. Loss: 0.20
2024-12-27 04:49:28,493 INFO Epoch 59 	 Batch 199	LR : 0.00093	Tot. Loss: 0.20
2024-12-27 04:49:49,472 INFO Epoch 59 	 Batch 299	LR : 0.00093	Tot. Loss: 0.20
2024-12-27 04:50:02,957 INFO ################## 
 ---> Validation Epoch 59	Acc.: 78.540	FPR: 75.023	AUROC: 82.274	AUPR: 50.621	AURC: 69.436	EAURC: 44.559	AUPR Succ.: 94.672	ECE: 7.607	NLL: 6.858	Brier: 31.876
2024-12-27 04:50:02,958 INFO ####### --- Training Epoch 60 --- #######
2024-12-27 04:50:24,196 INFO Epoch 60 	 Batch 99	LR : 0.00092	Tot. Loss: 0.20
2024-12-27 04:50:45,178 INFO Epoch 60 	 Batch 199	LR : 0.00092	Tot. Loss: 0.20
2024-12-27 04:51:06,155 INFO Epoch 60 	 Batch 299	LR : 0.00092	Tot. Loss: 0.20
2024-12-27 04:51:19,776 INFO ################## 
 ---> Validation Epoch 60	Acc.: 77.260	FPR: 75.638	AUROC: 81.812	AUPR: 51.009	AURC: 76.507	EAURC: 48.433	AUPR Succ.: 94.142	ECE: 8.819	NLL: 7.344	Brier: 33.706
2024-12-27 04:51:19,777 INFO ####### --- Training Epoch 61 --- #######
2024-12-27 04:51:41,028 INFO Epoch 61 	 Batch 99	LR : 0.00092	Tot. Loss: 0.20
2024-12-27 04:52:02,005 INFO Epoch 61 	 Batch 199	LR : 0.00092	Tot. Loss: 0.20
2024-12-27 04:52:22,983 INFO Epoch 61 	 Batch 299	LR : 0.00092	Tot. Loss: 0.20
2024-12-27 04:52:34,088 INFO ################## 
 ---> Validation Epoch 61	Acc.: 78.040	FPR: 75.683	AUROC: 82.553	AUPR: 51.891	AURC: 70.951	EAURC: 44.851	AUPR Succ.: 94.609	ECE: 8.327	NLL: 7.075	Brier: 32.370
2024-12-27 04:52:34,090 INFO ####### --- Training Epoch 62 --- #######
2024-12-27 04:52:49,675 INFO Epoch 62 	 Batch 99	LR : 0.00092	Tot. Loss: 0.20
2024-12-27 04:53:10,640 INFO Epoch 62 	 Batch 199	LR : 0.00092	Tot. Loss: 0.20
2024-12-27 04:53:31,611 INFO Epoch 62 	 Batch 299	LR : 0.00092	Tot. Loss: 0.20
2024-12-27 04:53:45,065 INFO ################## 
 ---> Validation Epoch 62	Acc.: 79.000	FPR: 74.667	AUROC: 82.418	AUPR: 49.709	AURC: 67.104	EAURC: 43.325	AUPR Succ.: 94.841	ECE: 7.429	NLL: 6.769	Brier: 31.337
2024-12-27 04:53:45,066 INFO ####### --- Training Epoch 63 --- #######
2024-12-27 04:54:06,252 INFO Epoch 63 	 Batch 99	LR : 0.00091	Tot. Loss: 0.20
2024-12-27 04:54:27,217 INFO Epoch 63 	 Batch 199	LR : 0.00091	Tot. Loss: 0.20
2024-12-27 04:54:48,173 INFO Epoch 63 	 Batch 299	LR : 0.00091	Tot. Loss: 0.20
2024-12-27 04:55:01,736 INFO ################## 
 ---> Validation Epoch 63	Acc.: 77.800	FPR: 69.279	AUROC: 83.143	AUPR: 54.849	AURC: 70.542	EAURC: 43.842	AUPR Succ.: 94.706	ECE: 8.190	NLL: 6.953	Brier: 32.247
2024-12-27 04:55:01,737 INFO ####### --- Training Epoch 64 --- #######
2024-12-27 04:55:23,036 INFO Epoch 64 	 Batch 99	LR : 0.00091	Tot. Loss: 0.20
2024-12-27 04:55:44,003 INFO Epoch 64 	 Batch 199	LR : 0.00091	Tot. Loss: 0.20
2024-12-27 04:56:04,986 INFO Epoch 64 	 Batch 299	LR : 0.00091	Tot. Loss: 0.20
2024-12-27 04:56:18,639 INFO ################## 
 ---> Validation Epoch 64	Acc.: 77.560	FPR: 73.351	AUROC: 82.520	AUPR: 52.873	AURC: 73.182	EAURC: 45.876	AUPR Succ.: 94.458	ECE: 8.452	NLL: 7.097	Brier: 32.963
2024-12-27 04:56:18,641 INFO ####### --- Training Epoch 65 --- #######
2024-12-27 04:56:39,989 INFO Epoch 65 	 Batch 99	LR : 0.00091	Tot. Loss: 0.20
2024-12-27 04:57:00,956 INFO Epoch 65 	 Batch 199	LR : 0.00091	Tot. Loss: 0.20
2024-12-27 04:57:21,933 INFO Epoch 65 	 Batch 299	LR : 0.00091	Tot. Loss: 0.20
2024-12-27 04:57:35,388 INFO ################## 
 ---> Validation Epoch 65	Acc.: 77.860	FPR: 73.261	AUROC: 82.704	AUPR: 51.993	AURC: 71.540	EAURC: 44.990	AUPR Succ.: 94.577	ECE: 8.341	NLL: 6.951	Brier: 32.273
2024-12-27 04:57:35,390 INFO ####### --- Training Epoch 66 --- #######
2024-12-27 04:57:56,772 INFO Epoch 66 	 Batch 99	LR : 0.00091	Tot. Loss: 0.20
2024-12-27 04:58:17,743 INFO Epoch 66 	 Batch 199	LR : 0.00091	Tot. Loss: 0.20
2024-12-27 04:58:38,706 INFO Epoch 66 	 Batch 299	LR : 0.00091	Tot. Loss: 0.20
2024-12-27 04:58:52,173 INFO ################## 
 ---> Validation Epoch 66	Acc.: 78.660	FPR: 75.539	AUROC: 82.806	AUPR: 51.768	AURC: 67.419	EAURC: 42.831	AUPR Succ.: 94.882	ECE: 7.563	NLL: 6.774	Brier: 31.431
2024-12-27 04:58:52,174 INFO ####### --- Training Epoch 67 --- #######
2024-12-27 04:59:05,061 INFO Epoch 67 	 Batch 99	LR : 0.00090	Tot. Loss: 0.20
2024-12-27 04:59:25,171 INFO Epoch 67 	 Batch 199	LR : 0.00090	Tot. Loss: 0.20
2024-12-27 04:59:46,129 INFO Epoch 67 	 Batch 299	LR : 0.00090	Tot. Loss: 0.20
2024-12-27 04:59:59,679 INFO ################## 
 ---> Validation Epoch 67	Acc.: 78.600	FPR: 74.486	AUROC: 82.740	AUPR: 50.970	AURC: 67.956	EAURC: 43.223	AUPR Succ.: 94.831	ECE: 8.017	NLL: 6.875	Brier: 31.746
2024-12-27 04:59:59,681 INFO ####### --- Training Epoch 68 --- #######
2024-12-27 05:00:20,950 INFO Epoch 68 	 Batch 99	LR : 0.00090	Tot. Loss: 0.20
2024-12-27 05:00:41,927 INFO Epoch 68 	 Batch 199	LR : 0.00090	Tot. Loss: 0.20
2024-12-27 05:01:02,893 INFO Epoch 68 	 Batch 299	LR : 0.00090	Tot. Loss: 0.20
2024-12-27 05:01:16,525 INFO ################## 
 ---> Validation Epoch 68	Acc.: 79.020	FPR: 75.024	AUROC: 82.573	AUPR: 51.078	AURC: 66.653	EAURC: 42.921	AUPR Succ.: 94.887	ECE: 7.214	NLL: 6.763	Brier: 31.079
2024-12-27 05:01:16,527 INFO ####### --- Training Epoch 69 --- #######
2024-12-27 05:01:37,933 INFO Epoch 69 	 Batch 99	LR : 0.00090	Tot. Loss: 0.20
2024-12-27 05:01:58,907 INFO Epoch 69 	 Batch 199	LR : 0.00090	Tot. Loss: 0.20
2024-12-27 05:02:19,890 INFO Epoch 69 	 Batch 299	LR : 0.00090	Tot. Loss: 0.20
2024-12-27 05:02:33,344 INFO ################## 
 ---> Validation Epoch 69	Acc.: 76.720	FPR: 74.055	AUROC: 82.165	AUPR: 53.083	AURC: 77.968	EAURC: 48.482	AUPR Succ.: 94.101	ECE: 8.929	NLL: 7.362	Brier: 34.174
2024-12-27 05:02:33,345 INFO ####### --- Training Epoch 70 --- #######
2024-12-27 05:02:54,609 INFO Epoch 70 	 Batch 99	LR : 0.00089	Tot. Loss: 0.20
2024-12-27 05:03:15,584 INFO Epoch 70 	 Batch 199	LR : 0.00089	Tot. Loss: 0.19
2024-12-27 05:03:36,565 INFO Epoch 70 	 Batch 299	LR : 0.00089	Tot. Loss: 0.20
2024-12-27 05:03:50,185 INFO ################## 
 ---> Validation Epoch 70	Acc.: 78.360	FPR: 71.442	AUROC: 83.159	AUPR: 53.871	AURC: 67.821	EAURC: 42.507	AUPR Succ.: 94.901	ECE: 7.681	NLL: 6.893	Brier: 31.813
2024-12-27 05:03:50,186 INFO ####### --- Training Epoch 71 --- #######
2024-12-27 05:04:11,545 INFO Epoch 71 	 Batch 99	LR : 0.00089	Tot. Loss: 0.20
2024-12-27 05:04:32,518 INFO Epoch 71 	 Batch 199	LR : 0.00089	Tot. Loss: 0.20
2024-12-27 05:04:53,494 INFO Epoch 71 	 Batch 299	LR : 0.00089	Tot. Loss: 0.20
2024-12-27 05:05:06,973 INFO ################## 
 ---> Validation Epoch 71	Acc.: 77.900	FPR: 73.303	AUROC: 82.642	AUPR: 51.909	AURC: 71.406	EAURC: 44.957	AUPR Succ.: 94.586	ECE: 8.054	NLL: 7.006	Brier: 32.369
2024-12-27 05:05:06,974 INFO ####### --- Training Epoch 72 --- #######
2024-12-27 05:05:24,290 INFO Epoch 72 	 Batch 99	LR : 0.00089	Tot. Loss: 0.20
2024-12-27 05:05:41,195 INFO Epoch 72 	 Batch 199	LR : 0.00089	Tot. Loss: 0.20
2024-12-27 05:06:02,166 INFO Epoch 72 	 Batch 299	LR : 0.00089	Tot. Loss: 0.20
2024-12-27 05:06:15,605 INFO ################## 
 ---> Validation Epoch 72	Acc.: 77.620	FPR: 73.816	AUROC: 82.374	AUPR: 53.700	AURC: 73.326	EAURC: 46.173	AUPR Succ.: 94.427	ECE: 8.315	NLL: 7.174	Brier: 32.965
2024-12-27 05:06:15,606 INFO ####### --- Training Epoch 73 --- #######
2024-12-27 05:06:36,798 INFO Epoch 73 	 Batch 99	LR : 0.00088	Tot. Loss: 0.20
2024-12-27 05:06:57,764 INFO Epoch 73 	 Batch 199	LR : 0.00088	Tot. Loss: 0.20
2024-12-27 05:07:18,746 INFO Epoch 73 	 Batch 299	LR : 0.00088	Tot. Loss: 0.20
2024-12-27 05:07:32,147 INFO ################## 
 ---> Validation Epoch 73	Acc.: 76.040	FPR: 74.624	AUROC: 82.002	AUPR: 54.864	AURC: 81.901	EAURC: 50.582	AUPR Succ.: 93.801	ECE: 9.190	NLL: 7.718	Brier: 35.164
2024-12-27 05:07:32,149 INFO ####### --- Training Epoch 74 --- #######
2024-12-27 05:07:53,434 INFO Epoch 74 	 Batch 99	LR : 0.00088	Tot. Loss: 0.20
2024-12-27 05:08:14,399 INFO Epoch 74 	 Batch 199	LR : 0.00088	Tot. Loss: 0.20
2024-12-27 05:08:35,365 INFO Epoch 74 	 Batch 299	LR : 0.00088	Tot. Loss: 0.20
2024-12-27 05:08:48,945 INFO ################## 
 ---> Validation Epoch 74	Acc.: 77.360	FPR: 73.057	AUROC: 82.497	AUPR: 53.930	AURC: 74.091	EAURC: 46.275	AUPR Succ.: 94.401	ECE: 8.603	NLL: 7.122	Brier: 33.125
2024-12-27 05:08:48,946 INFO ####### --- Training Epoch 75 --- #######
2024-12-27 05:09:10,199 INFO Epoch 75 	 Batch 99	LR : 0.00088	Tot. Loss: 0.20
2024-12-27 05:09:31,159 INFO Epoch 75 	 Batch 199	LR : 0.00088	Tot. Loss: 0.20
2024-12-27 05:09:52,127 INFO Epoch 75 	 Batch 299	LR : 0.00088	Tot. Loss: 0.20
2024-12-27 05:10:05,822 INFO ################## 
 ---> Validation Epoch 75	Acc.: 78.180	FPR: 72.502	AUROC: 82.775	AUPR: 52.419	AURC: 69.750	EAURC: 43.995	AUPR Succ.: 94.716	ECE: 7.982	NLL: 6.887	Brier: 31.959
2024-12-27 05:10:05,824 INFO ####### --- Training Epoch 76 --- #######
2024-12-27 05:10:27,121 INFO Epoch 76 	 Batch 99	LR : 0.00087	Tot. Loss: 0.20
2024-12-27 05:10:48,089 INFO Epoch 76 	 Batch 199	LR : 0.00087	Tot. Loss: 0.20
2024-12-27 05:11:09,058 INFO Epoch 76 	 Batch 299	LR : 0.00087	Tot. Loss: 0.20
2024-12-27 05:11:22,514 INFO ################## 
 ---> Validation Epoch 76	Acc.: 78.880	FPR: 74.621	AUROC: 82.419	AUPR: 50.907	AURC: 67.384	EAURC: 43.321	AUPR Succ.: 94.839	ECE: 7.210	NLL: 6.732	Brier: 31.350
2024-12-27 05:11:22,515 INFO ####### --- Training Epoch 77 --- #######
2024-12-27 05:11:43,401 INFO Epoch 77 	 Batch 99	LR : 0.00087	Tot. Loss: 0.20
2024-12-27 05:11:55,260 INFO Epoch 77 	 Batch 199	LR : 0.00087	Tot. Loss: 0.20
2024-12-27 05:12:16,223 INFO Epoch 77 	 Batch 299	LR : 0.00087	Tot. Loss: 0.20
2024-12-27 05:12:29,717 INFO ################## 
 ---> Validation Epoch 77	Acc.: 77.640	FPR: 74.776	AUROC: 82.212	AUPR: 51.028	AURC: 73.395	EAURC: 46.292	AUPR Succ.: 94.422	ECE: 8.796	NLL: 7.173	Brier: 33.124
2024-12-27 05:12:29,719 INFO ####### --- Training Epoch 78 --- #######
2024-12-27 05:12:50,998 INFO Epoch 78 	 Batch 99	LR : 0.00087	Tot. Loss: 0.20
2024-12-27 05:13:11,962 INFO Epoch 78 	 Batch 199	LR : 0.00087	Tot. Loss: 0.20
2024-12-27 05:13:32,955 INFO Epoch 78 	 Batch 299	LR : 0.00087	Tot. Loss: 0.19
2024-12-27 05:13:46,420 INFO ################## 
 ---> Validation Epoch 78	Acc.: 79.160	FPR: 73.800	AUROC: 82.501	AUPR: 49.087	AURC: 65.927	EAURC: 42.523	AUPR Succ.: 94.948	ECE: 7.326	NLL: 6.764	Brier: 31.166
2024-12-27 05:13:46,422 INFO ####### --- Training Epoch 79 --- #######
2024-12-27 05:14:07,628 INFO Epoch 79 	 Batch 99	LR : 0.00086	Tot. Loss: 0.20
2024-12-27 05:14:28,590 INFO Epoch 79 	 Batch 199	LR : 0.00086	Tot. Loss: 0.20
2024-12-27 05:14:49,553 INFO Epoch 79 	 Batch 299	LR : 0.00086	Tot. Loss: 0.20
2024-12-27 05:15:03,162 INFO ################## 
 ---> Validation Epoch 79	Acc.: 77.600	FPR: 75.268	AUROC: 81.775	AUPR: 51.459	AURC: 75.271	EAURC: 48.067	AUPR Succ.: 94.202	ECE: 8.593	NLL: 7.265	Brier: 33.312
2024-12-27 05:15:03,163 INFO ####### --- Training Epoch 80 --- #######
2024-12-27 05:15:24,371 INFO Epoch 80 	 Batch 99	LR : 0.00086	Tot. Loss: 0.20
2024-12-27 05:15:45,319 INFO Epoch 80 	 Batch 199	LR : 0.00086	Tot. Loss: 0.20
2024-12-27 05:16:06,281 INFO Epoch 80 	 Batch 299	LR : 0.00086	Tot. Loss: 0.20
2024-12-27 05:16:19,871 INFO ################## 
 ---> Validation Epoch 80	Acc.: 78.440	FPR: 73.284	AUROC: 82.693	AUPR: 51.331	AURC: 68.734	EAURC: 43.615	AUPR Succ.: 94.777	ECE: 8.302	NLL: 6.964	Brier: 32.005
2024-12-27 05:16:19,872 INFO ####### --- Training Epoch 81 --- #######
2024-12-27 05:16:41,114 INFO Epoch 81 	 Batch 99	LR : 0.00086	Tot. Loss: 0.19
2024-12-27 05:17:02,081 INFO Epoch 81 	 Batch 199	LR : 0.00086	Tot. Loss: 0.20
2024-12-27 05:17:23,032 INFO Epoch 81 	 Batch 299	LR : 0.00086	Tot. Loss: 0.20
2024-12-27 05:17:36,632 INFO ################## 
 ---> Validation Epoch 81	Acc.: 78.500	FPR: 73.209	AUROC: 82.676	AUPR: 51.927	AURC: 68.599	EAURC: 43.625	AUPR Succ.: 94.777	ECE: 7.682	NLL: 6.826	Brier: 31.658
2024-12-27 05:17:36,633 INFO ####### --- Training Epoch 82 --- #######
2024-12-27 05:17:57,873 INFO Epoch 82 	 Batch 99	LR : 0.00085	Tot. Loss: 0.20
2024-12-27 05:18:13,905 INFO Epoch 82 	 Batch 199	LR : 0.00085	Tot. Loss: 0.20
2024-12-27 05:18:31,706 INFO Epoch 82 	 Batch 299	LR : 0.00085	Tot. Loss: 0.19
2024-12-27 05:18:45,194 INFO ################## 
 ---> Validation Epoch 82	Acc.: 78.800	FPR: 74.340	AUROC: 82.765	AUPR: 51.623	AURC: 66.868	EAURC: 42.615	AUPR Succ.: 94.916	ECE: 7.433	NLL: 6.757	Brier: 31.393
2024-12-27 05:18:45,196 INFO ####### --- Training Epoch 83 --- #######
2024-12-27 05:19:06,477 INFO Epoch 83 	 Batch 99	LR : 0.00085	Tot. Loss: 0.20
2024-12-27 05:19:27,447 INFO Epoch 83 	 Batch 199	LR : 0.00085	Tot. Loss: 0.20
2024-12-27 05:19:48,406 INFO Epoch 83 	 Batch 299	LR : 0.00085	Tot. Loss: 0.20
2024-12-27 05:20:01,852 INFO ################## 
 ---> Validation Epoch 83	Acc.: 78.760	FPR: 72.787	AUROC: 82.464	AUPR: 51.506	AURC: 68.354	EAURC: 44.006	AUPR Succ.: 94.743	ECE: 7.481	NLL: 6.833	Brier: 31.486
2024-12-27 05:20:01,853 INFO ####### --- Training Epoch 84 --- #######
2024-12-27 05:20:23,069 INFO Epoch 84 	 Batch 99	LR : 0.00084	Tot. Loss: 0.19
2024-12-27 05:20:44,029 INFO Epoch 84 	 Batch 199	LR : 0.00084	Tot. Loss: 0.20
2024-12-27 05:21:04,980 INFO Epoch 84 	 Batch 299	LR : 0.00084	Tot. Loss: 0.20
2024-12-27 05:21:18,614 INFO ################## 
 ---> Validation Epoch 84	Acc.: 78.580	FPR: 73.763	AUROC: 82.457	AUPR: 50.097	AURC: 68.659	EAURC: 43.878	AUPR Succ.: 94.757	ECE: 7.893	NLL: 6.898	Brier: 31.825
2024-12-27 05:21:18,615 INFO ####### --- Training Epoch 85 --- #######
2024-12-27 05:21:39,810 INFO Epoch 85 	 Batch 99	LR : 0.00084	Tot. Loss: 0.19
2024-12-27 05:22:00,761 INFO Epoch 85 	 Batch 199	LR : 0.00084	Tot. Loss: 0.20
2024-12-27 05:22:21,720 INFO Epoch 85 	 Batch 299	LR : 0.00084	Tot. Loss: 0.20
2024-12-27 05:22:35,234 INFO ################## 
 ---> Validation Epoch 85	Acc.: 77.860	FPR: 72.538	AUROC: 82.692	AUPR: 52.162	AURC: 71.405	EAURC: 44.856	AUPR Succ.: 94.596	ECE: 7.998	NLL: 7.051	Brier: 32.555
2024-12-27 05:22:35,235 INFO ####### --- Training Epoch 86 --- #######
2024-12-27 05:22:56,528 INFO Epoch 86 	 Batch 99	LR : 0.00084	Tot. Loss: 0.20
2024-12-27 05:23:17,494 INFO Epoch 86 	 Batch 199	LR : 0.00084	Tot. Loss: 0.19
2024-12-27 05:23:38,454 INFO Epoch 86 	 Batch 299	LR : 0.00084	Tot. Loss: 0.19
2024-12-27 05:23:52,001 INFO ################## 
 ---> Validation Epoch 86	Acc.: 77.320	FPR: 70.459	AUROC: 82.832	AUPR: 55.776	AURC: 73.577	EAURC: 45.657	AUPR Succ.: 94.465	ECE: 8.450	NLL: 7.069	Brier: 32.912
2024-12-27 05:23:52,002 INFO ####### --- Training Epoch 87 --- #######
2024-12-27 05:24:13,267 INFO Epoch 87 	 Batch 99	LR : 0.00083	Tot. Loss: 0.20
2024-12-27 05:24:32,971 INFO Epoch 87 	 Batch 199	LR : 0.00083	Tot. Loss: 0.19
2024-12-27 05:24:45,845 INFO Epoch 87 	 Batch 299	LR : 0.00083	Tot. Loss: 0.20
2024-12-27 05:24:59,325 INFO ################## 
 ---> Validation Epoch 87	Acc.: 79.060	FPR: 75.836	AUROC: 82.449	AUPR: 50.583	AURC: 66.564	EAURC: 42.926	AUPR Succ.: 94.895	ECE: 7.503	NLL: 6.794	Brier: 31.400
2024-12-27 05:24:59,327 INFO ####### --- Training Epoch 88 --- #######
2024-12-27 05:25:20,579 INFO Epoch 88 	 Batch 99	LR : 0.00083	Tot. Loss: 0.20
2024-12-27 05:25:41,594 INFO Epoch 88 	 Batch 199	LR : 0.00083	Tot. Loss: 0.19
2024-12-27 05:26:02,580 INFO Epoch 88 	 Batch 299	LR : 0.00083	Tot. Loss: 0.20
2024-12-27 05:26:16,116 INFO ################## 
 ---> Validation Epoch 88	Acc.: 79.300	FPR: 72.174	AUROC: 83.152	AUPR: 51.440	AURC: 64.012	EAURC: 40.934	AUPR Succ.: 95.131	ECE: 7.167	NLL: 6.625	Brier: 30.541
2024-12-27 05:26:16,116 INFO Accuracy improved from 79.24 to 79.30!!!
2024-12-27 05:26:16,126 INFO AURC decreased from 65.35 to 64.01!!!
2024-12-27 05:26:16,135 INFO ####### --- Training Epoch 89 --- #######
2024-12-27 05:26:37,391 INFO Epoch 89 	 Batch 99	LR : 0.00082	Tot. Loss: 0.19
2024-12-27 05:26:58,373 INFO Epoch 89 	 Batch 199	LR : 0.00082	Tot. Loss: 0.20
2024-12-27 05:27:19,353 INFO Epoch 89 	 Batch 299	LR : 0.00082	Tot. Loss: 0.19
2024-12-27 05:27:32,832 INFO ################## 
 ---> Validation Epoch 89	Acc.: 79.200	FPR: 73.365	AUROC: 82.587	AUPR: 51.060	AURC: 65.672	EAURC: 42.361	AUPR Succ.: 94.966	ECE: 7.174	NLL: 6.713	Brier: 30.991
2024-12-27 05:27:32,833 INFO ####### --- Training Epoch 90 --- #######
2024-12-27 05:27:54,208 INFO Epoch 90 	 Batch 99	LR : 0.00082	Tot. Loss: 0.19
2024-12-27 05:28:15,194 INFO Epoch 90 	 Batch 199	LR : 0.00082	Tot. Loss: 0.20
2024-12-27 05:28:36,189 INFO Epoch 90 	 Batch 299	LR : 0.00082	Tot. Loss: 0.20
2024-12-27 05:28:49,690 INFO ################## 
 ---> Validation Epoch 90	Acc.: 78.100	FPR: 72.603	AUROC: 82.576	AUPR: 52.740	AURC: 70.737	EAURC: 44.785	AUPR Succ.: 94.617	ECE: 8.091	NLL: 7.070	Brier: 32.430
2024-12-27 05:28:49,692 INFO ####### --- Training Epoch 91 --- #######
2024-12-27 05:29:10,928 INFO Epoch 91 	 Batch 99	LR : 0.00082	Tot. Loss: 0.20
2024-12-27 05:29:31,914 INFO Epoch 91 	 Batch 199	LR : 0.00082	Tot. Loss: 0.20
2024-12-27 05:29:52,899 INFO Epoch 91 	 Batch 299	LR : 0.00082	Tot. Loss: 0.19
2024-12-27 05:30:06,490 INFO ################## 
 ---> Validation Epoch 91	Acc.: 78.380	FPR: 74.006	AUROC: 82.620	AUPR: 51.422	AURC: 69.378	EAURC: 44.113	AUPR Succ.: 94.712	ECE: 7.567	NLL: 6.784	Brier: 31.624
2024-12-27 05:30:06,491 INFO ####### --- Training Epoch 92 --- #######
2024-12-27 05:30:27,760 INFO Epoch 92 	 Batch 99	LR : 0.00081	Tot. Loss: 0.20
2024-12-27 05:30:48,744 INFO Epoch 92 	 Batch 199	LR : 0.00081	Tot. Loss: 0.19
2024-12-27 05:31:03,793 INFO Epoch 92 	 Batch 299	LR : 0.00081	Tot. Loss: 0.19
2024-12-27 05:31:15,130 INFO ################## 
 ---> Validation Epoch 92	Acc.: 78.240	FPR: 68.934	AUROC: 83.314	AUPR: 53.429	AURC: 68.039	EAURC: 42.432	AUPR Succ.: 94.901	ECE: 7.812	NLL: 6.815	Brier: 31.661
2024-12-27 05:31:15,131 INFO ####### --- Training Epoch 93 --- #######
2024-12-27 05:31:36,395 INFO Epoch 93 	 Batch 99	LR : 0.00081	Tot. Loss: 0.19
2024-12-27 05:31:57,350 INFO Epoch 93 	 Batch 199	LR : 0.00081	Tot. Loss: 0.19
2024-12-27 05:32:18,314 INFO Epoch 93 	 Batch 299	LR : 0.00081	Tot. Loss: 0.19
2024-12-27 05:32:31,736 INFO ################## 
 ---> Validation Epoch 93	Acc.: 79.220	FPR: 71.319	AUROC: 83.200	AUPR: 52.153	AURC: 64.332	EAURC: 41.069	AUPR Succ.: 95.111	ECE: 7.156	NLL: 6.628	Brier: 30.575
2024-12-27 05:32:31,738 INFO ####### --- Training Epoch 94 --- #######
2024-12-27 05:32:52,984 INFO Epoch 94 	 Batch 99	LR : 0.00080	Tot. Loss: 0.19
2024-12-27 05:33:13,935 INFO Epoch 94 	 Batch 199	LR : 0.00080	Tot. Loss: 0.19
2024-12-27 05:33:34,892 INFO Epoch 94 	 Batch 299	LR : 0.00080	Tot. Loss: 0.20
2024-12-27 05:33:48,423 INFO ################## 
 ---> Validation Epoch 94	Acc.: 77.560	FPR: 73.440	AUROC: 82.322	AUPR: 52.585	AURC: 73.737	EAURC: 46.432	AUPR Succ.: 94.395	ECE: 8.400	NLL: 7.123	Brier: 33.008
2024-12-27 05:33:48,425 INFO ####### --- Training Epoch 95 --- #######
2024-12-27 05:34:09,704 INFO Epoch 95 	 Batch 99	LR : 0.00080	Tot. Loss: 0.19
2024-12-27 05:34:30,662 INFO Epoch 95 	 Batch 199	LR : 0.00080	Tot. Loss: 0.19
2024-12-27 05:34:51,634 INFO Epoch 95 	 Batch 299	LR : 0.00080	Tot. Loss: 0.20
2024-12-27 05:35:05,183 INFO ################## 
 ---> Validation Epoch 95	Acc.: 77.840	FPR: 73.646	AUROC: 82.837	AUPR: 53.169	AURC: 70.859	EAURC: 44.260	AUPR Succ.: 94.669	ECE: 8.369	NLL: 7.071	Brier: 32.696
2024-12-27 05:35:05,184 INFO ####### --- Training Epoch 96 --- #######
2024-12-27 05:35:26,471 INFO Epoch 96 	 Batch 99	LR : 0.00080	Tot. Loss: 0.19
2024-12-27 05:35:47,432 INFO Epoch 96 	 Batch 199	LR : 0.00080	Tot. Loss: 0.20
2024-12-27 05:36:08,397 INFO Epoch 96 	 Batch 299	LR : 0.00080	Tot. Loss: 0.19
2024-12-27 05:36:21,941 INFO ################## 
 ---> Validation Epoch 96	Acc.: 78.340	FPR: 72.576	AUROC: 82.690	AUPR: 52.561	AURC: 69.209	EAURC: 43.846	AUPR Succ.: 94.743	ECE: 7.697	NLL: 6.902	Brier: 31.943
2024-12-27 05:36:21,943 INFO ####### --- Training Epoch 97 --- #######
2024-12-27 05:36:43,226 INFO Epoch 97 	 Batch 99	LR : 0.00079	Tot. Loss: 0.19
2024-12-27 05:37:04,189 INFO Epoch 97 	 Batch 199	LR : 0.00079	Tot. Loss: 0.20
2024-12-27 05:37:23,397 INFO Epoch 97 	 Batch 299	LR : 0.00079	Tot. Loss: 0.19
2024-12-27 05:37:30,382 INFO ################## 
 ---> Validation Epoch 97	Acc.: 78.380	FPR: 73.821	AUROC: 82.740	AUPR: 51.629	AURC: 68.884	EAURC: 43.619	AUPR Succ.: 94.772	ECE: 8.147	NLL: 6.894	Brier: 31.830
2024-12-27 05:37:30,385 INFO ####### --- Training Epoch 98 --- #######
2024-12-27 05:37:50,574 INFO Epoch 98 	 Batch 99	LR : 0.00079	Tot. Loss: 0.19
2024-12-27 05:38:11,597 INFO Epoch 98 	 Batch 199	LR : 0.00079	Tot. Loss: 0.19
2024-12-27 05:38:32,618 INFO Epoch 98 	 Batch 299	LR : 0.00079	Tot. Loss: 0.19
2024-12-27 05:38:46,105 INFO ################## 
 ---> Validation Epoch 98	Acc.: 78.700	FPR: 72.864	AUROC: 83.265	AUPR: 53.140	AURC: 66.117	EAURC: 41.625	AUPR Succ.: 95.022	ECE: 7.620	NLL: 6.777	Brier: 31.284
2024-12-27 05:38:46,106 INFO ####### --- Training Epoch 99 --- #######
2024-12-27 05:39:07,408 INFO Epoch 99 	 Batch 99	LR : 0.00078	Tot. Loss: 0.20
2024-12-27 05:39:28,425 INFO Epoch 99 	 Batch 199	LR : 0.00078	Tot. Loss: 0.19
2024-12-27 05:39:49,452 INFO Epoch 99 	 Batch 299	LR : 0.00078	Tot. Loss: 0.19
2024-12-27 05:40:03,142 INFO ################## 
 ---> Validation Epoch 99	Acc.: 78.440	FPR: 76.809	AUROC: 82.195	AUPR: 50.128	AURC: 69.946	EAURC: 44.826	AUPR Succ.: 94.640	ECE: 8.120	NLL: 7.035	Brier: 32.317
2024-12-27 05:40:03,143 INFO ####### --- Training Epoch 100 --- #######
2024-12-27 05:40:24,522 INFO Epoch 100 	 Batch 99	LR : 0.00078	Tot. Loss: 0.19
2024-12-27 05:40:45,549 INFO Epoch 100 	 Batch 199	LR : 0.00078	Tot. Loss: 0.19
2024-12-27 05:41:06,578 INFO Epoch 100 	 Batch 299	LR : 0.00078	Tot. Loss: 0.19
2024-12-27 05:41:20,034 INFO ################## 
 ---> Validation Epoch 100	Acc.: 78.660	FPR: 76.101	AUROC: 82.548	AUPR: 50.912	AURC: 68.149	EAURC: 43.561	AUPR Succ.: 94.796	ECE: 7.595	NLL: 6.865	Brier: 31.700
2024-12-27 05:41:20,035 INFO ####### --- Training Epoch 101 --- #######
2024-12-27 05:41:41,362 INFO Epoch 101 	 Batch 99	LR : 0.00077	Tot. Loss: 0.19
2024-12-27 05:42:02,385 INFO Epoch 101 	 Batch 199	LR : 0.00077	Tot. Loss: 0.19
2024-12-27 05:42:23,416 INFO Epoch 101 	 Batch 299	LR : 0.00077	Tot. Loss: 0.19
2024-12-27 05:42:36,997 INFO ################## 
 ---> Validation Epoch 101	Acc.: 78.320	FPR: 75.923	AUROC: 82.287	AUPR: 51.419	AURC: 70.525	EAURC: 45.114	AUPR Succ.: 94.592	ECE: 7.583	NLL: 6.899	Brier: 32.061
2024-12-27 05:42:36,998 INFO ####### --- Training Epoch 102 --- #######
2024-12-27 05:42:58,350 INFO Epoch 102 	 Batch 99	LR : 0.00077	Tot. Loss: 0.19
2024-12-27 05:43:19,389 INFO Epoch 102 	 Batch 199	LR : 0.00077	Tot. Loss: 0.19
2024-12-27 05:43:40,430 INFO Epoch 102 	 Batch 299	LR : 0.00077	Tot. Loss: 0.19
2024-12-27 05:43:51,589 INFO ################## 
 ---> Validation Epoch 102	Acc.: 78.160	FPR: 74.817	AUROC: 82.544	AUPR: 51.641	AURC: 70.167	EAURC: 44.363	AUPR Succ.: 94.677	ECE: 7.868	NLL: 6.942	Brier: 32.298
2024-12-27 05:43:51,590 INFO ####### --- Training Epoch 103 --- #######
2024-12-27 05:44:07,355 INFO Epoch 103 	 Batch 99	LR : 0.00077	Tot. Loss: 0.19
2024-12-27 05:44:28,344 INFO Epoch 103 	 Batch 199	LR : 0.00077	Tot. Loss: 0.19
2024-12-27 05:44:49,337 INFO Epoch 103 	 Batch 299	LR : 0.00077	Tot. Loss: 0.20
2024-12-27 05:45:02,896 INFO ################## 
 ---> Validation Epoch 103	Acc.: 78.320	FPR: 71.679	AUROC: 82.758	AUPR: 53.470	AURC: 69.238	EAURC: 43.826	AUPR Succ.: 94.742	ECE: 8.237	NLL: 6.939	Brier: 31.948
2024-12-27 05:45:02,897 INFO ####### --- Training Epoch 104 --- #######
2024-12-27 05:45:24,185 INFO Epoch 104 	 Batch 99	LR : 0.00076	Tot. Loss: 0.19
2024-12-27 05:45:45,180 INFO Epoch 104 	 Batch 199	LR : 0.00076	Tot. Loss: 0.19
2024-12-27 05:46:06,181 INFO Epoch 104 	 Batch 299	LR : 0.00076	Tot. Loss: 0.19
2024-12-27 05:46:19,624 INFO ################## 
 ---> Validation Epoch 104	Acc.: 77.960	FPR: 75.681	AUROC: 82.410	AUPR: 52.761	AURC: 71.605	EAURC: 45.306	AUPR Succ.: 94.552	ECE: 8.083	NLL: 7.040	Brier: 32.545
2024-12-27 05:46:19,625 INFO ####### --- Training Epoch 105 --- #######
2024-12-27 05:46:40,902 INFO Epoch 105 	 Batch 99	LR : 0.00076	Tot. Loss: 0.19
2024-12-27 05:47:01,898 INFO Epoch 105 	 Batch 199	LR : 0.00076	Tot. Loss: 0.19
2024-12-27 05:47:22,910 INFO Epoch 105 	 Batch 299	LR : 0.00076	Tot. Loss: 0.19
2024-12-27 05:47:36,393 INFO ################## 
 ---> Validation Epoch 105	Acc.: 78.280	FPR: 71.547	AUROC: 83.070	AUPR: 53.411	AURC: 68.330	EAURC: 42.821	AUPR Succ.: 94.861	ECE: 7.979	NLL: 6.921	Brier: 31.861
2024-12-27 05:47:36,395 INFO ####### --- Training Epoch 106 --- #######
2024-12-27 05:47:57,670 INFO Epoch 106 	 Batch 99	LR : 0.00075	Tot. Loss: 0.19
2024-12-27 05:48:18,667 INFO Epoch 106 	 Batch 199	LR : 0.00075	Tot. Loss: 0.19
2024-12-27 05:48:39,665 INFO Epoch 106 	 Batch 299	LR : 0.00075	Tot. Loss: 0.19
2024-12-27 05:48:53,262 INFO ################## 
 ---> Validation Epoch 106	Acc.: 79.140	FPR: 70.278	AUROC: 82.808	AUPR: 53.351	AURC: 65.843	EAURC: 42.393	AUPR Succ.: 94.949	ECE: 6.984	NLL: 6.668	Brier: 30.850
2024-12-27 05:48:53,263 INFO ####### --- Training Epoch 107 --- #######
2024-12-27 05:49:14,539 INFO Epoch 107 	 Batch 99	LR : 0.00075	Tot. Loss: 0.19
2024-12-27 05:49:35,539 INFO Epoch 107 	 Batch 199	LR : 0.00075	Tot. Loss: 0.19
2024-12-27 05:49:56,562 INFO Epoch 107 	 Batch 299	LR : 0.00075	Tot. Loss: 0.19
2024-12-27 05:50:10,197 INFO ################## 
 ---> Validation Epoch 107	Acc.: 78.540	FPR: 73.905	AUROC: 82.588	AUPR: 51.307	AURC: 68.488	EAURC: 43.611	AUPR Succ.: 94.785	ECE: 7.984	NLL: 6.913	Brier: 31.928
2024-12-27 05:50:10,198 INFO ####### --- Training Epoch 108 --- #######
2024-12-27 05:50:23,137 INFO Epoch 108 	 Batch 99	LR : 0.00074	Tot. Loss: 0.19
2024-12-27 05:50:42,947 INFO Epoch 108 	 Batch 199	LR : 0.00074	Tot. Loss: 0.19
2024-12-27 05:51:03,962 INFO Epoch 108 	 Batch 299	LR : 0.00074	Tot. Loss: 0.19
2024-12-27 05:51:17,419 INFO ################## 
 ---> Validation Epoch 108	Acc.: 77.680	FPR: 74.104	AUROC: 81.954	AUPR: 53.111	AURC: 74.327	EAURC: 47.325	AUPR Succ.: 94.295	ECE: 8.220	NLL: 7.119	Brier: 33.062
2024-12-27 05:51:17,421 INFO ####### --- Training Epoch 109 --- #######
2024-12-27 05:51:38,725 INFO Epoch 109 	 Batch 99	LR : 0.00074	Tot. Loss: 0.19
2024-12-27 05:51:59,754 INFO Epoch 109 	 Batch 199	LR : 0.00074	Tot. Loss: 0.19
2024-12-27 05:52:20,779 INFO Epoch 109 	 Batch 299	LR : 0.00074	Tot. Loss: 0.19
2024-12-27 05:52:34,408 INFO ################## 
 ---> Validation Epoch 109	Acc.: 78.400	FPR: 75.648	AUROC: 82.649	AUPR: 50.535	AURC: 68.711	EAURC: 43.494	AUPR Succ.: 94.797	ECE: 7.678	NLL: 6.873	Brier: 31.962
2024-12-27 05:52:34,409 INFO ####### --- Training Epoch 110 --- #######
2024-12-27 05:52:55,704 INFO Epoch 110 	 Batch 99	LR : 0.00073	Tot. Loss: 0.19
2024-12-27 05:53:16,729 INFO Epoch 110 	 Batch 199	LR : 0.00073	Tot. Loss: 0.19
2024-12-27 05:53:37,761 INFO Epoch 110 	 Batch 299	LR : 0.00073	Tot. Loss: 0.19
2024-12-27 05:53:51,373 INFO ################## 
 ---> Validation Epoch 110	Acc.: 77.720	FPR: 74.417	AUROC: 82.210	AUPR: 53.363	AURC: 73.370	EAURC: 46.469	AUPR Succ.: 94.398	ECE: 8.536	NLL: 7.123	Brier: 32.935
2024-12-27 05:53:51,374 INFO ####### --- Training Epoch 111 --- #######
2024-12-27 05:54:12,672 INFO Epoch 111 	 Batch 99	LR : 0.00073	Tot. Loss: 0.19
2024-12-27 05:54:33,685 INFO Epoch 111 	 Batch 199	LR : 0.00073	Tot. Loss: 0.19
2024-12-27 05:54:54,703 INFO Epoch 111 	 Batch 299	LR : 0.00073	Tot. Loss: 0.19
2024-12-27 05:55:08,314 INFO ################## 
 ---> Validation Epoch 111	Acc.: 79.120	FPR: 71.648	AUROC: 82.897	AUPR: 51.776	AURC: 65.274	EAURC: 41.777	AUPR Succ.: 95.027	ECE: 7.223	NLL: 6.720	Brier: 30.913
2024-12-27 05:55:08,315 INFO ####### --- Training Epoch 112 --- #######
2024-12-27 05:55:29,613 INFO Epoch 112 	 Batch 99	LR : 0.00073	Tot. Loss: 0.19
2024-12-27 05:55:50,646 INFO Epoch 112 	 Batch 199	LR : 0.00073	Tot. Loss: 0.19
2024-12-27 05:56:11,663 INFO Epoch 112 	 Batch 299	LR : 0.00073	Tot. Loss: 0.19
2024-12-27 05:56:25,279 INFO ################## 
 ---> Validation Epoch 112	Acc.: 77.580	FPR: 75.468	AUROC: 82.253	AUPR: 51.927	AURC: 73.572	EAURC: 46.317	AUPR Succ.: 94.414	ECE: 8.291	NLL: 7.124	Brier: 33.085
2024-12-27 05:56:25,280 INFO ####### --- Training Epoch 113 --- #######
2024-12-27 05:56:43,147 INFO Epoch 113 	 Batch 99	LR : 0.00072	Tot. Loss: 0.19
2024-12-27 05:56:59,447 INFO Epoch 113 	 Batch 199	LR : 0.00072	Tot. Loss: 0.19
2024-12-27 05:57:20,453 INFO Epoch 113 	 Batch 299	LR : 0.00072	Tot. Loss: 0.19
2024-12-27 05:57:33,943 INFO ################## 
 ---> Validation Epoch 113	Acc.: 78.300	FPR: 73.917	AUROC: 82.804	AUPR: 52.861	AURC: 69.126	EAURC: 43.666	AUPR Succ.: 94.761	ECE: 8.036	NLL: 6.875	Brier: 31.958
2024-12-27 05:57:33,944 INFO ####### --- Training Epoch 114 --- #######
2024-12-27 05:57:55,295 INFO Epoch 114 	 Batch 99	LR : 0.00072	Tot. Loss: 0.19
2024-12-27 05:58:16,298 INFO Epoch 114 	 Batch 199	LR : 0.00072	Tot. Loss: 0.19
2024-12-27 05:58:37,291 INFO Epoch 114 	 Batch 299	LR : 0.00072	Tot. Loss: 0.19
2024-12-27 05:58:50,755 INFO ################## 
 ---> Validation Epoch 114	Acc.: 78.320	FPR: 74.262	AUROC: 82.619	AUPR: 52.423	AURC: 69.394	EAURC: 43.983	AUPR Succ.: 94.729	ECE: 7.856	NLL: 6.939	Brier: 32.087
2024-12-27 05:58:50,757 INFO ####### --- Training Epoch 115 --- #######
2024-12-27 05:59:12,008 INFO Epoch 115 	 Batch 99	LR : 0.00071	Tot. Loss: 0.19
2024-12-27 05:59:32,996 INFO Epoch 115 	 Batch 199	LR : 0.00071	Tot. Loss: 0.19
2024-12-27 05:59:53,996 INFO Epoch 115 	 Batch 299	LR : 0.00071	Tot. Loss: 0.19
2024-12-27 06:00:07,590 INFO ################## 
 ---> Validation Epoch 115	Acc.: 78.280	FPR: 75.046	AUROC: 82.595	AUPR: 52.295	AURC: 69.800	EAURC: 44.290	AUPR Succ.: 94.687	ECE: 8.124	NLL: 6.954	Brier: 32.031
2024-12-27 06:00:07,591 INFO ####### --- Training Epoch 116 --- #######
2024-12-27 06:00:28,861 INFO Epoch 116 	 Batch 99	LR : 0.00071	Tot. Loss: 0.19
2024-12-27 06:00:49,854 INFO Epoch 116 	 Batch 199	LR : 0.00071	Tot. Loss: 0.19
2024-12-27 06:01:10,859 INFO Epoch 116 	 Batch 299	LR : 0.00071	Tot. Loss: 0.19
2024-12-27 06:01:24,483 INFO ################## 
 ---> Validation Epoch 116	Acc.: 78.280	FPR: 76.335	AUROC: 81.916	AUPR: 50.274	AURC: 71.413	EAURC: 45.903	AUPR Succ.: 94.505	ECE: 8.047	NLL: 7.024	Brier: 32.543
2024-12-27 06:01:24,485 INFO ####### --- Training Epoch 117 --- #######
2024-12-27 06:01:45,748 INFO Epoch 117 	 Batch 99	LR : 0.00070	Tot. Loss: 0.19
2024-12-27 06:02:06,756 INFO Epoch 117 	 Batch 199	LR : 0.00070	Tot. Loss: 0.19
2024-12-27 06:02:27,752 INFO Epoch 117 	 Batch 299	LR : 0.00070	Tot. Loss: 0.19
2024-12-27 06:02:41,375 INFO ################## 
 ---> Validation Epoch 117	Acc.: 78.480	FPR: 74.164	AUROC: 82.466	AUPR: 52.041	AURC: 69.058	EAURC: 44.036	AUPR Succ.: 94.732	ECE: 7.592	NLL: 6.937	Brier: 32.068
2024-12-27 06:02:41,376 INFO ####### --- Training Epoch 118 --- #######
2024-12-27 06:03:02,642 INFO Epoch 118 	 Batch 99	LR : 0.00070	Tot. Loss: 0.19
2024-12-27 06:03:14,487 INFO Epoch 118 	 Batch 199	LR : 0.00070	Tot. Loss: 0.19
2024-12-27 06:03:35,603 INFO Epoch 118 	 Batch 299	LR : 0.00070	Tot. Loss: 0.19
2024-12-27 06:03:49,086 INFO ################## 
 ---> Validation Epoch 118	Acc.: 78.340	FPR: 74.238	AUROC: 82.719	AUPR: 51.346	AURC: 68.955	EAURC: 43.592	AUPR Succ.: 94.777	ECE: 8.035	NLL: 6.905	Brier: 32.059
2024-12-27 06:03:49,088 INFO ####### --- Training Epoch 119 --- #######
2024-12-27 06:04:10,347 INFO Epoch 119 	 Batch 99	LR : 0.00069	Tot. Loss: 0.19
2024-12-27 06:04:31,355 INFO Epoch 119 	 Batch 199	LR : 0.00069	Tot. Loss: 0.19
2024-12-27 06:04:52,366 INFO Epoch 119 	 Batch 299	LR : 0.00069	Tot. Loss: 0.19
2024-12-27 06:05:06,015 INFO ################## 
 ---> Validation Epoch 119	Acc.: 78.500	FPR: 73.860	AUROC: 83.177	AUPR: 52.969	AURC: 67.118	EAURC: 42.144	AUPR Succ.: 94.951	ECE: 7.736	NLL: 6.760	Brier: 31.481
2024-12-27 06:05:06,016 INFO ####### --- Training Epoch 120 --- #######
2024-12-27 06:05:27,280 INFO Epoch 120 	 Batch 99	LR : 0.00069	Tot. Loss: 0.19
2024-12-27 06:05:48,289 INFO Epoch 120 	 Batch 199	LR : 0.00069	Tot. Loss: 0.19
2024-12-27 06:06:09,305 INFO Epoch 120 	 Batch 299	LR : 0.00069	Tot. Loss: 0.19
2024-12-27 06:06:22,957 INFO ################## 
 ---> Validation Epoch 120	Acc.: 79.380	FPR: 71.678	AUROC: 83.041	AUPR: 51.154	AURC: 63.979	EAURC: 41.086	AUPR Succ.: 95.118	ECE: 7.055	NLL: 6.634	Brier: 30.540
2024-12-27 06:06:22,957 INFO Accuracy improved from 79.30 to 79.38!!!
2024-12-27 06:06:22,967 INFO AURC decreased from 64.01 to 63.98!!!
2024-12-27 06:06:22,975 INFO ####### --- Training Epoch 121 --- #######
2024-12-27 06:06:44,350 INFO Epoch 121 	 Batch 99	LR : 0.00068	Tot. Loss: 0.19
2024-12-27 06:07:05,362 INFO Epoch 121 	 Batch 199	LR : 0.00068	Tot. Loss: 0.19
2024-12-27 06:07:26,364 INFO Epoch 121 	 Batch 299	LR : 0.00068	Tot. Loss: 0.19
2024-12-27 06:07:39,841 INFO ################## 
 ---> Validation Epoch 121	Acc.: 77.160	FPR: 72.329	AUROC: 83.115	AUPR: 55.976	AURC: 73.205	EAURC: 44.873	AUPR Succ.: 94.553	ECE: 8.730	NLL: 7.172	Brier: 33.218
2024-12-27 06:07:39,842 INFO ####### --- Training Epoch 122 --- #######
2024-12-27 06:08:01,282 INFO Epoch 122 	 Batch 99	LR : 0.00068	Tot. Loss: 0.19
2024-12-27 06:08:22,288 INFO Epoch 122 	 Batch 199	LR : 0.00068	Tot. Loss: 0.19
2024-12-27 06:08:43,298 INFO Epoch 122 	 Batch 299	LR : 0.00068	Tot. Loss: 0.19
2024-12-27 06:08:56,774 INFO ################## 
 ---> Validation Epoch 122	Acc.: 78.220	FPR: 74.013	AUROC: 82.465	AUPR: 52.672	AURC: 70.362	EAURC: 44.705	AUPR Succ.: 94.637	ECE: 7.995	NLL: 6.977	Brier: 32.314
2024-12-27 06:08:56,776 INFO ####### --- Training Epoch 123 --- #######
2024-12-27 06:09:18,075 INFO Epoch 123 	 Batch 99	LR : 0.00067	Tot. Loss: 0.19
2024-12-27 06:09:34,140 INFO Epoch 123 	 Batch 199	LR : 0.00067	Tot. Loss: 0.19
2024-12-27 06:09:51,966 INFO Epoch 123 	 Batch 299	LR : 0.00067	Tot. Loss: 0.19
2024-12-27 06:10:05,514 INFO ################## 
 ---> Validation Epoch 123	Acc.: 77.800	FPR: 72.703	AUROC: 82.868	AUPR: 54.989	AURC: 71.342	EAURC: 44.642	AUPR Succ.: 94.614	ECE: 8.317	NLL: 7.042	Brier: 32.519
2024-12-27 06:10:05,516 INFO ####### --- Training Epoch 124 --- #######
2024-12-27 06:10:26,799 INFO Epoch 124 	 Batch 99	LR : 0.00067	Tot. Loss: 0.19
2024-12-27 06:10:47,803 INFO Epoch 124 	 Batch 199	LR : 0.00067	Tot. Loss: 0.19
2024-12-27 06:11:08,804 INFO Epoch 124 	 Batch 299	LR : 0.00067	Tot. Loss: 0.19
2024-12-27 06:11:22,300 INFO ################## 
 ---> Validation Epoch 124	Acc.: 77.860	FPR: 73.622	AUROC: 82.743	AUPR: 53.688	AURC: 71.470	EAURC: 44.921	AUPR Succ.: 94.584	ECE: 8.177	NLL: 6.979	Brier: 32.352
2024-12-27 06:11:22,301 INFO ####### --- Training Epoch 125 --- #######
2024-12-27 06:11:43,700 INFO Epoch 125 	 Batch 99	LR : 0.00066	Tot. Loss: 0.19
2024-12-27 06:12:04,701 INFO Epoch 125 	 Batch 199	LR : 0.00066	Tot. Loss: 0.19
2024-12-27 06:12:25,701 INFO Epoch 125 	 Batch 299	LR : 0.00066	Tot. Loss: 0.19
2024-12-27 06:12:39,207 INFO ################## 
 ---> Validation Epoch 125	Acc.: 77.860	FPR: 76.332	AUROC: 81.744	AUPR: 50.877	AURC: 74.068	EAURC: 47.518	AUPR Succ.: 94.285	ECE: 8.297	NLL: 7.141	Brier: 32.903
2024-12-27 06:12:39,209 INFO ####### --- Training Epoch 126 --- #######
2024-12-27 06:13:00,468 INFO Epoch 126 	 Batch 99	LR : 0.00066	Tot. Loss: 0.19
2024-12-27 06:13:21,481 INFO Epoch 126 	 Batch 199	LR : 0.00066	Tot. Loss: 0.19
2024-12-27 06:13:42,492 INFO Epoch 126 	 Batch 299	LR : 0.00066	Tot. Loss: 0.19
2024-12-27 06:13:56,130 INFO ################## 
 ---> Validation Epoch 126	Acc.: 78.440	FPR: 73.469	AUROC: 82.388	AUPR: 51.247	AURC: 69.319	EAURC: 44.200	AUPR Succ.: 94.713	ECE: 7.815	NLL: 6.928	Brier: 32.165
2024-12-27 06:13:56,131 INFO ####### --- Training Epoch 127 --- #######
2024-12-27 06:14:17,464 INFO Epoch 127 	 Batch 99	LR : 0.00065	Tot. Loss: 0.19
2024-12-27 06:14:38,477 INFO Epoch 127 	 Batch 199	LR : 0.00065	Tot. Loss: 0.19
2024-12-27 06:14:59,473 INFO Epoch 127 	 Batch 299	LR : 0.00065	Tot. Loss: 0.19
2024-12-27 06:15:13,106 INFO ################## 
 ---> Validation Epoch 127	Acc.: 78.420	FPR: 71.826	AUROC: 82.898	AUPR: 53.073	AURC: 68.429	EAURC: 43.261	AUPR Succ.: 94.813	ECE: 8.042	NLL: 6.868	Brier: 31.777
2024-12-27 06:15:13,108 INFO ####### --- Training Epoch 128 --- #######
2024-12-27 06:15:34,359 INFO Epoch 128 	 Batch 99	LR : 0.00065	Tot. Loss: 0.19
2024-12-27 06:15:54,094 INFO Epoch 128 	 Batch 199	LR : 0.00065	Tot. Loss: 0.19
2024-12-27 06:16:07,169 INFO Epoch 128 	 Batch 299	LR : 0.00065	Tot. Loss: 0.19
2024-12-27 06:16:20,738 INFO ################## 
 ---> Validation Epoch 128	Acc.: 78.800	FPR: 70.943	AUROC: 82.911	AUPR: 53.098	AURC: 66.934	EAURC: 42.681	AUPR Succ.: 94.898	ECE: 7.527	NLL: 6.864	Brier: 31.340
2024-12-27 06:16:20,740 INFO ####### --- Training Epoch 129 --- #######
2024-12-27 06:16:42,040 INFO Epoch 129 	 Batch 99	LR : 0.00064	Tot. Loss: 0.19
2024-12-27 06:17:03,025 INFO Epoch 129 	 Batch 199	LR : 0.00064	Tot. Loss: 0.19
2024-12-27 06:17:24,025 INFO Epoch 129 	 Batch 299	LR : 0.00064	Tot. Loss: 0.19
2024-12-27 06:17:37,586 INFO ################## 
 ---> Validation Epoch 129	Acc.: 78.940	FPR: 75.499	AUROC: 82.772	AUPR: 51.210	AURC: 66.624	EAURC: 42.703	AUPR Succ.: 94.907	ECE: 7.499	NLL: 6.758	Brier: 31.194
2024-12-27 06:17:37,588 INFO ####### --- Training Epoch 130 --- #######
2024-12-27 06:17:58,919 INFO Epoch 130 	 Batch 99	LR : 0.00064	Tot. Loss: 0.19
2024-12-27 06:18:19,911 INFO Epoch 130 	 Batch 199	LR : 0.00064	Tot. Loss: 0.19
2024-12-27 06:18:40,915 INFO Epoch 130 	 Batch 299	LR : 0.00064	Tot. Loss: 0.19
2024-12-27 06:18:54,417 INFO ################## 
 ---> Validation Epoch 130	Acc.: 77.720	FPR: 74.776	AUROC: 82.770	AUPR: 53.381	AURC: 71.533	EAURC: 44.632	AUPR Succ.: 94.620	ECE: 8.431	NLL: 7.092	Brier: 32.794
2024-12-27 06:18:54,419 INFO ####### --- Training Epoch 131 --- #######
2024-12-27 06:19:15,663 INFO Epoch 131 	 Batch 99	LR : 0.00063	Tot. Loss: 0.19
2024-12-27 06:19:36,653 INFO Epoch 131 	 Batch 199	LR : 0.00063	Tot. Loss: 0.19
2024-12-27 06:19:57,654 INFO Epoch 131 	 Batch 299	LR : 0.00063	Tot. Loss: 0.19
2024-12-27 06:20:11,233 INFO ################## 
 ---> Validation Epoch 131	Acc.: 79.380	FPR: 73.521	AUROC: 82.605	AUPR: 50.646	AURC: 64.926	EAURC: 42.033	AUPR Succ.: 95.012	ECE: 7.166	NLL: 6.670	Brier: 30.746
2024-12-27 06:20:11,235 INFO ####### --- Training Epoch 132 --- #######
2024-12-27 06:20:32,513 INFO Epoch 132 	 Batch 99	LR : 0.00063	Tot. Loss: 0.19
2024-12-27 06:20:53,512 INFO Epoch 132 	 Batch 199	LR : 0.00063	Tot. Loss: 0.19
2024-12-27 06:21:14,501 INFO Epoch 132 	 Batch 299	LR : 0.00063	Tot. Loss: 0.19
2024-12-27 06:21:27,915 INFO ################## 
 ---> Validation Epoch 132	Acc.: 77.900	FPR: 73.846	AUROC: 82.720	AUPR: 52.451	AURC: 70.902	EAURC: 44.453	AUPR Succ.: 94.651	ECE: 8.647	NLL: 7.045	Brier: 32.628
2024-12-27 06:21:27,917 INFO ####### --- Training Epoch 133 --- #######
2024-12-27 06:21:49,214 INFO Epoch 133 	 Batch 99	LR : 0.00062	Tot. Loss: 0.19
2024-12-27 06:22:10,218 INFO Epoch 133 	 Batch 199	LR : 0.00062	Tot. Loss: 0.19
2024-12-27 06:22:25,094 INFO Epoch 133 	 Batch 299	LR : 0.00062	Tot. Loss: 0.19
2024-12-27 06:22:36,589 INFO ################## 
 ---> Validation Epoch 133	Acc.: 78.720	FPR: 72.932	AUROC: 82.682	AUPR: 52.817	AURC: 67.662	EAURC: 43.217	AUPR Succ.: 94.836	ECE: 7.670	NLL: 6.831	Brier: 31.463
2024-12-27 06:22:36,590 INFO ####### --- Training Epoch 134 --- #######
2024-12-27 06:22:57,908 INFO Epoch 134 	 Batch 99	LR : 0.00062	Tot. Loss: 0.19
2024-12-27 06:23:18,905 INFO Epoch 134 	 Batch 199	LR : 0.00062	Tot. Loss: 0.19
2024-12-27 06:23:39,904 INFO Epoch 134 	 Batch 299	LR : 0.00062	Tot. Loss: 0.19
2024-12-27 06:23:53,367 INFO ################## 
 ---> Validation Epoch 134	Acc.: 78.360	FPR: 73.845	AUROC: 82.935	AUPR: 52.867	AURC: 68.440	EAURC: 43.126	AUPR Succ.: 94.828	ECE: 7.862	NLL: 6.858	Brier: 31.800
2024-12-27 06:23:53,368 INFO ####### --- Training Epoch 135 --- #######
2024-12-27 06:24:14,619 INFO Epoch 135 	 Batch 99	LR : 0.00061	Tot. Loss: 0.19
2024-12-27 06:24:35,612 INFO Epoch 135 	 Batch 199	LR : 0.00061	Tot. Loss: 0.19
2024-12-27 06:24:56,609 INFO Epoch 135 	 Batch 299	LR : 0.00061	Tot. Loss: 0.19
2024-12-27 06:25:10,044 INFO ################## 
 ---> Validation Epoch 135	Acc.: 77.340	FPR: 75.110	AUROC: 82.161	AUPR: 52.898	AURC: 75.427	EAURC: 47.559	AUPR Succ.: 94.244	ECE: 8.767	NLL: 7.212	Brier: 33.366
2024-12-27 06:25:10,045 INFO ####### --- Training Epoch 136 --- #######
2024-12-27 06:25:31,366 INFO Epoch 136 	 Batch 99	LR : 0.00061	Tot. Loss: 0.19
2024-12-27 06:25:52,359 INFO Epoch 136 	 Batch 199	LR : 0.00061	Tot. Loss: 0.19
2024-12-27 06:26:13,387 INFO Epoch 136 	 Batch 299	LR : 0.00061	Tot. Loss: 0.19
2024-12-27 06:26:26,913 INFO ################## 
 ---> Validation Epoch 136	Acc.: 79.420	FPR: 71.040	AUROC: 83.212	AUPR: 50.912	AURC: 63.097	EAURC: 40.297	AUPR Succ.: 95.217	ECE: 7.282	NLL: 6.615	Brier: 30.531
2024-12-27 06:26:26,913 INFO Accuracy improved from 79.38 to 79.42!!!
2024-12-27 06:26:26,923 INFO AURC decreased from 63.98 to 63.10!!!
2024-12-27 06:26:26,931 INFO ####### --- Training Epoch 137 --- #######
2024-12-27 06:26:48,267 INFO Epoch 137 	 Batch 99	LR : 0.00060	Tot. Loss: 0.19
2024-12-27 06:27:09,268 INFO Epoch 137 	 Batch 199	LR : 0.00060	Tot. Loss: 0.19
2024-12-27 06:27:30,267 INFO Epoch 137 	 Batch 299	LR : 0.00060	Tot. Loss: 0.19
2024-12-27 06:27:43,889 INFO ################## 
 ---> Validation Epoch 137	Acc.: 78.080	FPR: 74.088	AUROC: 82.371	AUPR: 51.706	AURC: 71.054	EAURC: 45.052	AUPR Succ.: 94.592	ECE: 8.016	NLL: 7.035	Brier: 32.616
2024-12-27 06:27:43,891 INFO ####### --- Training Epoch 138 --- #######
2024-12-27 06:28:05,157 INFO Epoch 138 	 Batch 99	LR : 0.00060	Tot. Loss: 0.19
2024-12-27 06:28:26,152 INFO Epoch 138 	 Batch 199	LR : 0.00060	Tot. Loss: 0.19
2024-12-27 06:28:45,396 INFO Epoch 138 	 Batch 299	LR : 0.00060	Tot. Loss: 0.19
2024-12-27 06:28:52,313 INFO ################## 
 ---> Validation Epoch 138	Acc.: 78.460	FPR: 74.373	AUROC: 81.841	AUPR: 50.050	AURC: 71.169	EAURC: 46.099	AUPR Succ.: 94.486	ECE: 8.046	NLL: 7.002	Brier: 32.222
2024-12-27 06:28:52,315 INFO ####### --- Training Epoch 139 --- #######
2024-12-27 06:29:12,759 INFO Epoch 139 	 Batch 99	LR : 0.00059	Tot. Loss: 0.19
2024-12-27 06:29:33,737 INFO Epoch 139 	 Batch 199	LR : 0.00059	Tot. Loss: 0.19
2024-12-27 06:29:54,721 INFO Epoch 139 	 Batch 299	LR : 0.00059	Tot. Loss: 0.19
2024-12-27 06:30:08,313 INFO ################## 
 ---> Validation Epoch 139	Acc.: 78.900	FPR: 72.986	AUROC: 82.525	AUPR: 51.589	AURC: 67.306	EAURC: 43.290	AUPR Succ.: 94.838	ECE: 7.464	NLL: 6.775	Brier: 31.328
2024-12-27 06:30:08,316 INFO ####### --- Training Epoch 140 --- #######
2024-12-27 06:30:29,586 INFO Epoch 140 	 Batch 99	LR : 0.00059	Tot. Loss: 0.19
2024-12-27 06:30:50,579 INFO Epoch 140 	 Batch 199	LR : 0.00059	Tot. Loss: 0.19
2024-12-27 06:31:11,568 INFO Epoch 140 	 Batch 299	LR : 0.00059	Tot. Loss: 0.19
2024-12-27 06:31:25,201 INFO ################## 
 ---> Validation Epoch 140	Acc.: 78.440	FPR: 73.006	AUROC: 82.938	AUPR: 52.867	AURC: 67.931	EAURC: 42.812	AUPR Succ.: 94.873	ECE: 8.079	NLL: 6.838	Brier: 31.812
2024-12-27 06:31:25,203 INFO ####### --- Training Epoch 141 --- #######
2024-12-27 06:31:46,459 INFO Epoch 141 	 Batch 99	LR : 0.00058	Tot. Loss: 0.19
2024-12-27 06:32:07,453 INFO Epoch 141 	 Batch 199	LR : 0.00058	Tot. Loss: 0.19
2024-12-27 06:32:28,453 INFO Epoch 141 	 Batch 299	LR : 0.00058	Tot. Loss: 0.19
2024-12-27 06:32:42,022 INFO ################## 
 ---> Validation Epoch 141	Acc.: 78.040	FPR: 73.315	AUROC: 82.629	AUPR: 53.207	AURC: 70.804	EAURC: 44.703	AUPR Succ.: 94.623	ECE: 8.005	NLL: 7.051	Brier: 32.455
2024-12-27 06:32:42,023 INFO ####### --- Training Epoch 142 --- #######
2024-12-27 06:33:03,316 INFO Epoch 142 	 Batch 99	LR : 0.00058	Tot. Loss: 0.19
2024-12-27 06:33:24,313 INFO Epoch 142 	 Batch 199	LR : 0.00058	Tot. Loss: 0.19
2024-12-27 06:33:45,310 INFO Epoch 142 	 Batch 299	LR : 0.00058	Tot. Loss: 0.19
2024-12-27 06:33:58,927 INFO ################## 
 ---> Validation Epoch 142	Acc.: 77.240	FPR: 69.244	AUROC: 82.714	AUPR: 55.373	AURC: 74.392	EAURC: 46.267	AUPR Succ.: 94.386	ECE: 8.704	NLL: 7.203	Brier: 33.155
2024-12-27 06:33:58,929 INFO ####### --- Training Epoch 143 --- #######
2024-12-27 06:34:20,174 INFO Epoch 143 	 Batch 99	LR : 0.00057	Tot. Loss: 0.19
2024-12-27 06:34:41,154 INFO Epoch 143 	 Batch 199	LR : 0.00057	Tot. Loss: 0.19
2024-12-27 06:35:02,147 INFO Epoch 143 	 Batch 299	LR : 0.00057	Tot. Loss: 0.19
2024-12-27 06:35:12,741 INFO ################## 
 ---> Validation Epoch 143	Acc.: 79.120	FPR: 71.073	AUROC: 82.992	AUPR: 52.114	AURC: 65.254	EAURC: 41.757	AUPR Succ.: 95.025	ECE: 7.189	NLL: 6.711	Brier: 30.907
2024-12-27 06:35:12,743 INFO ####### --- Training Epoch 144 --- #######
2024-12-27 06:35:29,010 INFO Epoch 144 	 Batch 99	LR : 0.00057	Tot. Loss: 0.19
2024-12-27 06:35:50,007 INFO Epoch 144 	 Batch 199	LR : 0.00057	Tot. Loss: 0.19
2024-12-27 06:36:11,002 INFO Epoch 144 	 Batch 299	LR : 0.00057	Tot. Loss: 0.19
2024-12-27 06:36:24,533 INFO ################## 
 ---> Validation Epoch 144	Acc.: 78.800	FPR: 74.151	AUROC: 82.968	AUPR: 51.444	AURC: 66.179	EAURC: 41.926	AUPR Succ.: 94.999	ECE: 8.051	NLL: 6.769	Brier: 31.420
2024-12-27 06:36:24,535 INFO ####### --- Training Epoch 145 --- #######
2024-12-27 06:36:45,824 INFO Epoch 145 	 Batch 99	LR : 0.00056	Tot. Loss: 0.19
2024-12-27 06:37:06,818 INFO Epoch 145 	 Batch 199	LR : 0.00056	Tot. Loss: 0.19
2024-12-27 06:37:27,814 INFO Epoch 145 	 Batch 299	LR : 0.00056	Tot. Loss: 0.19
2024-12-27 06:37:41,234 INFO ################## 
 ---> Validation Epoch 145	Acc.: 78.480	FPR: 73.327	AUROC: 83.406	AUPR: 53.782	AURC: 66.679	EAURC: 41.657	AUPR Succ.: 95.006	ECE: 7.830	NLL: 6.768	Brier: 31.448
2024-12-27 06:37:41,235 INFO ####### --- Training Epoch 146 --- #######
2024-12-27 06:38:02,514 INFO Epoch 146 	 Batch 99	LR : 0.00056	Tot. Loss: 0.19
2024-12-27 06:38:23,530 INFO Epoch 146 	 Batch 199	LR : 0.00056	Tot. Loss: 0.19
2024-12-27 06:38:44,526 INFO Epoch 146 	 Batch 299	LR : 0.00056	Tot. Loss: 0.19
2024-12-27 06:38:57,989 INFO ################## 
 ---> Validation Epoch 146	Acc.: 78.560	FPR: 73.601	AUROC: 82.481	AUPR: 51.879	AURC: 68.908	EAURC: 44.079	AUPR Succ.: 94.728	ECE: 7.599	NLL: 6.814	Brier: 31.760
2024-12-27 06:38:57,991 INFO ####### --- Training Epoch 147 --- #######
2024-12-27 06:39:19,265 INFO Epoch 147 	 Batch 99	LR : 0.00055	Tot. Loss: 0.19
2024-12-27 06:39:40,261 INFO Epoch 147 	 Batch 199	LR : 0.00055	Tot. Loss: 0.19
2024-12-27 06:40:01,256 INFO Epoch 147 	 Batch 299	LR : 0.00055	Tot. Loss: 0.19
2024-12-27 06:40:14,909 INFO ################## 
 ---> Validation Epoch 147	Acc.: 78.600	FPR: 76.636	AUROC: 82.355	AUPR: 50.760	AURC: 68.915	EAURC: 44.183	AUPR Succ.: 94.721	ECE: 7.629	NLL: 6.880	Brier: 31.860
2024-12-27 06:40:14,911 INFO ####### --- Training Epoch 148 --- #######
2024-12-27 06:40:36,170 INFO Epoch 148 	 Batch 99	LR : 0.00055	Tot. Loss: 0.19
2024-12-27 06:40:57,174 INFO Epoch 148 	 Batch 199	LR : 0.00055	Tot. Loss: 0.19
2024-12-27 06:41:18,177 INFO Epoch 148 	 Batch 299	LR : 0.00055	Tot. Loss: 0.19
2024-12-27 06:41:31,788 INFO ################## 
 ---> Validation Epoch 148	Acc.: 78.960	FPR: 73.384	AUROC: 82.940	AUPR: 51.823	AURC: 65.801	EAURC: 41.927	AUPR Succ.: 95.002	ECE: 7.448	NLL: 6.738	Brier: 31.187
2024-12-27 06:41:31,789 INFO ####### --- Training Epoch 149 --- #######
2024-12-27 06:41:44,206 INFO Epoch 149 	 Batch 99	LR : 0.00054	Tot. Loss: 0.19
2024-12-27 06:42:04,621 INFO Epoch 149 	 Batch 199	LR : 0.00054	Tot. Loss: 0.19
2024-12-27 06:42:25,554 INFO Epoch 149 	 Batch 299	LR : 0.00054	Tot. Loss: 0.19
2024-12-27 06:42:38,983 INFO ################## 
 ---> Validation Epoch 149	Acc.: 78.720	FPR: 71.523	AUROC: 83.091	AUPR: 53.485	AURC: 66.657	EAURC: 42.213	AUPR Succ.: 94.951	ECE: 7.527	NLL: 6.690	Brier: 31.138
2024-12-27 06:42:38,985 INFO ####### --- Training Epoch 150 --- #######
2024-12-27 06:43:00,148 INFO Epoch 150 	 Batch 99	LR : 0.00054	Tot. Loss: 0.19
2024-12-27 06:43:21,080 INFO Epoch 150 	 Batch 199	LR : 0.00054	Tot. Loss: 0.19
2024-12-27 06:43:42,010 INFO Epoch 150 	 Batch 299	LR : 0.00054	Tot. Loss: 0.19
2024-12-27 06:43:55,457 INFO ################## 
 ---> Validation Epoch 150	Acc.: 78.620	FPR: 70.346	AUROC: 82.875	AUPR: 52.948	AURC: 67.727	EAURC: 43.043	AUPR Succ.: 94.848	ECE: 7.557	NLL: 6.832	Brier: 31.507
2024-12-27 06:43:55,459 INFO ####### --- Training Epoch 151 --- #######
2024-12-27 06:44:16,742 INFO Epoch 151 	 Batch 99	LR : 0.00053	Tot. Loss: 0.19
2024-12-27 06:44:37,756 INFO Epoch 151 	 Batch 199	LR : 0.00053	Tot. Loss: 0.19
2024-12-27 06:44:58,688 INFO Epoch 151 	 Batch 299	LR : 0.00053	Tot. Loss: 0.19
2024-12-27 06:45:12,101 INFO ################## 
 ---> Validation Epoch 151	Acc.: 79.180	FPR: 70.701	AUROC: 83.174	AUPR: 53.482	AURC: 64.612	EAURC: 41.254	AUPR Succ.: 95.085	ECE: 7.178	NLL: 6.636	Brier: 30.595
2024-12-27 06:45:12,103 INFO ####### --- Training Epoch 152 --- #######
2024-12-27 06:45:33,324 INFO Epoch 152 	 Batch 99	LR : 0.00053	Tot. Loss: 0.19
2024-12-27 06:45:54,259 INFO Epoch 152 	 Batch 199	LR : 0.00053	Tot. Loss: 0.19
2024-12-27 06:46:15,200 INFO Epoch 152 	 Batch 299	LR : 0.00053	Tot. Loss: 0.19
2024-12-27 06:46:28,734 INFO ################## 
 ---> Validation Epoch 152	Acc.: 78.760	FPR: 73.070	AUROC: 82.990	AUPR: 53.143	AURC: 66.700	EAURC: 42.352	AUPR Succ.: 94.938	ECE: 7.439	NLL: 6.753	Brier: 31.235
2024-12-27 06:46:28,735 INFO ####### --- Training Epoch 153 --- #######
2024-12-27 06:46:49,970 INFO Epoch 153 	 Batch 99	LR : 0.00052	Tot. Loss: 0.19
2024-12-27 06:47:10,901 INFO Epoch 153 	 Batch 199	LR : 0.00052	Tot. Loss: 0.19
2024-12-27 06:47:31,832 INFO Epoch 153 	 Batch 299	LR : 0.00052	Tot. Loss: 0.19
2024-12-27 06:47:45,349 INFO ################## 
 ---> Validation Epoch 153	Acc.: 78.140	FPR: 75.480	AUROC: 81.907	AUPR: 50.744	AURC: 72.380	EAURC: 46.526	AUPR Succ.: 94.418	ECE: 8.308	NLL: 7.080	Brier: 32.583
2024-12-27 06:47:45,350 INFO ####### --- Training Epoch 154 --- #######
2024-12-27 06:48:02,684 INFO Epoch 154 	 Batch 99	LR : 0.00052	Tot. Loss: 0.19
2024-12-27 06:48:19,629 INFO Epoch 154 	 Batch 199	LR : 0.00052	Tot. Loss: 0.19
2024-12-27 06:48:40,623 INFO Epoch 154 	 Batch 299	LR : 0.00052	Tot. Loss: 0.19
2024-12-27 06:48:54,336 INFO ################## 
 ---> Validation Epoch 154	Acc.: 79.000	FPR: 72.762	AUROC: 82.685	AUPR: 51.325	AURC: 66.516	EAURC: 42.736	AUPR Succ.: 94.907	ECE: 7.340	NLL: 6.689	Brier: 31.060
2024-12-27 06:48:54,337 INFO ####### --- Training Epoch 155 --- #######
2024-12-27 06:49:15,617 INFO Epoch 155 	 Batch 99	LR : 0.00051	Tot. Loss: 0.19
2024-12-27 06:49:36,607 INFO Epoch 155 	 Batch 199	LR : 0.00051	Tot. Loss: 0.19
2024-12-27 06:49:57,599 INFO Epoch 155 	 Batch 299	LR : 0.00051	Tot. Loss: 0.19
2024-12-27 06:50:11,231 INFO ################## 
 ---> Validation Epoch 155	Acc.: 78.560	FPR: 73.414	AUROC: 83.086	AUPR: 53.139	AURC: 67.215	EAURC: 42.387	AUPR Succ.: 94.925	ECE: 7.521	NLL: 6.837	Brier: 31.471
2024-12-27 06:50:11,232 INFO ####### --- Training Epoch 156 --- #######
2024-12-27 06:50:32,495 INFO Epoch 156 	 Batch 99	LR : 0.00050	Tot. Loss: 0.19
2024-12-27 06:50:53,476 INFO Epoch 156 	 Batch 199	LR : 0.00050	Tot. Loss: 0.19
2024-12-27 06:51:14,466 INFO Epoch 156 	 Batch 299	LR : 0.00050	Tot. Loss: 0.19
2024-12-27 06:51:28,044 INFO ################## 
 ---> Validation Epoch 156	Acc.: 79.340	FPR: 73.185	AUROC: 83.022	AUPR: 50.386	AURC: 63.993	EAURC: 41.008	AUPR Succ.: 95.129	ECE: 7.156	NLL: 6.581	Brier: 30.565
2024-12-27 06:51:28,045 INFO ####### --- Training Epoch 157 --- #######
2024-12-27 06:51:49,309 INFO Epoch 157 	 Batch 99	LR : 0.00050	Tot. Loss: 0.19
2024-12-27 06:52:10,287 INFO Epoch 157 	 Batch 199	LR : 0.00050	Tot. Loss: 0.19
2024-12-27 06:52:31,269 INFO Epoch 157 	 Batch 299	LR : 0.00050	Tot. Loss: 0.19
2024-12-27 06:52:44,872 INFO ################## 
 ---> Validation Epoch 157	Acc.: 78.820	FPR: 76.676	AUROC: 82.551	AUPR: 50.116	AURC: 67.433	EAURC: 43.227	AUPR Succ.: 94.845	ECE: 7.879	NLL: 6.843	Brier: 31.493
2024-12-27 06:52:44,873 INFO ####### --- Training Epoch 158 --- #######
2024-12-27 06:53:06,136 INFO Epoch 158 	 Batch 99	LR : 0.00049	Tot. Loss: 0.19
2024-12-27 06:53:27,132 INFO Epoch 158 	 Batch 199	LR : 0.00049	Tot. Loss: 0.19
2024-12-27 06:53:48,119 INFO Epoch 158 	 Batch 299	LR : 0.00049	Tot. Loss: 0.19
2024-12-27 06:54:01,673 INFO ################## 
 ---> Validation Epoch 158	Acc.: 78.580	FPR: 73.669	AUROC: 82.664	AUPR: 52.098	AURC: 68.166	EAURC: 43.386	AUPR Succ.: 94.812	ECE: 7.601	NLL: 6.846	Brier: 31.670
2024-12-27 06:54:01,674 INFO ####### --- Training Epoch 159 --- #######
2024-12-27 06:54:22,170 INFO Epoch 159 	 Batch 99	LR : 0.00049	Tot. Loss: 0.19
2024-12-27 06:54:34,742 INFO Epoch 159 	 Batch 199	LR : 0.00049	Tot. Loss: 0.19
2024-12-27 06:54:55,673 INFO Epoch 159 	 Batch 299	LR : 0.00049	Tot. Loss: 0.19
2024-12-27 06:55:09,268 INFO ################## 
 ---> Validation Epoch 159	Acc.: 77.940	FPR: 72.620	AUROC: 82.874	AUPR: 52.707	AURC: 70.404	EAURC: 44.055	AUPR Succ.: 94.697	ECE: 8.031	NLL: 6.939	Brier: 32.263
2024-12-27 06:55:09,270 INFO ####### --- Training Epoch 160 --- #######
2024-12-27 06:55:30,478 INFO Epoch 160 	 Batch 99	LR : 0.00048	Tot. Loss: 0.19
2024-12-27 06:55:51,410 INFO Epoch 160 	 Batch 199	LR : 0.00048	Tot. Loss: 0.19
2024-12-27 06:56:12,342 INFO Epoch 160 	 Batch 299	LR : 0.00048	Tot. Loss: 0.19
2024-12-27 06:56:26,030 INFO ################## 
 ---> Validation Epoch 160	Acc.: 78.620	FPR: 71.469	AUROC: 82.866	AUPR: 53.147	AURC: 67.766	EAURC: 43.082	AUPR Succ.: 94.843	ECE: 7.578	NLL: 6.753	Brier: 31.383
2024-12-27 06:56:26,032 INFO ####### --- Training Epoch 161 --- #######
2024-12-27 06:56:47,350 INFO Epoch 161 	 Batch 99	LR : 0.00048	Tot. Loss: 0.19
2024-12-27 06:57:08,287 INFO Epoch 161 	 Batch 199	LR : 0.00048	Tot. Loss: 0.19
2024-12-27 06:57:29,216 INFO Epoch 161 	 Batch 299	LR : 0.00048	Tot. Loss: 0.19
2024-12-27 06:57:42,646 INFO ################## 
 ---> Validation Epoch 161	Acc.: 78.800	FPR: 71.887	AUROC: 82.740	AUPR: 52.302	AURC: 67.157	EAURC: 42.903	AUPR Succ.: 94.877	ECE: 7.431	NLL: 6.790	Brier: 31.400
2024-12-27 06:57:42,647 INFO ####### --- Training Epoch 162 --- #######
2024-12-27 06:58:03,833 INFO Epoch 162 	 Batch 99	LR : 0.00047	Tot. Loss: 0.19
2024-12-27 06:58:24,766 INFO Epoch 162 	 Batch 199	LR : 0.00047	Tot. Loss: 0.19
2024-12-27 06:58:45,697 INFO Epoch 162 	 Batch 299	LR : 0.00047	Tot. Loss: 0.19
2024-12-27 06:58:59,228 INFO ################## 
 ---> Validation Epoch 162	Acc.: 78.620	FPR: 75.959	AUROC: 82.593	AUPR: 51.400	AURC: 68.256	EAURC: 43.572	AUPR Succ.: 94.793	ECE: 7.790	NLL: 6.820	Brier: 31.691
2024-12-27 06:58:59,229 INFO ####### --- Training Epoch 163 --- #######
2024-12-27 06:59:20,481 INFO Epoch 163 	 Batch 99	LR : 0.00047	Tot. Loss: 0.19
2024-12-27 06:59:41,409 INFO Epoch 163 	 Batch 199	LR : 0.00047	Tot. Loss: 0.19
2024-12-27 07:00:02,340 INFO Epoch 163 	 Batch 299	LR : 0.00047	Tot. Loss: 0.19
2024-12-27 07:00:15,838 INFO ################## 
 ---> Validation Epoch 163	Acc.: 78.300	FPR: 73.825	AUROC: 82.371	AUPR: 51.729	AURC: 70.508	EAURC: 45.047	AUPR Succ.: 94.597	ECE: 7.845	NLL: 6.965	Brier: 32.138
2024-12-27 07:00:15,839 INFO ####### --- Training Epoch 164 --- #######
2024-12-27 07:00:37,093 INFO Epoch 164 	 Batch 99	LR : 0.00046	Tot. Loss: 0.19
2024-12-27 07:00:52,112 INFO Epoch 164 	 Batch 199	LR : 0.00046	Tot. Loss: 0.19
2024-12-27 07:01:11,021 INFO Epoch 164 	 Batch 299	LR : 0.00046	Tot. Loss: 0.19
2024-12-27 07:01:24,469 INFO ################## 
 ---> Validation Epoch 164	Acc.: 78.760	FPR: 74.482	AUROC: 82.273	AUPR: 52.080	AURC: 68.649	EAURC: 44.300	AUPR Succ.: 94.712	ECE: 7.724	NLL: 6.856	Brier: 31.657
2024-12-27 07:01:24,470 INFO ####### --- Training Epoch 165 --- #######
2024-12-27 07:01:45,634 INFO Epoch 165 	 Batch 99	LR : 0.00046	Tot. Loss: 0.19
2024-12-27 07:02:06,581 INFO Epoch 165 	 Batch 199	LR : 0.00046	Tot. Loss: 0.19
2024-12-27 07:02:27,538 INFO Epoch 165 	 Batch 299	LR : 0.00046	Tot. Loss: 0.19
2024-12-27 07:02:41,030 INFO ################## 
 ---> Validation Epoch 165	Acc.: 78.180	FPR: 74.427	AUROC: 82.386	AUPR: 51.339	AURC: 70.758	EAURC: 45.003	AUPR Succ.: 94.600	ECE: 8.312	NLL: 7.036	Brier: 32.456
2024-12-27 07:02:41,032 INFO ####### --- Training Epoch 166 --- #######
2024-12-27 07:03:02,332 INFO Epoch 166 	 Batch 99	LR : 0.00045	Tot. Loss: 0.19
2024-12-27 07:03:23,273 INFO Epoch 166 	 Batch 199	LR : 0.00045	Tot. Loss: 0.19
2024-12-27 07:03:44,217 INFO Epoch 166 	 Batch 299	LR : 0.00045	Tot. Loss: 0.19
2024-12-27 07:03:57,741 INFO ################## 
 ---> Validation Epoch 166	Acc.: 78.200	FPR: 73.211	AUROC: 82.504	AUPR: 51.403	AURC: 70.372	EAURC: 44.666	AUPR Succ.: 94.639	ECE: 8.087	NLL: 6.986	Brier: 32.248
2024-12-27 07:03:57,743 INFO ####### --- Training Epoch 167 --- #######
2024-12-27 07:04:19,045 INFO Epoch 167 	 Batch 99	LR : 0.00045	Tot. Loss: 0.19
2024-12-27 07:04:39,993 INFO Epoch 167 	 Batch 199	LR : 0.00045	Tot. Loss: 0.19
2024-12-27 07:05:00,934 INFO Epoch 167 	 Batch 299	LR : 0.00045	Tot. Loss: 0.19
2024-12-27 07:05:14,380 INFO ################## 
 ---> Validation Epoch 167	Acc.: 77.440	FPR: 73.227	AUROC: 82.636	AUPR: 53.292	AURC: 73.302	EAURC: 45.690	AUPR Succ.: 94.476	ECE: 8.963	NLL: 7.211	Brier: 33.324
2024-12-27 07:05:14,381 INFO ####### --- Training Epoch 168 --- #######
2024-12-27 07:05:35,582 INFO Epoch 168 	 Batch 99	LR : 0.00044	Tot. Loss: 0.19
2024-12-27 07:05:56,523 INFO Epoch 168 	 Batch 199	LR : 0.00044	Tot. Loss: 0.19
2024-12-27 07:06:17,465 INFO Epoch 168 	 Batch 299	LR : 0.00044	Tot. Loss: 0.19
2024-12-27 07:06:30,978 INFO ################## 
 ---> Validation Epoch 168	Acc.: 78.620	FPR: 70.440	AUROC: 83.239	AUPR: 54.704	AURC: 66.807	EAURC: 42.123	AUPR Succ.: 94.953	ECE: 7.645	NLL: 6.736	Brier: 31.129
2024-12-27 07:06:30,980 INFO ####### --- Training Epoch 169 --- #######
2024-12-27 07:06:52,252 INFO Epoch 169 	 Batch 99	LR : 0.00044	Tot. Loss: 0.19
2024-12-27 07:07:11,429 INFO Epoch 169 	 Batch 199	LR : 0.00044	Tot. Loss: 0.19
2024-12-27 07:07:24,798 INFO Epoch 169 	 Batch 299	LR : 0.00044	Tot. Loss: 0.19
2024-12-27 07:07:38,154 INFO ################## 
 ---> Validation Epoch 169	Acc.: 78.660	FPR: 70.197	AUROC: 83.820	AUPR: 55.122	AURC: 64.790	EAURC: 40.202	AUPR Succ.: 95.186	ECE: 7.605	NLL: 6.680	Brier: 31.021
2024-12-27 07:07:38,155 INFO AUROC improved from 83.64 to 83.82!!!
2024-12-27 07:07:38,164 INFO ####### --- Training Epoch 170 --- #######
2024-12-27 07:07:59,387 INFO Epoch 170 	 Batch 99	LR : 0.00043	Tot. Loss: 0.19
2024-12-27 07:08:20,319 INFO Epoch 170 	 Batch 199	LR : 0.00043	Tot. Loss: 0.19
2024-12-27 07:08:41,280 INFO Epoch 170 	 Batch 299	LR : 0.00043	Tot. Loss: 0.19
2024-12-27 07:08:54,651 INFO ################## 
 ---> Validation Epoch 170	Acc.: 79.020	FPR: 72.450	AUROC: 82.702	AUPR: 51.034	AURC: 66.525	EAURC: 42.792	AUPR Succ.: 94.899	ECE: 7.347	NLL: 6.756	Brier: 31.158
2024-12-27 07:08:54,652 INFO ####### --- Training Epoch 171 --- #######
2024-12-27 07:09:15,908 INFO Epoch 171 	 Batch 99	LR : 0.00043	Tot. Loss: 0.19
2024-12-27 07:09:36,845 INFO Epoch 171 	 Batch 199	LR : 0.00043	Tot. Loss: 0.19
2024-12-27 07:09:57,780 INFO Epoch 171 	 Batch 299	LR : 0.00043	Tot. Loss: 0.19
2024-12-27 07:10:11,386 INFO ################## 
 ---> Validation Epoch 171	Acc.: 78.620	FPR: 73.714	AUROC: 82.495	AUPR: 50.920	AURC: 68.467	EAURC: 43.782	AUPR Succ.: 94.768	ECE: 7.944	NLL: 6.897	Brier: 31.857
2024-12-27 07:10:11,387 INFO ####### --- Training Epoch 172 --- #######
2024-12-27 07:10:32,585 INFO Epoch 172 	 Batch 99	LR : 0.00042	Tot. Loss: 0.19
2024-12-27 07:10:53,517 INFO Epoch 172 	 Batch 199	LR : 0.00042	Tot. Loss: 0.19
2024-12-27 07:11:14,457 INFO Epoch 172 	 Batch 299	LR : 0.00042	Tot. Loss: 0.19
2024-12-27 07:11:28,040 INFO ################## 
 ---> Validation Epoch 172	Acc.: 79.060	FPR: 73.830	AUROC: 82.670	AUPR: 51.412	AURC: 66.318	EAURC: 42.680	AUPR Succ.: 94.916	ECE: 7.389	NLL: 6.744	Brier: 31.058
2024-12-27 07:11:28,041 INFO ####### --- Training Epoch 173 --- #######
2024-12-27 07:11:49,245 INFO Epoch 173 	 Batch 99	LR : 0.00042	Tot. Loss: 0.19
2024-12-27 07:12:10,180 INFO Epoch 173 	 Batch 199	LR : 0.00042	Tot. Loss: 0.19
2024-12-27 07:12:31,124 INFO Epoch 173 	 Batch 299	LR : 0.00042	Tot. Loss: 0.19
2024-12-27 07:12:44,654 INFO ################## 
 ---> Validation Epoch 173	Acc.: 78.640	FPR: 71.910	AUROC: 83.455	AUPR: 53.383	AURC: 65.744	EAURC: 41.108	AUPR Succ.: 95.080	ECE: 7.838	NLL: 6.739	Brier: 31.187
2024-12-27 07:12:44,656 INFO ####### --- Training Epoch 174 --- #######
2024-12-27 07:13:05,901 INFO Epoch 174 	 Batch 99	LR : 0.00041	Tot. Loss: 0.19
2024-12-27 07:13:26,842 INFO Epoch 174 	 Batch 199	LR : 0.00041	Tot. Loss: 0.19
2024-12-27 07:13:40,861 INFO Epoch 174 	 Batch 299	LR : 0.00041	Tot. Loss: 0.19
2024-12-27 07:13:53,092 INFO ################## 
 ---> Validation Epoch 174	Acc.: 79.000	FPR: 75.143	AUROC: 82.434	AUPR: 50.452	AURC: 67.014	EAURC: 43.235	AUPR Succ.: 94.852	ECE: 7.475	NLL: 6.761	Brier: 31.255
2024-12-27 07:13:53,093 INFO ####### --- Training Epoch 175 --- #######
2024-12-27 07:14:14,290 INFO Epoch 175 	 Batch 99	LR : 0.00041	Tot. Loss: 0.19
2024-12-27 07:14:35,243 INFO Epoch 175 	 Batch 199	LR : 0.00041	Tot. Loss: 0.19
2024-12-27 07:14:56,197 INFO Epoch 175 	 Batch 299	LR : 0.00041	Tot. Loss: 0.19
2024-12-27 07:15:09,680 INFO ################## 
 ---> Validation Epoch 175	Acc.: 78.360	FPR: 72.274	AUROC: 82.725	AUPR: 52.057	AURC: 69.044	EAURC: 43.730	AUPR Succ.: 94.758	ECE: 8.009	NLL: 6.925	Brier: 31.966
2024-12-27 07:15:09,682 INFO ####### --- Training Epoch 176 --- #######
2024-12-27 07:15:30,876 INFO Epoch 176 	 Batch 99	LR : 0.00040	Tot. Loss: 0.19
2024-12-27 07:15:51,823 INFO Epoch 176 	 Batch 199	LR : 0.00040	Tot. Loss: 0.19
2024-12-27 07:16:12,761 INFO Epoch 176 	 Batch 299	LR : 0.00040	Tot. Loss: 0.19
2024-12-27 07:16:26,255 INFO ################## 
 ---> Validation Epoch 176	Acc.: 78.380	FPR: 75.301	AUROC: 82.510	AUPR: 50.723	AURC: 69.495	EAURC: 44.230	AUPR Succ.: 94.703	ECE: 8.281	NLL: 6.952	Brier: 32.099
2024-12-27 07:16:26,257 INFO ####### --- Training Epoch 177 --- #######
2024-12-27 07:16:47,511 INFO Epoch 177 	 Batch 99	LR : 0.00040	Tot. Loss: 0.19
2024-12-27 07:17:08,451 INFO Epoch 177 	 Batch 199	LR : 0.00040	Tot. Loss: 0.19
2024-12-27 07:17:29,386 INFO Epoch 177 	 Batch 299	LR : 0.00040	Tot. Loss: 0.19
2024-12-27 07:17:42,829 INFO ################## 
 ---> Validation Epoch 177	Acc.: 79.000	FPR: 70.476	AUROC: 83.434	AUPR: 53.415	AURC: 64.508	EAURC: 40.729	AUPR Succ.: 95.139	ECE: 7.589	NLL: 6.669	Brier: 30.778
2024-12-27 07:17:42,831 INFO ####### --- Training Epoch 178 --- #######
2024-12-27 07:18:04,048 INFO Epoch 178 	 Batch 99	LR : 0.00039	Tot. Loss: 0.19
2024-12-27 07:18:25,105 INFO Epoch 178 	 Batch 199	LR : 0.00039	Tot. Loss: 0.19
2024-12-27 07:18:46,040 INFO Epoch 178 	 Batch 299	LR : 0.00039	Tot. Loss: 0.19
2024-12-27 07:18:59,389 INFO ################## 
 ---> Validation Epoch 178	Acc.: 78.400	FPR: 72.963	AUROC: 83.034	AUPR: 52.478	AURC: 68.036	EAURC: 42.819	AUPR Succ.: 94.866	ECE: 7.868	NLL: 6.830	Brier: 31.730
2024-12-27 07:18:59,391 INFO ####### --- Training Epoch 179 --- #######
2024-12-27 07:19:20,653 INFO Epoch 179 	 Batch 99	LR : 0.00039	Tot. Loss: 0.19
2024-12-27 07:19:41,597 INFO Epoch 179 	 Batch 199	LR : 0.00039	Tot. Loss: 0.19
2024-12-27 07:20:00,115 INFO Epoch 179 	 Batch 299	LR : 0.00039	Tot. Loss: 0.19
2024-12-27 07:20:07,088 INFO ################## 
 ---> Validation Epoch 179	Acc.: 78.960	FPR: 72.243	AUROC: 82.672	AUPR: 51.189	AURC: 66.772	EAURC: 42.898	AUPR Succ.: 94.885	ECE: 7.519	NLL: 6.747	Brier: 31.152
2024-12-27 07:20:07,089 INFO ####### --- Training Epoch 180 --- #######
2024-12-27 07:20:28,165 INFO Epoch 180 	 Batch 99	LR : 0.00038	Tot. Loss: 0.19
2024-12-27 07:20:49,135 INFO Epoch 180 	 Batch 199	LR : 0.00038	Tot. Loss: 0.19
2024-12-27 07:21:10,083 INFO Epoch 180 	 Batch 299	LR : 0.00038	Tot. Loss: 0.19
2024-12-27 07:21:23,537 INFO ################## 
 ---> Validation Epoch 180	Acc.: 79.480	FPR: 71.832	AUROC: 82.887	AUPR: 50.117	AURC: 63.945	EAURC: 41.282	AUPR Succ.: 95.101	ECE: 7.245	NLL: 6.609	Brier: 30.463
2024-12-27 07:21:23,538 INFO Accuracy improved from 79.42 to 79.48!!!
2024-12-27 07:21:23,547 INFO ####### --- Training Epoch 181 --- #######
2024-12-27 07:21:44,734 INFO Epoch 181 	 Batch 99	LR : 0.00038	Tot. Loss: 0.19
2024-12-27 07:22:05,689 INFO Epoch 181 	 Batch 199	LR : 0.00038	Tot. Loss: 0.19
2024-12-27 07:22:26,645 INFO Epoch 181 	 Batch 299	LR : 0.00038	Tot. Loss: 0.19
2024-12-27 07:22:40,175 INFO ################## 
 ---> Validation Epoch 181	Acc.: 78.140	FPR: 69.899	AUROC: 82.972	AUPR: 53.586	AURC: 69.572	EAURC: 43.718	AUPR Succ.: 94.741	ECE: 7.846	NLL: 6.827	Brier: 31.847
2024-12-27 07:22:40,176 INFO ####### --- Training Epoch 182 --- #######
2024-12-27 07:23:01,467 INFO Epoch 182 	 Batch 99	LR : 0.00037	Tot. Loss: 0.19
2024-12-27 07:23:22,423 INFO Epoch 182 	 Batch 199	LR : 0.00037	Tot. Loss: 0.19
2024-12-27 07:23:43,378 INFO Epoch 182 	 Batch 299	LR : 0.00037	Tot. Loss: 0.19
2024-12-27 07:23:56,957 INFO ################## 
 ---> Validation Epoch 182	Acc.: 78.960	FPR: 73.479	AUROC: 82.951	AUPR: 50.405	AURC: 65.871	EAURC: 41.997	AUPR Succ.: 94.993	ECE: 7.414	NLL: 6.732	Brier: 31.097
2024-12-27 07:23:56,958 INFO ####### --- Training Epoch 183 --- #######
2024-12-27 07:24:18,179 INFO Epoch 183 	 Batch 99	LR : 0.00037	Tot. Loss: 0.19
2024-12-27 07:24:39,134 INFO Epoch 183 	 Batch 199	LR : 0.00037	Tot. Loss: 0.19
2024-12-27 07:25:00,095 INFO Epoch 183 	 Batch 299	LR : 0.00037	Tot. Loss: 0.19
2024-12-27 07:25:13,648 INFO ################## 
 ---> Validation Epoch 183	Acc.: 79.140	FPR: 73.154	AUROC: 82.842	AUPR: 51.685	AURC: 65.480	EAURC: 42.030	AUPR Succ.: 94.997	ECE: 7.376	NLL: 6.654	Brier: 30.903
2024-12-27 07:25:13,649 INFO ####### --- Training Epoch 184 --- #######
2024-12-27 07:25:34,894 INFO Epoch 184 	 Batch 99	LR : 0.00036	Tot. Loss: 0.19
2024-12-27 07:25:55,855 INFO Epoch 184 	 Batch 199	LR : 0.00036	Tot. Loss: 0.19
2024-12-27 07:26:16,814 INFO Epoch 184 	 Batch 299	LR : 0.00036	Tot. Loss: 0.19
2024-12-27 07:26:26,869 INFO ################## 
 ---> Validation Epoch 184	Acc.: 78.920	FPR: 72.960	AUROC: 82.560	AUPR: 51.578	AURC: 67.313	EAURC: 43.345	AUPR Succ.: 94.829	ECE: 7.455	NLL: 6.781	Brier: 31.285
2024-12-27 07:26:26,870 INFO ####### --- Training Epoch 185 --- #######
2024-12-27 07:26:43,611 INFO Epoch 185 	 Batch 99	LR : 0.00036	Tot. Loss: 0.19
2024-12-27 07:27:04,550 INFO Epoch 185 	 Batch 199	LR : 0.00036	Tot. Loss: 0.19
2024-12-27 07:27:25,499 INFO Epoch 185 	 Batch 299	LR : 0.00036	Tot. Loss: 0.19
2024-12-27 07:27:38,940 INFO ################## 
 ---> Validation Epoch 185	Acc.: 78.420	FPR: 72.660	AUROC: 82.572	AUPR: 52.502	AURC: 69.248	EAURC: 44.080	AUPR Succ.: 94.720	ECE: 7.806	NLL: 6.894	Brier: 31.918
2024-12-27 07:27:38,942 INFO ####### --- Training Epoch 186 --- #######
2024-12-27 07:28:00,128 INFO Epoch 186 	 Batch 99	LR : 0.00035	Tot. Loss: 0.19
2024-12-27 07:28:21,061 INFO Epoch 186 	 Batch 199	LR : 0.00035	Tot. Loss: 0.19
2024-12-27 07:28:42,004 INFO Epoch 186 	 Batch 299	LR : 0.00035	Tot. Loss: 0.19
2024-12-27 07:28:55,399 INFO ################## 
 ---> Validation Epoch 186	Acc.: 78.420	FPR: 73.865	AUROC: 82.591	AUPR: 52.093	AURC: 69.228	EAURC: 44.060	AUPR Succ.: 94.721	ECE: 7.711	NLL: 6.875	Brier: 31.880
2024-12-27 07:28:55,400 INFO ####### --- Training Epoch 187 --- #######
2024-12-27 07:29:16,665 INFO Epoch 187 	 Batch 99	LR : 0.00035	Tot. Loss: 0.19
2024-12-27 07:29:37,610 INFO Epoch 187 	 Batch 199	LR : 0.00035	Tot. Loss: 0.19
2024-12-27 07:29:58,562 INFO Epoch 187 	 Batch 299	LR : 0.00035	Tot. Loss: 0.19
2024-12-27 07:30:12,045 INFO ################## 
 ---> Validation Epoch 187	Acc.: 79.320	FPR: 73.985	AUROC: 82.808	AUPR: 51.263	AURC: 64.821	EAURC: 41.790	AUPR Succ.: 95.034	ECE: 7.218	NLL: 6.647	Brier: 30.697
2024-12-27 07:30:12,047 INFO ####### --- Training Epoch 188 --- #######
2024-12-27 07:30:33,213 INFO Epoch 188 	 Batch 99	LR : 0.00034	Tot. Loss: 0.19
2024-12-27 07:30:54,158 INFO Epoch 188 	 Batch 199	LR : 0.00034	Tot. Loss: 0.19
2024-12-27 07:31:15,103 INFO Epoch 188 	 Batch 299	LR : 0.00034	Tot. Loss: 0.19
2024-12-27 07:31:28,589 INFO ################## 
 ---> Validation Epoch 188	Acc.: 79.320	FPR: 73.985	AUROC: 82.921	AUPR: 50.921	AURC: 64.249	EAURC: 41.218	AUPR Succ.: 95.105	ECE: 7.043	NLL: 6.650	Brier: 30.752
2024-12-27 07:31:28,590 INFO ####### --- Training Epoch 189 --- #######
2024-12-27 07:31:49,843 INFO Epoch 189 	 Batch 99	LR : 0.00034	Tot. Loss: 0.19
2024-12-27 07:32:10,788 INFO Epoch 189 	 Batch 199	LR : 0.00034	Tot. Loss: 0.19
2024-12-27 07:32:31,749 INFO Epoch 189 	 Batch 299	LR : 0.00034	Tot. Loss: 0.19
2024-12-27 07:32:45,251 INFO ################## 
 ---> Validation Epoch 189	Acc.: 78.520	FPR: 75.978	AUROC: 82.331	AUPR: 50.830	AURC: 69.400	EAURC: 44.474	AUPR Succ.: 94.681	ECE: 8.015	NLL: 6.907	Brier: 31.962
2024-12-27 07:32:45,252 INFO ####### --- Training Epoch 190 --- #######
2024-12-27 07:32:57,715 INFO Epoch 190 	 Batch 99	LR : 0.00033	Tot. Loss: 0.19
2024-12-27 07:33:18,704 INFO Epoch 190 	 Batch 199	LR : 0.00033	Tot. Loss: 0.19
2024-12-27 07:33:39,689 INFO Epoch 190 	 Batch 299	LR : 0.00033	Tot. Loss: 0.19
2024-12-27 07:33:53,178 INFO ################## 
 ---> Validation Epoch 190	Acc.: 78.360	FPR: 75.693	AUROC: 82.313	AUPR: 51.225	AURC: 69.927	EAURC: 44.613	AUPR Succ.: 94.661	ECE: 7.937	NLL: 6.951	Brier: 32.305
2024-12-27 07:33:53,179 INFO ####### --- Training Epoch 191 --- #######
2024-12-27 07:34:14,558 INFO Epoch 191 	 Batch 99	LR : 0.00033	Tot. Loss: 0.19
2024-12-27 07:34:35,534 INFO Epoch 191 	 Batch 199	LR : 0.00033	Tot. Loss: 0.19
2024-12-27 07:34:56,523 INFO Epoch 191 	 Batch 299	LR : 0.00033	Tot. Loss: 0.19
2024-12-27 07:35:10,143 INFO ################## 
 ---> Validation Epoch 191	Acc.: 78.600	FPR: 72.430	AUROC: 82.700	AUPR: 52.235	AURC: 68.148	EAURC: 43.416	AUPR Succ.: 94.806	ECE: 7.716	NLL: 6.881	Brier: 31.639
2024-12-27 07:35:10,144 INFO ####### --- Training Epoch 192 --- #######
2024-12-27 07:35:31,401 INFO Epoch 192 	 Batch 99	LR : 0.00032	Tot. Loss: 0.19
2024-12-27 07:35:52,394 INFO Epoch 192 	 Batch 199	LR : 0.00032	Tot. Loss: 0.19
2024-12-27 07:36:13,387 INFO Epoch 192 	 Batch 299	LR : 0.00032	Tot. Loss: 0.19
2024-12-27 07:36:26,890 INFO ################## 
 ---> Validation Epoch 192	Acc.: 78.400	FPR: 73.796	AUROC: 82.882	AUPR: 52.606	AURC: 68.352	EAURC: 43.136	AUPR Succ.: 94.831	ECE: 8.006	NLL: 6.877	Brier: 31.897
2024-12-27 07:36:26,892 INFO ####### --- Training Epoch 193 --- #######
2024-12-27 07:36:48,179 INFO Epoch 193 	 Batch 99	LR : 0.00032	Tot. Loss: 0.19
2024-12-27 07:37:09,162 INFO Epoch 193 	 Batch 199	LR : 0.00032	Tot. Loss: 0.19
2024-12-27 07:37:30,138 INFO Epoch 193 	 Batch 299	LR : 0.00032	Tot. Loss: 0.19
2024-12-27 07:37:43,600 INFO ################## 
 ---> Validation Epoch 193	Acc.: 78.480	FPR: 72.119	AUROC: 83.011	AUPR: 53.096	AURC: 67.773	EAURC: 42.750	AUPR Succ.: 94.878	ECE: 7.912	NLL: 6.799	Brier: 31.582
2024-12-27 07:37:43,601 INFO ####### --- Training Epoch 194 --- #######
2024-12-27 07:38:04,854 INFO Epoch 194 	 Batch 99	LR : 0.00031	Tot. Loss: 0.19
2024-12-27 07:38:25,835 INFO Epoch 194 	 Batch 199	LR : 0.00031	Tot. Loss: 0.19
2024-12-27 07:38:46,824 INFO Epoch 194 	 Batch 299	LR : 0.00031	Tot. Loss: 0.19
2024-12-27 07:39:00,444 INFO ################## 
 ---> Validation Epoch 194	Acc.: 79.120	FPR: 72.605	AUROC: 82.991	AUPR: 52.119	AURC: 65.160	EAURC: 41.663	AUPR Succ.: 95.038	ECE: 7.210	NLL: 6.692	Brier: 30.843
2024-12-27 07:39:00,446 INFO ####### --- Training Epoch 195 --- #######
2024-12-27 07:39:16,795 INFO Epoch 195 	 Batch 99	LR : 0.00031	Tot. Loss: 0.19
2024-12-27 07:39:34,737 INFO Epoch 195 	 Batch 199	LR : 0.00031	Tot. Loss: 0.19
2024-12-27 07:39:55,727 INFO Epoch 195 	 Batch 299	LR : 0.00031	Tot. Loss: 0.19
2024-12-27 07:40:09,249 INFO ################## 
 ---> Validation Epoch 195	Acc.: 78.720	FPR: 75.188	AUROC: 82.431	AUPR: 50.746	AURC: 68.276	EAURC: 43.832	AUPR Succ.: 94.767	ECE: 7.819	NLL: 6.867	Brier: 31.738
2024-12-27 07:40:09,251 INFO ####### --- Training Epoch 196 --- #######
2024-12-27 07:40:30,555 INFO Epoch 196 	 Batch 99	LR : 0.00030	Tot. Loss: 0.19
2024-12-27 07:40:51,540 INFO Epoch 196 	 Batch 199	LR : 0.00030	Tot. Loss: 0.19
2024-12-27 07:41:12,531 INFO Epoch 196 	 Batch 299	LR : 0.00030	Tot. Loss: 0.19
2024-12-27 07:41:26,010 INFO ################## 
 ---> Validation Epoch 196	Acc.: 79.220	FPR: 72.185	AUROC: 83.114	AUPR: 52.248	AURC: 64.350	EAURC: 41.086	AUPR Succ.: 95.112	ECE: 7.348	NLL: 6.651	Brier: 30.773
2024-12-27 07:41:26,011 INFO ####### --- Training Epoch 197 --- #######
2024-12-27 07:41:47,263 INFO Epoch 197 	 Batch 99	LR : 0.00030	Tot. Loss: 0.19
2024-12-27 07:42:08,255 INFO Epoch 197 	 Batch 199	LR : 0.00030	Tot. Loss: 0.19
2024-12-27 07:42:29,248 INFO Epoch 197 	 Batch 299	LR : 0.00030	Tot. Loss: 0.19
2024-12-27 07:42:42,840 INFO ################## 
 ---> Validation Epoch 197	Acc.: 78.700	FPR: 72.300	AUROC: 82.648	AUPR: 51.521	AURC: 67.790	EAURC: 43.297	AUPR Succ.: 94.828	ECE: 7.793	NLL: 6.846	Brier: 31.661
2024-12-27 07:42:42,841 INFO ####### --- Training Epoch 198 --- #######
2024-12-27 07:43:04,087 INFO Epoch 198 	 Batch 99	LR : 0.00029	Tot. Loss: 0.19
2024-12-27 07:43:25,087 INFO Epoch 198 	 Batch 199	LR : 0.00029	Tot. Loss: 0.19
2024-12-27 07:43:46,091 INFO Epoch 198 	 Batch 299	LR : 0.00029	Tot. Loss: 0.19
2024-12-27 07:43:59,547 INFO ################## 
 ---> Validation Epoch 198	Acc.: 78.860	FPR: 75.686	AUROC: 82.559	AUPR: 49.973	AURC: 67.231	EAURC: 43.121	AUPR Succ.: 94.860	ECE: 7.639	NLL: 6.798	Brier: 31.454
2024-12-27 07:43:59,549 INFO ####### --- Training Epoch 199 --- #######
2024-12-27 07:44:20,818 INFO Epoch 199 	 Batch 99	LR : 0.00029	Tot. Loss: 0.19
2024-12-27 07:44:41,814 INFO Epoch 199 	 Batch 199	LR : 0.00029	Tot. Loss: 0.19
2024-12-27 07:45:02,833 INFO Epoch 199 	 Batch 299	LR : 0.00029	Tot. Loss: 0.19
2024-12-27 07:45:16,427 INFO ################## 
 ---> Validation Epoch 199	Acc.: 78.820	FPR: 72.427	AUROC: 82.777	AUPR: 52.298	AURC: 67.177	EAURC: 42.971	AUPR Succ.: 94.867	ECE: 7.620	NLL: 6.798	Brier: 31.319
2024-12-27 07:45:16,428 INFO ####### --- Training Epoch 200 --- #######
2024-12-27 07:45:36,459 INFO Epoch 200 	 Batch 99	LR : 0.00028	Tot. Loss: 0.19
2024-12-27 07:45:49,687 INFO Epoch 200 	 Batch 199	LR : 0.00028	Tot. Loss: 0.19
2024-12-27 07:46:10,697 INFO Epoch 200 	 Batch 299	LR : 0.00028	Tot. Loss: 0.19
2024-12-27 07:46:24,169 INFO ################## 
 ---> Validation Epoch 200	Acc.: 78.680	FPR: 72.795	AUROC: 82.422	AUPR: 51.465	AURC: 68.608	EAURC: 44.068	AUPR Succ.: 94.733	ECE: 7.626	NLL: 6.842	Brier: 31.659
2024-12-27 07:46:24,171 INFO ####### --- Training Epoch 201 --- #######
2024-12-27 07:46:45,441 INFO Epoch 201 	 Batch 99	LR : 0.00028	Tot. Loss: 0.19
2024-12-27 07:47:06,447 INFO Epoch 201 	 Batch 199	LR : 0.00028	Tot. Loss: 0.19
2024-12-27 07:47:27,465 INFO Epoch 201 	 Batch 299	LR : 0.00028	Tot. Loss: 0.19
2024-12-27 07:47:41,067 INFO ################## 
 ---> Validation Epoch 201	Acc.: 78.420	FPR: 75.904	AUROC: 82.004	AUPR: 51.441	AURC: 70.886	EAURC: 45.719	AUPR Succ.: 94.528	ECE: 7.675	NLL: 6.998	Brier: 32.324
2024-12-27 07:47:41,069 INFO ####### --- Training Epoch 202 --- #######
2024-12-27 07:48:02,377 INFO Epoch 202 	 Batch 99	LR : 0.00028	Tot. Loss: 0.19
2024-12-27 07:48:23,385 INFO Epoch 202 	 Batch 199	LR : 0.00028	Tot. Loss: 0.19
2024-12-27 07:48:44,392 INFO Epoch 202 	 Batch 299	LR : 0.00028	Tot. Loss: 0.19
2024-12-27 07:48:58,014 INFO ################## 
 ---> Validation Epoch 202	Acc.: 78.800	FPR: 74.340	AUROC: 82.588	AUPR: 50.987	AURC: 67.440	EAURC: 43.186	AUPR Succ.: 94.848	ECE: 7.880	NLL: 6.801	Brier: 31.539
2024-12-27 07:48:58,016 INFO ####### --- Training Epoch 203 --- #######
2024-12-27 07:49:19,289 INFO Epoch 203 	 Batch 99	LR : 0.00027	Tot. Loss: 0.19
2024-12-27 07:49:40,294 INFO Epoch 203 	 Batch 199	LR : 0.00027	Tot. Loss: 0.19
2024-12-27 07:50:01,307 INFO Epoch 203 	 Batch 299	LR : 0.00027	Tot. Loss: 0.19
2024-12-27 07:50:14,859 INFO ################## 
 ---> Validation Epoch 203	Acc.: 78.400	FPR: 74.259	AUROC: 82.728	AUPR: 53.044	AURC: 68.917	EAURC: 43.700	AUPR Succ.: 94.762	ECE: 7.677	NLL: 6.847	Brier: 31.809
2024-12-27 07:50:14,861 INFO ####### --- Training Epoch 204 --- #######
2024-12-27 07:50:36,198 INFO Epoch 204 	 Batch 99	LR : 0.00027	Tot. Loss: 0.19
2024-12-27 07:50:57,217 INFO Epoch 204 	 Batch 199	LR : 0.00027	Tot. Loss: 0.19
2024-12-27 07:51:18,229 INFO Epoch 204 	 Batch 299	LR : 0.00027	Tot. Loss: 0.19
2024-12-27 07:51:31,813 INFO ################## 
 ---> Validation Epoch 204	Acc.: 78.980	FPR: 71.931	AUROC: 83.076	AUPR: 53.247	AURC: 65.713	EAURC: 41.887	AUPR Succ.: 95.001	ECE: 7.471	NLL: 6.695	Brier: 30.927
2024-12-27 07:51:31,814 INFO ####### --- Training Epoch 205 --- #######
2024-12-27 07:51:53,147 INFO Epoch 205 	 Batch 99	LR : 0.00026	Tot. Loss: 0.19
2024-12-27 07:52:07,694 INFO Epoch 205 	 Batch 199	LR : 0.00026	Tot. Loss: 0.19
2024-12-27 07:52:27,155 INFO Epoch 205 	 Batch 299	LR : 0.00026	Tot. Loss: 0.19
2024-12-27 07:52:40,593 INFO ################## 
 ---> Validation Epoch 205	Acc.: 78.700	FPR: 74.460	AUROC: 82.467	AUPR: 51.166	AURC: 68.257	EAURC: 43.765	AUPR Succ.: 94.773	ECE: 7.633	NLL: 6.857	Brier: 31.639
2024-12-27 07:52:40,595 INFO ####### --- Training Epoch 206 --- #######
2024-12-27 07:53:01,860 INFO Epoch 206 	 Batch 99	LR : 0.00026	Tot. Loss: 0.19
2024-12-27 07:53:22,874 INFO Epoch 206 	 Batch 199	LR : 0.00026	Tot. Loss: 0.19
2024-12-27 07:53:43,901 INFO Epoch 206 	 Batch 299	LR : 0.00026	Tot. Loss: 0.19
2024-12-27 07:53:57,386 INFO ################## 
 ---> Validation Epoch 206	Acc.: 78.400	FPR: 75.370	AUROC: 82.768	AUPR: 52.347	AURC: 68.688	EAURC: 43.471	AUPR Succ.: 94.792	ECE: 7.984	NLL: 6.876	Brier: 31.884
2024-12-27 07:53:57,387 INFO ####### --- Training Epoch 207 --- #######
2024-12-27 07:54:18,670 INFO Epoch 207 	 Batch 99	LR : 0.00025	Tot. Loss: 0.19
2024-12-27 07:54:39,676 INFO Epoch 207 	 Batch 199	LR : 0.00025	Tot. Loss: 0.19
2024-12-27 07:55:00,677 INFO Epoch 207 	 Batch 299	LR : 0.00025	Tot. Loss: 0.19
2024-12-27 07:55:14,335 INFO ################## 
 ---> Validation Epoch 207	Acc.: 78.740	FPR: 72.625	AUROC: 83.057	AUPR: 52.611	AURC: 66.696	EAURC: 42.299	AUPR Succ.: 94.942	ECE: 7.646	NLL: 6.733	Brier: 31.186
2024-12-27 07:55:14,336 INFO ####### --- Training Epoch 208 --- #######
2024-12-27 07:55:35,700 INFO Epoch 208 	 Batch 99	LR : 0.00025	Tot. Loss: 0.19
2024-12-27 07:55:56,701 INFO Epoch 208 	 Batch 199	LR : 0.00025	Tot. Loss: 0.19
2024-12-27 07:56:17,709 INFO Epoch 208 	 Batch 299	LR : 0.00025	Tot. Loss: 0.19
2024-12-27 07:56:31,187 INFO ################## 
 ---> Validation Epoch 208	Acc.: 78.860	FPR: 73.132	AUROC: 82.379	AUPR: 50.857	AURC: 68.031	EAURC: 43.920	AUPR Succ.: 94.760	ECE: 7.464	NLL: 6.790	Brier: 31.399
2024-12-27 07:56:31,189 INFO ####### --- Training Epoch 209 --- #######
2024-12-27 07:56:52,458 INFO Epoch 209 	 Batch 99	LR : 0.00024	Tot. Loss: 0.19
2024-12-27 07:57:13,478 INFO Epoch 209 	 Batch 199	LR : 0.00024	Tot. Loss: 0.19
2024-12-27 07:57:34,477 INFO Epoch 209 	 Batch 299	LR : 0.00024	Tot. Loss: 0.19
2024-12-27 07:57:48,054 INFO ################## 
 ---> Validation Epoch 209	Acc.: 79.140	FPR: 72.196	AUROC: 82.821	AUPR: 51.273	AURC: 65.524	EAURC: 42.074	AUPR Succ.: 94.992	ECE: 7.554	NLL: 6.716	Brier: 30.985
2024-12-27 07:57:48,056 INFO ####### --- Training Epoch 210 --- #######
2024-12-27 07:58:09,389 INFO Epoch 210 	 Batch 99	LR : 0.00024	Tot. Loss: 0.19
2024-12-27 07:58:28,131 INFO Epoch 210 	 Batch 199	LR : 0.00024	Tot. Loss: 0.19
2024-12-27 07:58:42,054 INFO Epoch 210 	 Batch 299	LR : 0.00024	Tot. Loss: 0.19
2024-12-27 07:58:55,661 INFO ################## 
 ---> Validation Epoch 210	Acc.: 78.920	FPR: 71.442	AUROC: 83.283	AUPR: 51.938	AURC: 65.165	EAURC: 41.197	AUPR Succ.: 95.083	ECE: 7.549	NLL: 6.649	Brier: 30.907
2024-12-27 07:58:55,662 INFO ####### --- Training Epoch 211 --- #######
2024-12-27 07:59:17,058 INFO Epoch 211 	 Batch 99	LR : 0.00024	Tot. Loss: 0.19
2024-12-27 07:59:38,035 INFO Epoch 211 	 Batch 199	LR : 0.00024	Tot. Loss: 0.19
2024-12-27 07:59:59,029 INFO Epoch 211 	 Batch 299	LR : 0.00024	Tot. Loss: 0.19
2024-12-27 08:00:12,636 INFO ################## 
 ---> Validation Epoch 211	Acc.: 78.800	FPR: 73.774	AUROC: 82.456	AUPR: 50.580	AURC: 67.721	EAURC: 43.468	AUPR Succ.: 94.816	ECE: 7.585	NLL: 6.803	Brier: 31.611
2024-12-27 08:00:12,637 INFO ####### --- Training Epoch 212 --- #######
2024-12-27 08:00:33,884 INFO Epoch 212 	 Batch 99	LR : 0.00023	Tot. Loss: 0.19
2024-12-27 08:00:54,871 INFO Epoch 212 	 Batch 199	LR : 0.00023	Tot. Loss: 0.19
2024-12-27 08:01:15,866 INFO Epoch 212 	 Batch 299	LR : 0.00023	Tot. Loss: 0.19
2024-12-27 08:01:29,413 INFO ################## 
 ---> Validation Epoch 212	Acc.: 78.680	FPR: 72.326	AUROC: 83.024	AUPR: 53.776	AURC: 67.019	EAURC: 42.479	AUPR Succ.: 94.918	ECE: 7.598	NLL: 6.746	Brier: 31.334
2024-12-27 08:01:29,414 INFO ####### --- Training Epoch 213 --- #######
2024-12-27 08:01:50,725 INFO Epoch 213 	 Batch 99	LR : 0.00023	Tot. Loss: 0.19
2024-12-27 08:02:11,721 INFO Epoch 213 	 Batch 199	LR : 0.00023	Tot. Loss: 0.19
2024-12-27 08:02:32,703 INFO Epoch 213 	 Batch 299	LR : 0.00023	Tot. Loss: 0.19
2024-12-27 08:02:46,320 INFO ################## 
 ---> Validation Epoch 213	Acc.: 78.820	FPR: 72.899	AUROC: 82.630	AUPR: 51.628	AURC: 67.454	EAURC: 43.248	AUPR Succ.: 94.837	ECE: 7.347	NLL: 6.816	Brier: 31.428
2024-12-27 08:02:46,321 INFO ####### --- Training Epoch 214 --- #######
2024-12-27 08:03:07,720 INFO Epoch 214 	 Batch 99	LR : 0.00022	Tot. Loss: 0.19
2024-12-27 08:03:28,737 INFO Epoch 214 	 Batch 199	LR : 0.00022	Tot. Loss: 0.19
2024-12-27 08:03:49,731 INFO Epoch 214 	 Batch 299	LR : 0.00022	Tot. Loss: 0.19
2024-12-27 08:04:03,203 INFO ################## 
 ---> Validation Epoch 214	Acc.: 78.800	FPR: 74.906	AUROC: 82.572	AUPR: 50.873	AURC: 67.616	EAURC: 43.362	AUPR Succ.: 94.825	ECE: 7.436	NLL: 6.804	Brier: 31.481
2024-12-27 08:04:03,205 INFO ####### --- Training Epoch 215 --- #######
2024-12-27 08:04:24,467 INFO Epoch 215 	 Batch 99	LR : 0.00022	Tot. Loss: 0.19
2024-12-27 08:04:45,449 INFO Epoch 215 	 Batch 199	LR : 0.00022	Tot. Loss: 0.19
2024-12-27 08:04:58,473 INFO Epoch 215 	 Batch 299	LR : 0.00022	Tot. Loss: 0.19
2024-12-27 08:05:11,921 INFO ################## 
 ---> Validation Epoch 215	Acc.: 78.920	FPR: 73.150	AUROC: 83.031	AUPR: 52.362	AURC: 65.815	EAURC: 41.847	AUPR Succ.: 95.008	ECE: 7.498	NLL: 6.696	Brier: 31.082
2024-12-27 08:05:11,923 INFO ####### --- Training Epoch 216 --- #######
2024-12-27 08:05:33,183 INFO Epoch 216 	 Batch 99	LR : 0.00021	Tot. Loss: 0.19
2024-12-27 08:05:54,176 INFO Epoch 216 	 Batch 199	LR : 0.00021	Tot. Loss: 0.19
2024-12-27 08:06:15,171 INFO Epoch 216 	 Batch 299	LR : 0.00021	Tot. Loss: 0.19
2024-12-27 08:06:28,702 INFO ################## 
 ---> Validation Epoch 216	Acc.: 78.080	FPR: 74.818	AUROC: 82.544	AUPR: 51.829	AURC: 70.710	EAURC: 44.708	AUPR Succ.: 94.629	ECE: 8.220	NLL: 6.965	Brier: 32.370
2024-12-27 08:06:28,704 INFO ####### --- Training Epoch 217 --- #######
2024-12-27 08:06:49,993 INFO Epoch 217 	 Batch 99	LR : 0.00021	Tot. Loss: 0.19
2024-12-27 08:07:10,977 INFO Epoch 217 	 Batch 199	LR : 0.00021	Tot. Loss: 0.19
2024-12-27 08:07:31,964 INFO Epoch 217 	 Batch 299	LR : 0.00021	Tot. Loss: 0.19
2024-12-27 08:07:45,418 INFO ################## 
 ---> Validation Epoch 217	Acc.: 78.740	FPR: 73.942	AUROC: 82.749	AUPR: 52.241	AURC: 67.514	EAURC: 43.118	AUPR Succ.: 94.847	ECE: 7.666	NLL: 6.809	Brier: 31.456
2024-12-27 08:07:45,420 INFO ####### --- Training Epoch 218 --- #######
2024-12-27 08:08:06,669 INFO Epoch 218 	 Batch 99	LR : 0.00021	Tot. Loss: 0.19
2024-12-27 08:08:27,666 INFO Epoch 218 	 Batch 199	LR : 0.00021	Tot. Loss: 0.19
2024-12-27 08:08:48,659 INFO Epoch 218 	 Batch 299	LR : 0.00021	Tot. Loss: 0.19
2024-12-27 08:09:02,269 INFO ################## 
 ---> Validation Epoch 218	Acc.: 79.120	FPR: 73.467	AUROC: 82.824	AUPR: 51.185	AURC: 65.506	EAURC: 42.009	AUPR Succ.: 95.000	ECE: 7.240	NLL: 6.666	Brier: 30.909
2024-12-27 08:09:02,270 INFO ####### --- Training Epoch 219 --- #######
2024-12-27 08:09:23,536 INFO Epoch 219 	 Batch 99	LR : 0.00020	Tot. Loss: 0.19
2024-12-27 08:09:44,536 INFO Epoch 219 	 Batch 199	LR : 0.00020	Tot. Loss: 0.19
2024-12-27 08:10:05,527 INFO Epoch 219 	 Batch 299	LR : 0.00020	Tot. Loss: 0.19
2024-12-27 08:10:19,177 INFO ################## 
 ---> Validation Epoch 219	Acc.: 78.660	FPR: 72.727	AUROC: 82.691	AUPR: 51.800	AURC: 68.012	EAURC: 43.423	AUPR Succ.: 94.807	ECE: 7.637	NLL: 6.829	Brier: 31.570
2024-12-27 08:10:19,179 INFO ####### --- Training Epoch 220 --- #######
2024-12-27 08:10:40,415 INFO Epoch 220 	 Batch 99	LR : 0.00020	Tot. Loss: 0.19
2024-12-27 08:11:01,403 INFO Epoch 220 	 Batch 199	LR : 0.00020	Tot. Loss: 0.19
2024-12-27 08:11:18,614 INFO Epoch 220 	 Batch 299	LR : 0.00020	Tot. Loss: 0.19
2024-12-27 08:11:26,911 INFO ################## 
 ---> Validation Epoch 220	Acc.: 78.600	FPR: 72.523	AUROC: 83.012	AUPR: 52.552	AURC: 67.263	EAURC: 42.531	AUPR Succ.: 94.910	ECE: 7.802	NLL: 6.784	Brier: 31.437
2024-12-27 08:11:26,914 INFO ####### --- Training Epoch 221 --- #######
2024-12-27 08:11:48,181 INFO Epoch 221 	 Batch 99	LR : 0.00019	Tot. Loss: 0.19
2024-12-27 08:12:09,171 INFO Epoch 221 	 Batch 199	LR : 0.00019	Tot. Loss: 0.19
2024-12-27 08:12:30,161 INFO Epoch 221 	 Batch 299	LR : 0.00019	Tot. Loss: 0.19
2024-12-27 08:12:43,545 INFO ################## 
 ---> Validation Epoch 221	Acc.: 78.720	FPR: 71.429	AUROC: 83.225	AUPR: 52.972	AURC: 66.338	EAURC: 41.893	AUPR Succ.: 94.988	ECE: 7.630	NLL: 6.724	Brier: 31.179
2024-12-27 08:12:43,546 INFO ####### --- Training Epoch 222 --- #######
2024-12-27 08:13:04,844 INFO Epoch 222 	 Batch 99	LR : 0.00019	Tot. Loss: 0.19
2024-12-27 08:13:25,821 INFO Epoch 222 	 Batch 199	LR : 0.00019	Tot. Loss: 0.19
2024-12-27 08:13:46,857 INFO Epoch 222 	 Batch 299	LR : 0.00019	Tot. Loss: 0.19
2024-12-27 08:14:00,389 INFO ################## 
 ---> Validation Epoch 222	Acc.: 78.740	FPR: 72.531	AUROC: 82.689	AUPR: 52.400	AURC: 67.715	EAURC: 43.318	AUPR Succ.: 94.823	ECE: 7.609	NLL: 6.815	Brier: 31.462
2024-12-27 08:14:00,391 INFO ####### --- Training Epoch 223 --- #######
2024-12-27 08:14:21,666 INFO Epoch 223 	 Batch 99	LR : 0.00019	Tot. Loss: 0.19
2024-12-27 08:14:42,659 INFO Epoch 223 	 Batch 199	LR : 0.00019	Tot. Loss: 0.19
2024-12-27 08:15:03,663 INFO Epoch 223 	 Batch 299	LR : 0.00019	Tot. Loss: 0.19
2024-12-27 08:15:17,159 INFO ################## 
 ---> Validation Epoch 223	Acc.: 78.360	FPR: 73.845	AUROC: 82.185	AUPR: 51.940	AURC: 70.786	EAURC: 45.472	AUPR Succ.: 94.550	ECE: 7.678	NLL: 6.956	Brier: 32.143
2024-12-27 08:15:17,160 INFO ####### --- Training Epoch 224 --- #######
2024-12-27 08:15:38,444 INFO Epoch 224 	 Batch 99	LR : 0.00018	Tot. Loss: 0.19
2024-12-27 08:15:59,430 INFO Epoch 224 	 Batch 199	LR : 0.00018	Tot. Loss: 0.19
2024-12-27 08:16:20,419 INFO Epoch 224 	 Batch 299	LR : 0.00018	Tot. Loss: 0.19
2024-12-27 08:16:34,007 INFO ################## 
 ---> Validation Epoch 224	Acc.: 79.240	FPR: 74.566	AUROC: 82.593	AUPR: 49.890	AURC: 65.586	EAURC: 42.369	AUPR Succ.: 94.966	ECE: 7.345	NLL: 6.685	Brier: 30.941
2024-12-27 08:16:34,008 INFO ####### --- Training Epoch 225 --- #######
2024-12-27 08:16:55,299 INFO Epoch 225 	 Batch 99	LR : 0.00018	Tot. Loss: 0.19
2024-12-27 08:17:16,288 INFO Epoch 225 	 Batch 199	LR : 0.00018	Tot. Loss: 0.19
2024-12-27 08:17:37,284 INFO Epoch 225 	 Batch 299	LR : 0.00018	Tot. Loss: 0.19
2024-12-27 08:17:45,337 INFO ################## 
 ---> Validation Epoch 225	Acc.: 78.580	FPR: 75.257	AUROC: 82.317	AUPR: 50.805	AURC: 69.119	EAURC: 44.339	AUPR Succ.: 94.702	ECE: 7.588	NLL: 6.885	Brier: 31.965
2024-12-27 08:17:45,339 INFO ####### --- Training Epoch 226 --- #######
2024-12-27 08:18:04,068 INFO Epoch 226 	 Batch 99	LR : 0.00017	Tot. Loss: 0.19
2024-12-27 08:18:25,051 INFO Epoch 226 	 Batch 199	LR : 0.00017	Tot. Loss: 0.19
2024-12-27 08:18:46,043 INFO Epoch 226 	 Batch 299	LR : 0.00017	Tot. Loss: 0.19
2024-12-27 08:18:59,526 INFO ################## 
 ---> Validation Epoch 226	Acc.: 79.200	FPR: 73.846	AUROC: 82.697	AUPR: 51.541	AURC: 65.718	EAURC: 42.407	AUPR Succ.: 94.955	ECE: 7.432	NLL: 6.709	Brier: 30.914
2024-12-27 08:18:59,527 INFO ####### --- Training Epoch 227 --- #######
2024-12-27 08:19:20,906 INFO Epoch 227 	 Batch 99	LR : 0.00017	Tot. Loss: 0.19
2024-12-27 08:19:41,891 INFO Epoch 227 	 Batch 199	LR : 0.00017	Tot. Loss: 0.19
2024-12-27 08:20:02,887 INFO Epoch 227 	 Batch 299	LR : 0.00017	Tot. Loss: 0.19
2024-12-27 08:20:16,329 INFO ################## 
 ---> Validation Epoch 227	Acc.: 78.920	FPR: 74.573	AUROC: 82.686	AUPR: 50.607	AURC: 66.853	EAURC: 42.885	AUPR Succ.: 94.885	ECE: 7.620	NLL: 6.785	Brier: 31.255
2024-12-27 08:20:16,331 INFO ####### --- Training Epoch 228 --- #######
2024-12-27 08:20:37,581 INFO Epoch 228 	 Batch 99	LR : 0.00017	Tot. Loss: 0.19
2024-12-27 08:20:58,578 INFO Epoch 228 	 Batch 199	LR : 0.00017	Tot. Loss: 0.19
2024-12-27 08:21:19,580 INFO Epoch 228 	 Batch 299	LR : 0.00017	Tot. Loss: 0.19
2024-12-27 08:21:33,078 INFO ################## 
 ---> Validation Epoch 228	Acc.: 78.640	FPR: 73.034	AUROC: 82.509	AUPR: 51.091	AURC: 68.511	EAURC: 43.875	AUPR Succ.: 94.756	ECE: 7.603	NLL: 6.854	Brier: 31.718
2024-12-27 08:21:33,079 INFO ####### --- Training Epoch 229 --- #######
2024-12-27 08:21:54,380 INFO Epoch 229 	 Batch 99	LR : 0.00016	Tot. Loss: 0.19
2024-12-27 08:22:15,372 INFO Epoch 229 	 Batch 199	LR : 0.00016	Tot. Loss: 0.19
2024-12-27 08:22:36,361 INFO Epoch 229 	 Batch 299	LR : 0.00016	Tot. Loss: 0.19
2024-12-27 08:22:49,968 INFO ################## 
 ---> Validation Epoch 229	Acc.: 78.900	FPR: 71.090	AUROC: 83.319	AUPR: 53.987	AURC: 65.428	EAURC: 41.412	AUPR Succ.: 95.051	ECE: 7.525	NLL: 6.658	Brier: 30.857
2024-12-27 08:22:49,969 INFO ####### --- Training Epoch 230 --- #######
2024-12-27 08:23:11,248 INFO Epoch 230 	 Batch 99	LR : 0.00016	Tot. Loss: 0.19
2024-12-27 08:23:32,234 INFO Epoch 230 	 Batch 199	LR : 0.00016	Tot. Loss: 0.19
2024-12-27 08:23:53,220 INFO Epoch 230 	 Batch 299	LR : 0.00016	Tot. Loss: 0.19
2024-12-27 08:24:05,966 INFO ################## 
 ---> Validation Epoch 230	Acc.: 78.680	FPR: 74.953	AUROC: 82.580	AUPR: 51.787	AURC: 68.001	EAURC: 43.461	AUPR Succ.: 94.808	ECE: 7.490	NLL: 6.830	Brier: 31.648
2024-12-27 08:24:05,968 INFO ####### --- Training Epoch 231 --- #######
2024-12-27 08:24:19,707 INFO Epoch 231 	 Batch 99	LR : 0.00015	Tot. Loss: 0.19
2024-12-27 08:24:40,701 INFO Epoch 231 	 Batch 199	LR : 0.00015	Tot. Loss: 0.19
2024-12-27 08:25:01,853 INFO Epoch 231 	 Batch 299	LR : 0.00015	Tot. Loss: 0.19
2024-12-27 08:25:15,461 INFO ################## 
 ---> Validation Epoch 231	Acc.: 78.920	FPR: 74.194	AUROC: 82.528	AUPR: 49.974	AURC: 67.106	EAURC: 43.137	AUPR Succ.: 94.860	ECE: 7.696	NLL: 6.791	Brier: 31.369
2024-12-27 08:25:15,463 INFO ####### --- Training Epoch 232 --- #######
2024-12-27 08:25:36,723 INFO Epoch 232 	 Batch 99	LR : 0.00015	Tot. Loss: 0.19
2024-12-27 08:25:57,715 INFO Epoch 232 	 Batch 199	LR : 0.00015	Tot. Loss: 0.19
2024-12-27 08:26:18,706 INFO Epoch 232 	 Batch 299	LR : 0.00015	Tot. Loss: 0.19
2024-12-27 08:26:32,392 INFO ################## 
 ---> Validation Epoch 232	Acc.: 79.160	FPR: 74.376	AUROC: 82.557	AUPR: 51.126	AURC: 66.168	EAURC: 42.764	AUPR Succ.: 94.912	ECE: 7.114	NLL: 6.728	Brier: 31.145
2024-12-27 08:26:32,393 INFO ####### --- Training Epoch 233 --- #######
2024-12-27 08:26:53,736 INFO Epoch 233 	 Batch 99	LR : 0.00015	Tot. Loss: 0.19
2024-12-27 08:27:14,726 INFO Epoch 233 	 Batch 199	LR : 0.00015	Tot. Loss: 0.19
2024-12-27 08:27:35,721 INFO Epoch 233 	 Batch 299	LR : 0.00015	Tot. Loss: 0.19
2024-12-27 08:27:49,242 INFO ################## 
 ---> Validation Epoch 233	Acc.: 78.480	FPR: 74.814	AUROC: 82.723	AUPR: 51.231	AURC: 68.498	EAURC: 43.475	AUPR Succ.: 94.795	ECE: 8.089	NLL: 6.878	Brier: 31.817
2024-12-27 08:27:49,244 INFO ####### --- Training Epoch 234 --- #######
2024-12-27 08:28:10,489 INFO Epoch 234 	 Batch 99	LR : 0.00014	Tot. Loss: 0.19
2024-12-27 08:28:31,485 INFO Epoch 234 	 Batch 199	LR : 0.00014	Tot. Loss: 0.19
2024-12-27 08:28:52,479 INFO Epoch 234 	 Batch 299	LR : 0.00014	Tot. Loss: 0.19
2024-12-27 08:29:06,034 INFO ################## 
 ---> Validation Epoch 234	Acc.: 78.640	FPR: 73.502	AUROC: 82.984	AUPR: 53.098	AURC: 67.335	EAURC: 42.699	AUPR Succ.: 94.890	ECE: 7.697	NLL: 6.776	Brier: 31.428
2024-12-27 08:29:06,036 INFO ####### --- Training Epoch 235 --- #######
2024-12-27 08:29:27,356 INFO Epoch 235 	 Batch 99	LR : 0.00014	Tot. Loss: 0.19
2024-12-27 08:29:48,357 INFO Epoch 235 	 Batch 199	LR : 0.00014	Tot. Loss: 0.19
2024-12-27 08:30:09,348 INFO Epoch 235 	 Batch 299	LR : 0.00014	Tot. Loss: 0.19
2024-12-27 08:30:22,894 INFO ################## 
 ---> Validation Epoch 235	Acc.: 78.780	FPR: 74.270	AUROC: 82.342	AUPR: 50.487	AURC: 68.319	EAURC: 44.018	AUPR Succ.: 94.747	ECE: 7.420	NLL: 6.822	Brier: 31.600
2024-12-27 08:30:22,895 INFO ####### --- Training Epoch 236 --- #######
2024-12-27 08:30:36,744 INFO Epoch 236 	 Batch 99	LR : 0.00014	Tot. Loss: 0.19
2024-12-27 08:30:57,207 INFO Epoch 236 	 Batch 199	LR : 0.00014	Tot. Loss: 0.19
2024-12-27 08:31:18,198 INFO Epoch 236 	 Batch 299	LR : 0.00014	Tot. Loss: 0.19
2024-12-27 08:31:31,631 INFO ################## 
 ---> Validation Epoch 236	Acc.: 79.000	FPR: 73.333	AUROC: 82.702	AUPR: 51.662	AURC: 66.528	EAURC: 42.749	AUPR Succ.: 94.905	ECE: 7.405	NLL: 6.742	Brier: 31.172
2024-12-27 08:31:31,633 INFO ####### --- Training Epoch 237 --- #######
2024-12-27 08:31:52,884 INFO Epoch 237 	 Batch 99	LR : 0.00013	Tot. Loss: 0.19
2024-12-27 08:32:13,879 INFO Epoch 237 	 Batch 199	LR : 0.00013	Tot. Loss: 0.19
2024-12-27 08:32:34,873 INFO Epoch 237 	 Batch 299	LR : 0.00013	Tot. Loss: 0.19
2024-12-27 08:32:48,355 INFO ################## 
 ---> Validation Epoch 237	Acc.: 78.800	FPR: 72.830	AUROC: 82.669	AUPR: 51.922	AURC: 67.426	EAURC: 43.173	AUPR Succ.: 94.845	ECE: 7.544	NLL: 6.785	Brier: 31.396
2024-12-27 08:32:48,356 INFO ####### --- Training Epoch 238 --- #######
2024-12-27 08:33:09,601 INFO Epoch 238 	 Batch 99	LR : 0.00013	Tot. Loss: 0.19
2024-12-27 08:33:30,599 INFO Epoch 238 	 Batch 199	LR : 0.00013	Tot. Loss: 0.19
2024-12-27 08:33:51,610 INFO Epoch 238 	 Batch 299	LR : 0.00013	Tot. Loss: 0.19
2024-12-27 08:34:05,202 INFO ################## 
 ---> Validation Epoch 238	Acc.: 78.580	FPR: 73.389	AUROC: 82.726	AUPR: 53.030	AURC: 68.093	EAURC: 43.312	AUPR Succ.: 94.819	ECE: 7.858	NLL: 6.838	Brier: 31.731
2024-12-27 08:34:05,203 INFO ####### --- Training Epoch 239 --- #######
2024-12-27 08:34:26,481 INFO Epoch 239 	 Batch 99	LR : 0.00013	Tot. Loss: 0.19
2024-12-27 08:34:47,473 INFO Epoch 239 	 Batch 199	LR : 0.00013	Tot. Loss: 0.19
2024-12-27 08:35:08,477 INFO Epoch 239 	 Batch 299	LR : 0.00013	Tot. Loss: 0.19
2024-12-27 08:35:22,022 INFO ################## 
 ---> Validation Epoch 239	Acc.: 78.560	FPR: 74.720	AUROC: 82.581	AUPR: 52.234	AURC: 68.674	EAURC: 43.845	AUPR Succ.: 94.754	ECE: 7.595	NLL: 6.856	Brier: 31.752
2024-12-27 08:35:22,023 INFO ####### --- Training Epoch 240 --- #######
2024-12-27 08:35:43,357 INFO Epoch 240 	 Batch 99	LR : 0.00012	Tot. Loss: 0.19
2024-12-27 08:36:04,335 INFO Epoch 240 	 Batch 199	LR : 0.00012	Tot. Loss: 0.19
2024-12-27 08:36:25,319 INFO Epoch 240 	 Batch 299	LR : 0.00012	Tot. Loss: 0.19
2024-12-27 08:36:38,903 INFO ################## 
 ---> Validation Epoch 240	Acc.: 78.660	FPR: 70.853	AUROC: 82.922	AUPR: 52.926	AURC: 67.429	EAURC: 42.841	AUPR Succ.: 94.874	ECE: 7.612	NLL: 6.787	Brier: 31.375
2024-12-27 08:36:38,905 INFO ####### --- Training Epoch 241 --- #######
2024-12-27 08:36:56,942 INFO Epoch 241 	 Batch 99	LR : 0.00012	Tot. Loss: 0.19
2024-12-27 08:37:11,702 INFO Epoch 241 	 Batch 199	LR : 0.00012	Tot. Loss: 0.19
2024-12-27 08:37:32,654 INFO Epoch 241 	 Batch 299	LR : 0.00012	Tot. Loss: 0.19
2024-12-27 08:37:46,093 INFO ################## 
 ---> Validation Epoch 241	Acc.: 78.820	FPR: 74.221	AUROC: 82.794	AUPR: 52.831	AURC: 66.987	EAURC: 42.781	AUPR Succ.: 94.891	ECE: 7.504	NLL: 6.788	Brier: 31.337
2024-12-27 08:37:46,094 INFO ####### --- Training Epoch 242 --- #######
2024-12-27 08:38:07,410 INFO Epoch 242 	 Batch 99	LR : 0.00012	Tot. Loss: 0.19
2024-12-27 08:38:28,361 INFO Epoch 242 	 Batch 199	LR : 0.00012	Tot. Loss: 0.19
2024-12-27 08:38:49,315 INFO Epoch 242 	 Batch 299	LR : 0.00012	Tot. Loss: 0.19
2024-12-27 08:39:02,790 INFO ################## 
 ---> Validation Epoch 242	Acc.: 78.880	FPR: 74.716	AUROC: 82.759	AUPR: 50.794	AURC: 66.647	EAURC: 42.584	AUPR Succ.: 94.921	ECE: 7.580	NLL: 6.753	Brier: 31.271
2024-12-27 08:39:02,791 INFO ####### --- Training Epoch 243 --- #######
2024-12-27 08:39:23,993 INFO Epoch 243 	 Batch 99	LR : 0.00011	Tot. Loss: 0.19
2024-12-27 08:39:44,952 INFO Epoch 243 	 Batch 199	LR : 0.00011	Tot. Loss: 0.19
2024-12-27 08:40:05,926 INFO Epoch 243 	 Batch 299	LR : 0.00011	Tot. Loss: 0.19
2024-12-27 08:40:19,475 INFO ################## 
 ---> Validation Epoch 243	Acc.: 79.040	FPR: 74.332	AUROC: 82.587	AUPR: 50.547	AURC: 66.350	EAURC: 42.665	AUPR Succ.: 94.922	ECE: 7.543	NLL: 6.750	Brier: 31.273
2024-12-27 08:40:19,477 INFO ####### --- Training Epoch 244 --- #######
2024-12-27 08:40:40,749 INFO Epoch 244 	 Batch 99	LR : 0.00011	Tot. Loss: 0.19
2024-12-27 08:41:01,715 INFO Epoch 244 	 Batch 199	LR : 0.00011	Tot. Loss: 0.19
2024-12-27 08:41:22,673 INFO Epoch 244 	 Batch 299	LR : 0.00011	Tot. Loss: 0.19
2024-12-27 08:41:36,254 INFO ################## 
 ---> Validation Epoch 244	Acc.: 79.340	FPR: 74.637	AUROC: 82.641	AUPR: 50.451	AURC: 65.037	EAURC: 42.052	AUPR Succ.: 95.007	ECE: 7.094	NLL: 6.676	Brier: 30.888
2024-12-27 08:41:36,256 INFO ####### --- Training Epoch 245 --- #######
2024-12-27 08:41:57,492 INFO Epoch 245 	 Batch 99	LR : 0.00011	Tot. Loss: 0.19
2024-12-27 08:42:18,447 INFO Epoch 245 	 Batch 199	LR : 0.00011	Tot. Loss: 0.19
2024-12-27 08:42:39,406 INFO Epoch 245 	 Batch 299	LR : 0.00011	Tot. Loss: 0.19
2024-12-27 08:42:52,980 INFO ################## 
 ---> Validation Epoch 245	Acc.: 78.960	FPR: 75.000	AUROC: 82.615	AUPR: 51.448	AURC: 66.781	EAURC: 42.907	AUPR Succ.: 94.887	ECE: 7.319	NLL: 6.765	Brier: 31.292
2024-12-27 08:42:52,981 INFO ####### --- Training Epoch 246 --- #######
2024-12-27 08:43:14,250 INFO Epoch 246 	 Batch 99	LR : 0.00010	Tot. Loss: 0.19
2024-12-27 08:43:27,276 INFO Epoch 246 	 Batch 199	LR : 0.00010	Tot. Loss: 0.19
2024-12-27 08:43:48,264 INFO Epoch 246 	 Batch 299	LR : 0.00010	Tot. Loss: 0.19
2024-12-27 08:44:01,776 INFO ################## 
 ---> Validation Epoch 246	Acc.: 78.980	FPR: 76.499	AUROC: 82.427	AUPR: 50.279	AURC: 67.153	EAURC: 43.327	AUPR Succ.: 94.840	ECE: 7.449	NLL: 6.786	Brier: 31.358
2024-12-27 08:44:01,778 INFO ####### --- Training Epoch 247 --- #######
2024-12-27 08:44:23,045 INFO Epoch 247 	 Batch 99	LR : 0.00010	Tot. Loss: 0.19
2024-12-27 08:44:44,021 INFO Epoch 247 	 Batch 199	LR : 0.00010	Tot. Loss: 0.19
2024-12-27 08:45:04,996 INFO Epoch 247 	 Batch 299	LR : 0.00010	Tot. Loss: 0.19
2024-12-27 08:45:18,438 INFO ################## 
 ---> Validation Epoch 247	Acc.: 78.680	FPR: 73.358	AUROC: 82.704	AUPR: 52.415	AURC: 67.800	EAURC: 43.260	AUPR Succ.: 94.829	ECE: 7.674	NLL: 6.818	Brier: 31.530
2024-12-27 08:45:18,440 INFO ####### --- Training Epoch 248 --- #######
2024-12-27 08:45:39,656 INFO Epoch 248 	 Batch 99	LR : 0.00010	Tot. Loss: 0.19
2024-12-27 08:46:00,645 INFO Epoch 248 	 Batch 199	LR : 0.00010	Tot. Loss: 0.19
2024-12-27 08:46:21,616 INFO Epoch 248 	 Batch 299	LR : 0.00010	Tot. Loss: 0.19
2024-12-27 08:46:35,014 INFO ################## 
 ---> Validation Epoch 248	Acc.: 78.820	FPR: 74.504	AUROC: 82.680	AUPR: 51.767	AURC: 67.171	EAURC: 42.965	AUPR Succ.: 94.873	ECE: 7.615	NLL: 6.784	Brier: 31.437
2024-12-27 08:46:35,015 INFO ####### --- Training Epoch 249 --- #######
2024-12-27 08:46:56,341 INFO Epoch 249 	 Batch 99	LR : 0.00010	Tot. Loss: 0.19
2024-12-27 08:47:17,320 INFO Epoch 249 	 Batch 199	LR : 0.00010	Tot. Loss: 0.19
2024-12-27 08:47:38,305 INFO Epoch 249 	 Batch 299	LR : 0.00010	Tot. Loss: 0.19
2024-12-27 08:47:51,889 INFO ################## 
 ---> Validation Epoch 249	Acc.: 78.660	FPR: 74.695	AUROC: 82.579	AUPR: 51.109	AURC: 68.040	EAURC: 43.452	AUPR Succ.: 94.809	ECE: 7.628	NLL: 6.849	Brier: 31.688
2024-12-27 08:47:51,891 INFO ####### --- Training Epoch 250 --- #######
2024-12-27 08:48:13,139 INFO Epoch 250 	 Batch 99	LR : 0.00009	Tot. Loss: 0.19
2024-12-27 08:48:34,120 INFO Epoch 250 	 Batch 199	LR : 0.00009	Tot. Loss: 0.19
2024-12-27 08:48:55,098 INFO Epoch 250 	 Batch 299	LR : 0.00009	Tot. Loss: 0.19
2024-12-27 08:49:08,683 INFO ################## 
 ---> Validation Epoch 250	Acc.: 78.720	FPR: 72.838	AUROC: 82.867	AUPR: 52.323	AURC: 67.182	EAURC: 42.738	AUPR Succ.: 94.892	ECE: 7.718	NLL: 6.792	Brier: 31.407
2024-12-27 08:49:08,684 INFO ####### --- Training Epoch 251 --- #######
2024-12-27 08:49:29,963 INFO Epoch 251 	 Batch 99	LR : 0.00009	Tot. Loss: 0.19
2024-12-27 08:49:46,654 INFO Epoch 251 	 Batch 199	LR : 0.00009	Tot. Loss: 0.19
2024-12-27 08:50:02,568 INFO Epoch 251 	 Batch 299	LR : 0.00009	Tot. Loss: 0.19
2024-12-27 08:50:16,159 INFO ################## 
 ---> Validation Epoch 251	Acc.: 78.760	FPR: 72.976	AUROC: 82.877	AUPR: 52.066	AURC: 66.881	EAURC: 42.533	AUPR Succ.: 94.920	ECE: 7.648	NLL: 6.776	Brier: 31.387
2024-12-27 08:50:16,160 INFO ####### --- Training Epoch 252 --- #######
2024-12-27 08:50:37,379 INFO Epoch 252 	 Batch 99	LR : 0.00009	Tot. Loss: 0.19
2024-12-27 08:50:58,338 INFO Epoch 252 	 Batch 199	LR : 0.00009	Tot. Loss: 0.19
2024-12-27 08:51:19,306 INFO Epoch 252 	 Batch 299	LR : 0.00009	Tot. Loss: 0.19
2024-12-27 08:51:32,813 INFO ################## 
 ---> Validation Epoch 252	Acc.: 78.660	FPR: 72.259	AUROC: 82.935	AUPR: 51.873	AURC: 67.289	EAURC: 42.700	AUPR Succ.: 94.892	ECE: 7.944	NLL: 6.792	Brier: 31.426
2024-12-27 08:51:32,815 INFO ####### --- Training Epoch 253 --- #######
2024-12-27 08:51:54,078 INFO Epoch 253 	 Batch 99	LR : 0.00008	Tot. Loss: 0.19
2024-12-27 08:52:15,059 INFO Epoch 253 	 Batch 199	LR : 0.00008	Tot. Loss: 0.19
2024-12-27 08:52:36,024 INFO Epoch 253 	 Batch 299	LR : 0.00008	Tot. Loss: 0.19
2024-12-27 08:52:49,482 INFO ################## 
 ---> Validation Epoch 253	Acc.: 78.680	FPR: 72.795	AUROC: 82.880	AUPR: 52.242	AURC: 67.341	EAURC: 42.801	AUPR Succ.: 94.882	ECE: 7.580	NLL: 6.824	Brier: 31.489
2024-12-27 08:52:49,485 INFO ####### --- Training Epoch 254 --- #######
2024-12-27 08:53:10,730 INFO Epoch 254 	 Batch 99	LR : 0.00008	Tot. Loss: 0.19
2024-12-27 08:53:31,695 INFO Epoch 254 	 Batch 199	LR : 0.00008	Tot. Loss: 0.19
2024-12-27 08:53:52,666 INFO Epoch 254 	 Batch 299	LR : 0.00008	Tot. Loss: 0.19
2024-12-27 08:54:06,107 INFO ################## 
 ---> Validation Epoch 254	Acc.: 78.780	FPR: 72.008	AUROC: 83.085	AUPR: 52.948	AURC: 66.339	EAURC: 42.038	AUPR Succ.: 94.976	ECE: 7.598	NLL: 6.734	Brier: 31.194
2024-12-27 08:54:06,109 INFO ####### --- Training Epoch 255 --- #######
2024-12-27 08:54:27,302 INFO Epoch 255 	 Batch 99	LR : 0.00008	Tot. Loss: 0.19
2024-12-27 08:54:48,264 INFO Epoch 255 	 Batch 199	LR : 0.00008	Tot. Loss: 0.19
2024-12-27 08:55:09,226 INFO Epoch 255 	 Batch 299	LR : 0.00008	Tot. Loss: 0.19
2024-12-27 08:55:22,837 INFO ################## 
 ---> Validation Epoch 255	Acc.: 79.000	FPR: 73.524	AUROC: 82.558	AUPR: 51.063	AURC: 66.833	EAURC: 43.054	AUPR Succ.: 94.870	ECE: 7.325	NLL: 6.746	Brier: 31.227
2024-12-27 08:55:22,839 INFO ####### --- Training Epoch 256 --- #######
2024-12-27 08:55:44,068 INFO Epoch 256 	 Batch 99	LR : 0.00008	Tot. Loss: 0.19
2024-12-27 08:56:05,032 INFO Epoch 256 	 Batch 199	LR : 0.00008	Tot. Loss: 0.19
2024-12-27 08:56:18,027 INFO Epoch 256 	 Batch 299	LR : 0.00008	Tot. Loss: 0.19
2024-12-27 08:56:31,492 INFO ################## 
 ---> Validation Epoch 256	Acc.: 78.780	FPR: 71.536	AUROC: 83.147	AUPR: 52.970	AURC: 66.224	EAURC: 41.923	AUPR Succ.: 94.989	ECE: 7.546	NLL: 6.714	Brier: 31.110
2024-12-27 08:56:31,493 INFO ####### --- Training Epoch 257 --- #######
2024-12-27 08:56:52,684 INFO Epoch 257 	 Batch 99	LR : 0.00007	Tot. Loss: 0.19
2024-12-27 08:57:13,651 INFO Epoch 257 	 Batch 199	LR : 0.00007	Tot. Loss: 0.19
2024-12-27 08:57:34,623 INFO Epoch 257 	 Batch 299	LR : 0.00007	Tot. Loss: 0.19
2024-12-27 08:57:48,042 INFO ################## 
 ---> Validation Epoch 257	Acc.: 78.760	FPR: 74.200	AUROC: 82.604	AUPR: 51.302	AURC: 67.727	EAURC: 43.378	AUPR Succ.: 94.820	ECE: 7.686	NLL: 6.821	Brier: 31.506
2024-12-27 08:57:48,043 INFO ####### --- Training Epoch 258 --- #######
2024-12-27 08:58:09,353 INFO Epoch 258 	 Batch 99	LR : 0.00007	Tot. Loss: 0.19
2024-12-27 08:58:30,327 INFO Epoch 258 	 Batch 199	LR : 0.00007	Tot. Loss: 0.19
2024-12-27 08:58:51,296 INFO Epoch 258 	 Batch 299	LR : 0.00007	Tot. Loss: 0.19
2024-12-27 08:59:04,827 INFO ################## 
 ---> Validation Epoch 258	Acc.: 79.040	FPR: 73.950	AUROC: 82.921	AUPR: 52.172	AURC: 65.568	EAURC: 41.883	AUPR Succ.: 95.011	ECE: 7.378	NLL: 6.693	Brier: 31.017
2024-12-27 08:59:04,829 INFO ####### --- Training Epoch 259 --- #######
2024-12-27 08:59:26,055 INFO Epoch 259 	 Batch 99	LR : 0.00007	Tot. Loss: 0.19
2024-12-27 08:59:47,021 INFO Epoch 259 	 Batch 199	LR : 0.00007	Tot. Loss: 0.19
2024-12-27 09:00:07,988 INFO Epoch 259 	 Batch 299	LR : 0.00007	Tot. Loss: 0.19
2024-12-27 09:00:21,498 INFO ################## 
 ---> Validation Epoch 259	Acc.: 78.800	FPR: 72.642	AUROC: 82.964	AUPR: 52.278	AURC: 66.566	EAURC: 42.313	AUPR Succ.: 94.946	ECE: 7.566	NLL: 6.732	Brier: 31.262
2024-12-27 09:00:21,499 INFO ####### --- Training Epoch 260 --- #######
2024-12-27 09:00:42,797 INFO Epoch 260 	 Batch 99	LR : 0.00007	Tot. Loss: 0.19
2024-12-27 09:01:03,771 INFO Epoch 260 	 Batch 199	LR : 0.00007	Tot. Loss: 0.19
2024-12-27 09:01:24,748 INFO Epoch 260 	 Batch 299	LR : 0.00007	Tot. Loss: 0.19
2024-12-27 09:01:38,184 INFO ################## 
 ---> Validation Epoch 260	Acc.: 78.800	FPR: 72.453	AUROC: 82.815	AUPR: 52.679	AURC: 67.038	EAURC: 42.785	AUPR Succ.: 94.890	ECE: 7.551	NLL: 6.762	Brier: 31.316
2024-12-27 09:01:38,185 INFO ####### --- Training Epoch 261 --- #######
2024-12-27 09:01:59,415 INFO Epoch 261 	 Batch 99	LR : 0.00006	Tot. Loss: 0.19
2024-12-27 09:02:20,383 INFO Epoch 261 	 Batch 199	LR : 0.00006	Tot. Loss: 0.19
2024-12-27 09:02:36,428 INFO Epoch 261 	 Batch 299	LR : 0.00006	Tot. Loss: 0.19
2024-12-27 09:02:45,595 INFO ################## 
 ---> Validation Epoch 261	Acc.: 78.980	FPR: 76.023	AUROC: 82.593	AUPR: 50.604	AURC: 66.656	EAURC: 42.830	AUPR Succ.: 94.899	ECE: 7.523	NLL: 6.757	Brier: 31.314
2024-12-27 09:02:45,597 INFO ####### --- Training Epoch 262 --- #######
2024-12-27 09:03:06,891 INFO Epoch 262 	 Batch 99	LR : 0.00006	Tot. Loss: 0.19
2024-12-27 09:03:27,875 INFO Epoch 262 	 Batch 199	LR : 0.00006	Tot. Loss: 0.19
2024-12-27 09:03:48,860 INFO Epoch 262 	 Batch 299	LR : 0.00006	Tot. Loss: 0.19
2024-12-27 09:04:02,477 INFO ################## 
 ---> Validation Epoch 262	Acc.: 78.620	FPR: 70.627	AUROC: 83.152	AUPR: 53.327	AURC: 66.990	EAURC: 42.306	AUPR Succ.: 94.934	ECE: 7.645	NLL: 6.765	Brier: 31.275
2024-12-27 09:04:02,479 INFO ####### --- Training Epoch 263 --- #######
2024-12-27 09:04:23,741 INFO Epoch 263 	 Batch 99	LR : 0.00006	Tot. Loss: 0.19
2024-12-27 09:04:44,719 INFO Epoch 263 	 Batch 199	LR : 0.00006	Tot. Loss: 0.19
2024-12-27 09:05:05,699 INFO Epoch 263 	 Batch 299	LR : 0.00006	Tot. Loss: 0.19
2024-12-27 09:05:19,302 INFO ################## 
 ---> Validation Epoch 263	Acc.: 78.840	FPR: 73.157	AUROC: 82.926	AUPR: 52.416	AURC: 66.490	EAURC: 42.332	AUPR Succ.: 94.946	ECE: 7.467	NLL: 6.729	Brier: 31.228
2024-12-27 09:05:19,304 INFO ####### --- Training Epoch 264 --- #######
2024-12-27 09:05:40,542 INFO Epoch 264 	 Batch 99	LR : 0.00006	Tot. Loss: 0.19
2024-12-27 09:06:01,516 INFO Epoch 264 	 Batch 199	LR : 0.00006	Tot. Loss: 0.19
2024-12-27 09:06:22,497 INFO Epoch 264 	 Batch 299	LR : 0.00006	Tot. Loss: 0.19
2024-12-27 09:06:36,109 INFO ################## 
 ---> Validation Epoch 264	Acc.: 79.180	FPR: 73.775	AUROC: 82.953	AUPR: 51.881	AURC: 64.976	EAURC: 41.619	AUPR Succ.: 95.047	ECE: 7.216	NLL: 6.665	Brier: 30.827
2024-12-27 09:06:36,111 INFO ####### --- Training Epoch 265 --- #######
2024-12-27 09:06:57,348 INFO Epoch 265 	 Batch 99	LR : 0.00005	Tot. Loss: 0.19
2024-12-27 09:07:18,327 INFO Epoch 265 	 Batch 199	LR : 0.00005	Tot. Loss: 0.19
2024-12-27 09:07:39,318 INFO Epoch 265 	 Batch 299	LR : 0.00005	Tot. Loss: 0.19
2024-12-27 09:07:52,937 INFO ################## 
 ---> Validation Epoch 265	Acc.: 78.380	FPR: 74.006	AUROC: 82.537	AUPR: 52.363	AURC: 69.588	EAURC: 44.323	AUPR Succ.: 94.688	ECE: 7.856	NLL: 6.915	Brier: 31.993
2024-12-27 09:07:52,938 INFO ####### --- Training Epoch 266 --- #######
2024-12-27 09:08:14,177 INFO Epoch 266 	 Batch 99	LR : 0.00005	Tot. Loss: 0.19
2024-12-27 09:08:35,157 INFO Epoch 266 	 Batch 199	LR : 0.00005	Tot. Loss: 0.19
2024-12-27 09:08:55,756 INFO Epoch 266 	 Batch 299	LR : 0.00005	Tot. Loss: 0.19
2024-12-27 09:09:02,738 INFO ################## 
 ---> Validation Epoch 266	Acc.: 79.240	FPR: 73.796	AUROC: 82.803	AUPR: 51.250	AURC: 65.124	EAURC: 41.907	AUPR Succ.: 95.017	ECE: 7.239	NLL: 6.664	Brier: 30.856
2024-12-27 09:09:02,740 INFO ####### --- Training Epoch 267 --- #######
2024-12-27 09:09:22,996 INFO Epoch 267 	 Batch 99	LR : 0.00005	Tot. Loss: 0.19
2024-12-27 09:09:43,987 INFO Epoch 267 	 Batch 199	LR : 0.00005	Tot. Loss: 0.19
2024-12-27 09:10:04,978 INFO Epoch 267 	 Batch 299	LR : 0.00005	Tot. Loss: 0.19
2024-12-27 09:10:18,443 INFO ################## 
 ---> Validation Epoch 267	Acc.: 79.200	FPR: 74.712	AUROC: 82.711	AUPR: 51.335	AURC: 65.517	EAURC: 42.206	AUPR Succ.: 94.980	ECE: 7.328	NLL: 6.712	Brier: 30.988
2024-12-27 09:10:18,444 INFO ####### --- Training Epoch 268 --- #######
2024-12-27 09:10:39,728 INFO Epoch 268 	 Batch 99	LR : 0.00005	Tot. Loss: 0.19
2024-12-27 09:11:00,721 INFO Epoch 268 	 Batch 199	LR : 0.00005	Tot. Loss: 0.19
2024-12-27 09:11:21,717 INFO Epoch 268 	 Batch 299	LR : 0.00005	Tot. Loss: 0.19
2024-12-27 09:11:35,219 INFO ################## 
 ---> Validation Epoch 268	Acc.: 78.720	FPR: 72.650	AUROC: 82.776	AUPR: 52.493	AURC: 67.464	EAURC: 43.020	AUPR Succ.: 94.859	ECE: 7.622	NLL: 6.793	Brier: 31.468
2024-12-27 09:11:35,220 INFO ####### --- Training Epoch 269 --- #######
2024-12-27 09:11:56,547 INFO Epoch 269 	 Batch 99	LR : 0.00005	Tot. Loss: 0.19
2024-12-27 09:12:17,542 INFO Epoch 269 	 Batch 199	LR : 0.00005	Tot. Loss: 0.19
2024-12-27 09:12:38,543 INFO Epoch 269 	 Batch 299	LR : 0.00005	Tot. Loss: 0.19
2024-12-27 09:12:52,073 INFO ################## 
 ---> Validation Epoch 269	Acc.: 79.160	FPR: 74.664	AUROC: 82.748	AUPR: 51.533	AURC: 65.648	EAURC: 42.244	AUPR Succ.: 94.973	ECE: 7.233	NLL: 6.688	Brier: 30.967
2024-12-27 09:12:52,074 INFO ####### --- Training Epoch 270 --- #######
2024-12-27 09:13:13,429 INFO Epoch 270 	 Batch 99	LR : 0.00004	Tot. Loss: 0.19
2024-12-27 09:13:34,445 INFO Epoch 270 	 Batch 199	LR : 0.00004	Tot. Loss: 0.19
2024-12-27 09:13:55,455 INFO Epoch 270 	 Batch 299	LR : 0.00004	Tot. Loss: 0.19
2024-12-27 09:14:08,920 INFO ################## 
 ---> Validation Epoch 270	Acc.: 79.020	FPR: 74.833	AUROC: 82.495	AUPR: 50.922	AURC: 66.761	EAURC: 43.029	AUPR Succ.: 94.877	ECE: 7.367	NLL: 6.763	Brier: 31.290
2024-12-27 09:14:08,921 INFO ####### --- Training Epoch 271 --- #######
2024-12-27 09:14:30,207 INFO Epoch 271 	 Batch 99	LR : 0.00004	Tot. Loss: 0.19
2024-12-27 09:14:51,216 INFO Epoch 271 	 Batch 199	LR : 0.00004	Tot. Loss: 0.19
2024-12-27 09:15:12,228 INFO Epoch 271 	 Batch 299	LR : 0.00004	Tot. Loss: 0.19
2024-12-27 09:15:23,586 INFO ################## 
 ---> Validation Epoch 271	Acc.: 79.120	FPR: 75.862	AUROC: 82.477	AUPR: 49.386	AURC: 66.336	EAURC: 42.838	AUPR Succ.: 94.907	ECE: 7.384	NLL: 6.758	Brier: 31.237
2024-12-27 09:15:23,588 INFO ####### --- Training Epoch 272 --- #######
2024-12-27 09:15:37,836 INFO Epoch 272 	 Batch 99	LR : 0.00004	Tot. Loss: 0.19
2024-12-27 09:15:58,840 INFO Epoch 272 	 Batch 199	LR : 0.00004	Tot. Loss: 0.19
2024-12-27 09:16:19,862 INFO Epoch 272 	 Batch 299	LR : 0.00004	Tot. Loss: 0.19
2024-12-27 09:16:33,399 INFO ################## 
 ---> Validation Epoch 272	Acc.: 78.900	FPR: 74.787	AUROC: 82.704	AUPR: 51.478	AURC: 66.838	EAURC: 42.822	AUPR Succ.: 94.892	ECE: 7.381	NLL: 6.769	Brier: 31.333
2024-12-27 09:16:33,401 INFO ####### --- Training Epoch 273 --- #######
2024-12-27 09:16:54,711 INFO Epoch 273 	 Batch 99	LR : 0.00004	Tot. Loss: 0.19
2024-12-27 09:17:15,710 INFO Epoch 273 	 Batch 199	LR : 0.00004	Tot. Loss: 0.19
2024-12-27 09:17:36,721 INFO Epoch 273 	 Batch 299	LR : 0.00004	Tot. Loss: 0.19
2024-12-27 09:17:50,130 INFO ################## 
 ---> Validation Epoch 273	Acc.: 78.700	FPR: 72.770	AUROC: 82.824	AUPR: 52.499	AURC: 67.398	EAURC: 42.906	AUPR Succ.: 94.871	ECE: 7.641	NLL: 6.792	Brier: 31.458
2024-12-27 09:17:50,132 INFO ####### --- Training Epoch 274 --- #######
2024-12-27 09:18:11,434 INFO Epoch 274 	 Batch 99	LR : 0.00004	Tot. Loss: 0.19
2024-12-27 09:18:32,444 INFO Epoch 274 	 Batch 199	LR : 0.00004	Tot. Loss: 0.19
2024-12-27 09:18:53,452 INFO Epoch 274 	 Batch 299	LR : 0.00004	Tot. Loss: 0.19
2024-12-27 09:19:06,901 INFO ################## 
 ---> Validation Epoch 274	Acc.: 78.860	FPR: 73.037	AUROC: 82.710	AUPR: 51.786	AURC: 67.078	EAURC: 42.967	AUPR Succ.: 94.872	ECE: 7.498	NLL: 6.771	Brier: 31.294
2024-12-27 09:19:06,902 INFO ####### --- Training Epoch 275 --- #######
2024-12-27 09:19:28,186 INFO Epoch 275 	 Batch 99	LR : 0.00004	Tot. Loss: 0.19
2024-12-27 09:19:49,172 INFO Epoch 275 	 Batch 199	LR : 0.00004	Tot. Loss: 0.19
2024-12-27 09:20:10,182 INFO Epoch 275 	 Batch 299	LR : 0.00004	Tot. Loss: 0.19
2024-12-27 09:20:23,850 INFO ################## 
 ---> Validation Epoch 275	Acc.: 78.920	FPR: 72.581	AUROC: 82.939	AUPR: 52.184	AURC: 66.252	EAURC: 42.283	AUPR Succ.: 94.953	ECE: 7.499	NLL: 6.713	Brier: 31.094
2024-12-27 09:20:23,851 INFO ####### --- Training Epoch 276 --- #######
2024-12-27 09:20:45,207 INFO Epoch 276 	 Batch 99	LR : 0.00003	Tot. Loss: 0.19
2024-12-27 09:21:06,201 INFO Epoch 276 	 Batch 199	LR : 0.00003	Tot. Loss: 0.19
2024-12-27 09:21:27,214 INFO Epoch 276 	 Batch 299	LR : 0.00003	Tot. Loss: 0.19
2024-12-27 09:21:40,692 INFO ################## 
 ---> Validation Epoch 276	Acc.: 78.960	FPR: 73.194	AUROC: 83.026	AUPR: 52.467	AURC: 65.763	EAURC: 41.889	AUPR Succ.: 95.003	ECE: 7.482	NLL: 6.706	Brier: 31.050
2024-12-27 09:21:40,693 INFO ####### --- Training Epoch 277 --- #######
2024-12-27 09:21:54,488 INFO Epoch 277 	 Batch 99	LR : 0.00003	Tot. Loss: 0.19
2024-12-27 09:22:14,844 INFO Epoch 277 	 Batch 199	LR : 0.00003	Tot. Loss: 0.19
2024-12-27 09:22:35,861 INFO Epoch 277 	 Batch 299	LR : 0.00003	Tot. Loss: 0.19
2024-12-27 09:22:49,391 INFO ################## 
 ---> Validation Epoch 277	Acc.: 79.100	FPR: 74.928	AUROC: 82.396	AUPR: 50.078	AURC: 66.738	EAURC: 43.193	AUPR Succ.: 94.862	ECE: 7.339	NLL: 6.759	Brier: 31.274
2024-12-27 09:22:49,392 INFO ####### --- Training Epoch 278 --- #######
2024-12-27 09:23:10,688 INFO Epoch 278 	 Batch 99	LR : 0.00003	Tot. Loss: 0.19
2024-12-27 09:23:31,672 INFO Epoch 278 	 Batch 199	LR : 0.00003	Tot. Loss: 0.19
2024-12-27 09:23:52,667 INFO Epoch 278 	 Batch 299	LR : 0.00003	Tot. Loss: 0.19
2024-12-27 09:24:06,176 INFO ################## 
 ---> Validation Epoch 278	Acc.: 78.700	FPR: 73.333	AUROC: 82.991	AUPR: 53.341	AURC: 67.007	EAURC: 42.515	AUPR Succ.: 94.915	ECE: 7.644	NLL: 6.768	Brier: 31.337
2024-12-27 09:24:06,177 INFO ####### --- Training Epoch 279 --- #######
2024-12-27 09:24:27,554 INFO Epoch 279 	 Batch 99	LR : 0.00003	Tot. Loss: 0.19
2024-12-27 09:24:48,547 INFO Epoch 279 	 Batch 199	LR : 0.00003	Tot. Loss: 0.19
2024-12-27 09:25:09,547 INFO Epoch 279 	 Batch 299	LR : 0.00003	Tot. Loss: 0.19
2024-12-27 09:25:23,006 INFO ################## 
 ---> Validation Epoch 279	Acc.: 79.000	FPR: 71.905	AUROC: 82.968	AUPR: 51.889	AURC: 65.804	EAURC: 42.025	AUPR Succ.: 94.988	ECE: 7.331	NLL: 6.686	Brier: 30.977
2024-12-27 09:25:23,008 INFO ####### --- Training Epoch 280 --- #######
2024-12-27 09:25:44,288 INFO Epoch 280 	 Batch 99	LR : 0.00003	Tot. Loss: 0.19
2024-12-27 09:26:05,291 INFO Epoch 280 	 Batch 199	LR : 0.00003	Tot. Loss: 0.19
2024-12-27 09:26:26,302 INFO Epoch 280 	 Batch 299	LR : 0.00003	Tot. Loss: 0.19
2024-12-27 09:26:39,868 INFO ################## 
 ---> Validation Epoch 280	Acc.: 78.960	FPR: 74.715	AUROC: 82.619	AUPR: 50.870	AURC: 66.741	EAURC: 42.867	AUPR Succ.: 94.892	ECE: 7.433	NLL: 6.753	Brier: 31.303
2024-12-27 09:26:39,870 INFO ####### --- Training Epoch 281 --- #######
2024-12-27 09:27:01,192 INFO Epoch 281 	 Batch 99	LR : 0.00003	Tot. Loss: 0.19
2024-12-27 09:27:22,187 INFO Epoch 281 	 Batch 199	LR : 0.00003	Tot. Loss: 0.19
2024-12-27 09:27:43,192 INFO Epoch 281 	 Batch 299	LR : 0.00003	Tot. Loss: 0.19
2024-12-27 09:27:56,658 INFO ################## 
 ---> Validation Epoch 281	Acc.: 78.960	FPR: 75.000	AUROC: 82.590	AUPR: 50.811	AURC: 66.868	EAURC: 42.994	AUPR Succ.: 94.876	ECE: 7.470	NLL: 6.769	Brier: 31.297
2024-12-27 09:27:56,659 INFO ####### --- Training Epoch 282 --- #######
2024-12-27 09:28:14,804 INFO Epoch 282 	 Batch 99	LR : 0.00003	Tot. Loss: 0.19
2024-12-27 09:28:29,736 INFO Epoch 282 	 Batch 199	LR : 0.00003	Tot. Loss: 0.19
2024-12-27 09:28:50,723 INFO Epoch 282 	 Batch 299	LR : 0.00003	Tot. Loss: 0.19
2024-12-27 09:29:04,235 INFO ################## 
 ---> Validation Epoch 282	Acc.: 79.280	FPR: 75.483	AUROC: 82.588	AUPR: 50.500	AURC: 65.459	EAURC: 42.335	AUPR Succ.: 94.971	ECE: 7.236	NLL: 6.689	Brier: 30.945
2024-12-27 09:29:04,236 INFO ####### --- Training Epoch 283 --- #######
2024-12-27 09:29:25,542 INFO Epoch 283 	 Batch 99	LR : 0.00002	Tot. Loss: 0.19
2024-12-27 09:29:46,516 INFO Epoch 283 	 Batch 199	LR : 0.00002	Tot. Loss: 0.19
2024-12-27 09:30:07,492 INFO Epoch 283 	 Batch 299	LR : 0.00002	Tot. Loss: 0.19
2024-12-27 09:30:20,874 INFO ################## 
 ---> Validation Epoch 283	Acc.: 79.040	FPR: 72.615	AUROC: 82.729	AUPR: 50.976	AURC: 66.156	EAURC: 42.471	AUPR Succ.: 94.941	ECE: 7.356	NLL: 6.718	Brier: 31.096
2024-12-27 09:30:20,875 INFO ####### --- Training Epoch 284 --- #######
2024-12-27 09:30:42,152 INFO Epoch 284 	 Batch 99	LR : 0.00002	Tot. Loss: 0.19
2024-12-27 09:31:03,119 INFO Epoch 284 	 Batch 199	LR : 0.00002	Tot. Loss: 0.19
2024-12-27 09:31:24,088 INFO Epoch 284 	 Batch 299	LR : 0.00002	Tot. Loss: 0.19
2024-12-27 09:31:37,544 INFO ################## 
 ---> Validation Epoch 284	Acc.: 79.120	FPR: 73.659	AUROC: 82.698	AUPR: 50.515	AURC: 65.847	EAURC: 42.350	AUPR Succ.: 94.961	ECE: 7.371	NLL: 6.701	Brier: 31.044
2024-12-27 09:31:37,546 INFO ####### --- Training Epoch 285 --- #######
2024-12-27 09:31:58,767 INFO Epoch 285 	 Batch 99	LR : 0.00002	Tot. Loss: 0.19
2024-12-27 09:32:19,740 INFO Epoch 285 	 Batch 199	LR : 0.00002	Tot. Loss: 0.19
2024-12-27 09:32:40,711 INFO Epoch 285 	 Batch 299	LR : 0.00002	Tot. Loss: 0.19
2024-12-27 09:32:54,265 INFO ################## 
 ---> Validation Epoch 285	Acc.: 78.940	FPR: 74.549	AUROC: 82.459	AUPR: 51.069	AURC: 67.240	EAURC: 43.319	AUPR Succ.: 94.839	ECE: 7.540	NLL: 6.783	Brier: 31.414
2024-12-27 09:32:54,266 INFO ####### --- Training Epoch 286 --- #######
2024-12-27 09:33:15,533 INFO Epoch 286 	 Batch 99	LR : 0.00002	Tot. Loss: 0.19
2024-12-27 09:33:36,493 INFO Epoch 286 	 Batch 199	LR : 0.00002	Tot. Loss: 0.19
2024-12-27 09:33:57,458 INFO Epoch 286 	 Batch 299	LR : 0.00002	Tot. Loss: 0.19
2024-12-27 09:34:11,062 INFO ################## 
 ---> Validation Epoch 286	Acc.: 78.940	FPR: 74.454	AUROC: 82.731	AUPR: 51.761	AURC: 66.611	EAURC: 42.690	AUPR Succ.: 94.909	ECE: 7.548	NLL: 6.757	Brier: 31.258
2024-12-27 09:34:11,064 INFO ####### --- Training Epoch 287 --- #######
2024-12-27 09:34:32,300 INFO Epoch 287 	 Batch 99	LR : 0.00002	Tot. Loss: 0.19
2024-12-27 09:34:45,182 INFO Epoch 287 	 Batch 199	LR : 0.00002	Tot. Loss: 0.19
2024-12-27 09:35:06,141 INFO Epoch 287 	 Batch 299	LR : 0.00002	Tot. Loss: 0.19
2024-12-27 09:35:19,627 INFO ################## 
 ---> Validation Epoch 287	Acc.: 79.020	FPR: 74.071	AUROC: 82.761	AUPR: 51.308	AURC: 66.093	EAURC: 42.361	AUPR Succ.: 94.954	ECE: 7.388	NLL: 6.714	Brier: 31.145
2024-12-27 09:35:19,629 INFO ####### --- Training Epoch 288 --- #######
2024-12-27 09:35:40,889 INFO Epoch 288 	 Batch 99	LR : 0.00002	Tot. Loss: 0.19
2024-12-27 09:36:01,839 INFO Epoch 288 	 Batch 199	LR : 0.00002	Tot. Loss: 0.19
2024-12-27 09:36:22,795 INFO Epoch 288 	 Batch 299	LR : 0.00002	Tot. Loss: 0.19
2024-12-27 09:36:36,230 INFO ################## 
 ---> Validation Epoch 288	Acc.: 79.020	FPR: 75.310	AUROC: 82.639	AUPR: 51.183	AURC: 66.434	EAURC: 42.702	AUPR Succ.: 94.914	ECE: 7.364	NLL: 6.741	Brier: 31.221
2024-12-27 09:36:36,231 INFO ####### --- Training Epoch 289 --- #######
2024-12-27 09:36:57,614 INFO Epoch 289 	 Batch 99	LR : 0.00002	Tot. Loss: 0.19
2024-12-27 09:37:18,578 INFO Epoch 289 	 Batch 199	LR : 0.00002	Tot. Loss: 0.19
2024-12-27 09:37:39,534 INFO Epoch 289 	 Batch 299	LR : 0.00002	Tot. Loss: 0.19
2024-12-27 09:37:53,008 INFO ################## 
 ---> Validation Epoch 289	Acc.: 79.220	FPR: 76.901	AUROC: 82.342	AUPR: 49.603	AURC: 66.315	EAURC: 43.051	AUPR Succ.: 94.886	ECE: 7.377	NLL: 6.747	Brier: 31.195
2024-12-27 09:37:53,010 INFO ####### --- Training Epoch 290 --- #######
2024-12-27 09:38:14,332 INFO Epoch 290 	 Batch 99	LR : 0.00002	Tot. Loss: 0.19
2024-12-27 09:38:35,295 INFO Epoch 290 	 Batch 199	LR : 0.00002	Tot. Loss: 0.19
2024-12-27 09:38:56,260 INFO Epoch 290 	 Batch 299	LR : 0.00002	Tot. Loss: 0.19
2024-12-27 09:39:09,705 INFO ################## 
 ---> Validation Epoch 290	Acc.: 79.180	FPR: 75.408	AUROC: 82.477	AUPR: 50.426	AURC: 66.173	EAURC: 42.816	AUPR Succ.: 94.910	ECE: 7.396	NLL: 6.730	Brier: 31.143
2024-12-27 09:39:09,706 INFO ####### --- Training Epoch 291 --- #######
2024-12-27 09:39:30,930 INFO Epoch 291 	 Batch 99	LR : 0.00002	Tot. Loss: 0.19
2024-12-27 09:39:51,891 INFO Epoch 291 	 Batch 199	LR : 0.00002	Tot. Loss: 0.19
2024-12-27 09:40:12,858 INFO Epoch 291 	 Batch 299	LR : 0.00002	Tot. Loss: 0.19
2024-12-27 09:40:26,478 INFO ################## 
 ---> Validation Epoch 291	Acc.: 78.880	FPR: 73.106	AUROC: 82.766	AUPR: 52.251	AURC: 66.835	EAURC: 42.772	AUPR Succ.: 94.895	ECE: 7.408	NLL: 6.757	Brier: 31.279
2024-12-27 09:40:26,479 INFO ####### --- Training Epoch 292 --- #######
2024-12-27 09:40:47,695 INFO Epoch 292 	 Batch 99	LR : 0.00002	Tot. Loss: 0.19
2024-12-27 09:41:04,391 INFO Epoch 292 	 Batch 199	LR : 0.00002	Tot. Loss: 0.19
2024-12-27 09:41:20,480 INFO Epoch 292 	 Batch 299	LR : 0.00002	Tot. Loss: 0.19
2024-12-27 09:41:34,076 INFO ################## 
 ---> Validation Epoch 292	Acc.: 78.960	FPR: 74.810	AUROC: 82.636	AUPR: 50.659	AURC: 66.723	EAURC: 42.849	AUPR Succ.: 94.894	ECE: 7.497	NLL: 6.755	Brier: 31.274
2024-12-27 09:41:34,077 INFO ####### --- Training Epoch 293 --- #######
2024-12-27 09:41:55,319 INFO Epoch 293 	 Batch 99	LR : 0.00001	Tot. Loss: 0.19
2024-12-27 09:42:16,301 INFO Epoch 293 	 Batch 199	LR : 0.00001	Tot. Loss: 0.19
2024-12-27 09:42:37,279 INFO Epoch 293 	 Batch 299	LR : 0.00001	Tot. Loss: 0.19
2024-12-27 09:42:50,865 INFO ################## 
 ---> Validation Epoch 293	Acc.: 78.960	FPR: 74.810	AUROC: 82.526	AUPR: 51.003	AURC: 67.012	EAURC: 43.139	AUPR Succ.: 94.860	ECE: 7.401	NLL: 6.772	Brier: 31.347
2024-12-27 09:42:50,866 INFO ####### --- Training Epoch 294 --- #######
2024-12-27 09:43:12,124 INFO Epoch 294 	 Batch 99	LR : 0.00001	Tot. Loss: 0.19
2024-12-27 09:43:33,105 INFO Epoch 294 	 Batch 199	LR : 0.00001	Tot. Loss: 0.19
2024-12-27 09:43:54,083 INFO Epoch 294 	 Batch 299	LR : 0.00001	Tot. Loss: 0.19
2024-12-27 09:44:07,557 INFO ################## 
 ---> Validation Epoch 294	Acc.: 78.660	FPR: 73.196	AUROC: 82.883	AUPR: 53.009	AURC: 67.459	EAURC: 42.871	AUPR Succ.: 94.872	ECE: 7.665	NLL: 6.798	Brier: 31.454
2024-12-27 09:44:07,559 INFO ####### --- Training Epoch 295 --- #######
2024-12-27 09:44:28,777 INFO Epoch 295 	 Batch 99	LR : 0.00001	Tot. Loss: 0.19
2024-12-27 09:44:49,755 INFO Epoch 295 	 Batch 199	LR : 0.00001	Tot. Loss: 0.19
2024-12-27 09:45:10,742 INFO Epoch 295 	 Batch 299	LR : 0.00001	Tot. Loss: 0.19
2024-12-27 09:45:24,272 INFO ################## 
 ---> Validation Epoch 295	Acc.: 79.120	FPR: 74.713	AUROC: 82.615	AUPR: 50.974	AURC: 66.072	EAURC: 42.575	AUPR Succ.: 94.934	ECE: 7.326	NLL: 6.720	Brier: 31.105
2024-12-27 09:45:24,273 INFO ####### --- Training Epoch 296 --- #######
2024-12-27 09:45:45,530 INFO Epoch 296 	 Batch 99	LR : 0.00001	Tot. Loss: 0.19
2024-12-27 09:46:06,510 INFO Epoch 296 	 Batch 199	LR : 0.00001	Tot. Loss: 0.19
2024-12-27 09:46:27,483 INFO Epoch 296 	 Batch 299	LR : 0.00001	Tot. Loss: 0.19
2024-12-27 09:46:41,024 INFO ################## 
 ---> Validation Epoch 296	Acc.: 78.980	FPR: 74.025	AUROC: 82.895	AUPR: 51.909	AURC: 66.023	EAURC: 42.197	AUPR Succ.: 94.969	ECE: 7.471	NLL: 6.710	Brier: 31.100
2024-12-27 09:46:41,026 INFO ####### --- Training Epoch 297 --- #######
2024-12-27 09:47:02,311 INFO Epoch 297 	 Batch 99	LR : 0.00001	Tot. Loss: 0.19
2024-12-27 09:47:23,291 INFO Epoch 297 	 Batch 199	LR : 0.00001	Tot. Loss: 0.19
2024-12-27 09:47:36,362 INFO Epoch 297 	 Batch 299	LR : 0.00001	Tot. Loss: 0.19
2024-12-27 09:47:49,926 INFO ################## 
 ---> Validation Epoch 297	Acc.: 78.920	FPR: 73.150	AUROC: 82.745	AUPR: 52.082	AURC: 66.687	EAURC: 42.719	AUPR Succ.: 94.904	ECE: 7.520	NLL: 6.749	Brier: 31.236
2024-12-27 09:47:49,927 INFO ####### --- Training Epoch 298 --- #######
2024-12-27 09:48:11,173 INFO Epoch 298 	 Batch 99	LR : 0.00001	Tot. Loss: 0.19
2024-12-27 09:48:32,157 INFO Epoch 298 	 Batch 199	LR : 0.00001	Tot. Loss: 0.19
2024-12-27 09:48:53,142 INFO Epoch 298 	 Batch 299	LR : 0.00001	Tot. Loss: 0.19
2024-12-27 09:49:06,573 INFO ################## 
 ---> Validation Epoch 298	Acc.: 78.980	FPR: 73.930	AUROC: 82.570	AUPR: 51.093	AURC: 66.846	EAURC: 43.019	AUPR Succ.: 94.874	ECE: 7.424	NLL: 6.772	Brier: 31.305
2024-12-27 09:49:06,574 INFO ####### --- Training Epoch 299 --- #######
2024-12-27 09:49:27,836 INFO Epoch 299 	 Batch 99	LR : 0.00001	Tot. Loss: 0.19
2024-12-27 09:49:48,814 INFO Epoch 299 	 Batch 199	LR : 0.00001	Tot. Loss: 0.19
2024-12-27 09:50:09,800 INFO Epoch 299 	 Batch 299	LR : 0.00001	Tot. Loss: 0.19
2024-12-27 09:50:23,368 INFO ################## 
 ---> Validation Epoch 299	Acc.: 79.020	FPR: 73.785	AUROC: 82.581	AUPR: 51.155	AURC: 66.653	EAURC: 42.921	AUPR Succ.: 94.888	ECE: 7.413	NLL: 6.749	Brier: 31.227
2024-12-27 14:04:34,723 INFO {
    "attn_type": "kep_svgp",
    "backbone": "mlp_mixer",
    "batch_size": 128,
    "beta1": 0.9,
    "beta2": 0.999,
    "concate": true,
    "corruption_dir": "./data",
    "dataset": "cifar10",
    "depth": 7,
    "eta_kl": 1.0,
    "eta_ksvd": 10.0,
    "gpu": "1",
    "hdim": 384,
    "ksvd_layers": 7,
    "low_rank": 10,
    "lr": 0.001,
    "min_lr": 1e-05,
    "model": "diffusion",
    "nb_cls": 10,
    "nb_epochs": 300,
    "nb_run": 1,
    "nb_worker": 4,
    "num_heads": 12,
    "pretrained_dir": "../experiments/CIFAR10_out/vit_out_cat",
    "rank_multi": 10,
    "save_dir": "../experiments/CIFAR10_out/diffusion",
    "seed": 0,
    "stage": 1,
    "subcommand": "Cifar10",
    "test_dir": "../data/CIFAR10/test",
    "train_dir": "../data/CIFAR10/train",
    "val_dir": "../data/CIFAR10/val",
    "wandb_key": "6cf7b84d1bd52c9eb1e5eade43f583a8059231f2",
    "warmup_epoch": 5,
    "weight_decay": 5e-05
}
2024-12-27 14:04:34,880 INFO ####################################################################################################
1 / 1 Running
2024-12-27 14:04:34,885 INFO Using diffusion ...
2024-12-27 14:04:40,259 INFO Using q_distribution ...
2024-12-27 14:04:40,652 INFO ####### --- Training Epoch 0 --- #######
2024-12-27 14:05:38,559 INFO {
    "attn_type": "kep_svgp",
    "backbone": "mlp_mixer",
    "batch_size": 128,
    "beta1": 0.9,
    "beta2": 0.999,
    "concate": true,
    "corruption_dir": "./data",
    "dataset": "cifar10",
    "depth": 7,
    "eta_kl": 1.0,
    "eta_ksvd": 10.0,
    "gpu": "1",
    "hdim": 384,
    "ksvd_layers": 7,
    "low_rank": 10,
    "lr": 0.001,
    "min_lr": 1e-05,
    "model": "diffusion",
    "nb_cls": 10,
    "nb_epochs": 300,
    "nb_run": 1,
    "nb_worker": 4,
    "num_heads": 12,
    "pretrained_dir": "../experiments/CIFAR10_out/vit_out_cat",
    "rank_multi": 10,
    "save_dir": "../experiments/CIFAR10_out/diffusion",
    "seed": 0,
    "stage": 1,
    "subcommand": "Cifar10",
    "test_dir": "../data/CIFAR10/test",
    "train_dir": "../data/CIFAR10/train",
    "val_dir": "../data/CIFAR10/val",
    "wandb_key": "6cf7b84d1bd52c9eb1e5eade43f583a8059231f2",
    "warmup_epoch": 5,
    "weight_decay": 5e-05
}
2024-12-27 14:05:38,905 INFO ####################################################################################################
1 / 1 Running
2024-12-27 14:05:38,912 INFO Using diffusion ...
2024-12-27 14:05:43,891 INFO Using q_distribution ...
2024-12-27 14:05:43,945 INFO ####### --- Training Epoch 0 --- #######
2024-12-27 14:07:29,586 INFO {
    "attn_type": "kep_svgp",
    "backbone": "mlp_mixer",
    "batch_size": 128,
    "beta1": 0.9,
    "beta2": 0.999,
    "concate": true,
    "corruption_dir": "./data",
    "dataset": "cifar10",
    "depth": 7,
    "eta_kl": 1.0,
    "eta_ksvd": 10.0,
    "gpu": "1",
    "hdim": 384,
    "ksvd_layers": 7,
    "low_rank": 10,
    "lr": 0.001,
    "min_lr": 1e-05,
    "model": "diffusion",
    "nb_cls": 10,
    "nb_epochs": 300,
    "nb_run": 1,
    "nb_worker": 4,
    "num_heads": 12,
    "pretrained_dir": "../experiments/CIFAR10_out/vit_out_cat",
    "rank_multi": 10,
    "save_dir": "../experiments/CIFAR10_out/diffusion",
    "seed": 0,
    "stage": 1,
    "subcommand": "Cifar10",
    "test_dir": "../data/CIFAR10/test",
    "train_dir": "../data/CIFAR10/train",
    "val_dir": "../data/CIFAR10/val",
    "wandb_key": "6cf7b84d1bd52c9eb1e5eade43f583a8059231f2",
    "warmup_epoch": 5,
    "weight_decay": 5e-05
}
2024-12-27 14:07:29,742 INFO ####################################################################################################
1 / 1 Running
2024-12-27 14:07:29,747 INFO Using diffusion ...
2024-12-27 14:07:34,706 INFO Using q_distribution ...
2024-12-27 14:07:34,751 INFO ####### --- Training Epoch 0 --- #######
2024-12-27 14:08:06,176 INFO {
    "attn_type": "kep_svgp",
    "backbone": "mlp_mixer",
    "batch_size": 128,
    "beta1": 0.9,
    "beta2": 0.999,
    "concate": true,
    "corruption_dir": "./data",
    "dataset": "cifar10",
    "depth": 7,
    "eta_kl": 1.0,
    "eta_ksvd": 10.0,
    "gpu": "0",
    "hdim": 384,
    "ksvd_layers": 7,
    "low_rank": 10,
    "lr": 0.001,
    "min_lr": 1e-05,
    "model": "diffusion",
    "nb_cls": 10,
    "nb_epochs": 300,
    "nb_run": 1,
    "nb_worker": 4,
    "num_heads": 12,
    "pretrained_dir": "../experiments/CIFAR10_out/vit_out_cat",
    "rank_multi": 10,
    "save_dir": "../experiments/CIFAR10_out/diffusion",
    "seed": 0,
    "stage": 1,
    "subcommand": "Cifar10",
    "test_dir": "../data/CIFAR10/test",
    "train_dir": "../data/CIFAR10/train",
    "val_dir": "../data/CIFAR10/val",
    "wandb_key": "6cf7b84d1bd52c9eb1e5eade43f583a8059231f2",
    "warmup_epoch": 5,
    "weight_decay": 5e-05
}
2024-12-27 14:08:06,330 INFO ####################################################################################################
1 / 1 Running
2024-12-27 14:08:06,335 INFO Using diffusion ...
2024-12-27 14:08:12,501 INFO Using q_distribution ...
2024-12-27 14:08:12,902 INFO ####### --- Training Epoch 0 --- #######
2024-12-27 16:40:48,226 INFO {
    "attn_type": "kep_svgp",
    "backbone": "mlp_mixer",
    "batch_size": 128,
    "beta1": 0.9,
    "beta2": 0.999,
    "concate": true,
    "corruption_dir": "./data",
    "dataset": "cifar10",
    "depth": 7,
    "eta_kl": 1.0,
    "eta_ksvd": 10.0,
    "gpu": "0",
    "hdim": 384,
    "ksvd_layers": 7,
    "low_rank": 10,
    "lr": 0.001,
    "min_lr": 1e-05,
    "model": "diffusion",
    "nb_cls": 10,
    "nb_epochs": 300,
    "nb_run": 1,
    "nb_worker": 4,
    "num_heads": 12,
    "pretrained_dir": "../experiments/CIFAR10_out/vit_out_cat",
    "rank_multi": 10,
    "save_dir": "../experiments/CIFAR10_out/diffusion",
    "seed": 0,
    "stage": 1,
    "subcommand": "Cifar10",
    "test_dir": "../data/CIFAR10/test",
    "train_dir": "../data/CIFAR10/train",
    "val_dir": "../data/CIFAR10/val",
    "wandb_key": "6cf7b84d1bd52c9eb1e5eade43f583a8059231f2",
    "warmup_epoch": 5,
    "weight_decay": 5e-05
}
2024-12-27 16:40:48,380 INFO ####################################################################################################
1 / 1 Running
2024-12-27 16:40:48,385 INFO Using diffusion ...
2024-12-27 16:40:54,508 INFO Using q_distribution ...
2024-12-27 16:40:54,855 INFO ####### --- Training Epoch 0 --- #######
2024-12-27 16:41:25,364 INFO Epoch 0 	 Batch 99	LR : 0.00000	Tot. Loss: 4.98
2024-12-27 16:41:53,241 INFO Epoch 0 	 Batch 199	LR : 0.00000	Tot. Loss: 4.98
2024-12-27 16:42:21,343 INFO Epoch 0 	 Batch 299	LR : 0.00000	Tot. Loss: 4.98
2024-12-27 16:42:39,572 INFO ################## 
 ---> Validation Epoch 0	Acc.: 10.000	FPR: 82.089	AUROC: 71.277	AUPR: 95.198	AURC: 822.185	EAURC: 152.444	AUPR Succ.: 24.282	ECE: 87.904	NLL: 131.127	Brier: 175.788
2024-12-27 16:42:39,573 INFO Accuracy improved from 0.00 to 10.00!!!
2024-12-27 16:42:39,577 INFO AUROC improved from 0.00 to 71.28!!!
2024-12-27 16:42:39,581 INFO AURC decreased from 1000000.00 to 822.19!!!
2024-12-27 16:42:39,585 INFO ####### --- Training Epoch 1 --- #######
2024-12-27 16:43:07,456 INFO Epoch 1 	 Batch 99	LR : 0.00020	Tot. Loss: 1.59
2024-12-27 16:43:34,881 INFO Epoch 1 	 Batch 199	LR : 0.00020	Tot. Loss: 1.12
2024-12-27 16:44:02,273 INFO Epoch 1 	 Batch 299	LR : 0.00020	Tot. Loss: 1.03
2024-12-27 16:44:18,358 INFO ################## 
 ---> Validation Epoch 1	Acc.: 10.180	FPR: 95.435	AUROC: 45.919	AUPR: 88.857	AURC: 909.946	EAURC: 244.333	AUPR Succ.: 9.117	ECE: 57.184	NLL: 71.861	Brier: 136.330
2024-12-27 16:44:18,359 INFO Accuracy improved from 10.00 to 10.18!!!
2024-12-27 16:44:18,392 INFO ####### --- Training Epoch 2 --- #######
2024-12-27 16:44:46,485 INFO Epoch 2 	 Batch 99	LR : 0.00040	Tot. Loss: 0.92
2024-12-27 16:45:14,023 INFO Epoch 2 	 Batch 199	LR : 0.00040	Tot. Loss: 0.86
2024-12-27 16:45:41,606 INFO Epoch 2 	 Batch 299	LR : 0.00040	Tot. Loss: 0.81
2024-12-27 16:45:59,104 INFO ################## 
 ---> Validation Epoch 2	Acc.: 13.060	FPR: 93.536	AUROC: 55.088	AUPR: 88.604	AURC: 850.882	EAURC: 247.333	AUPR Succ.: 15.280	ECE: 55.770	NLL: 62.478	Brier: 132.183
2024-12-27 16:45:59,104 INFO Accuracy improved from 10.18 to 13.06!!!
2024-12-27 16:45:59,110 INFO ####### --- Training Epoch 3 --- #######
2024-12-27 16:46:26,923 INFO Epoch 3 	 Batch 99	LR : 0.00060	Tot. Loss: 0.76
2024-12-27 16:46:54,643 INFO Epoch 3 	 Batch 199	LR : 0.00060	Tot. Loss: 0.74
2024-12-27 16:47:22,254 INFO Epoch 3 	 Batch 299	LR : 0.00060	Tot. Loss: 0.72
2024-12-27 16:47:39,999 INFO ################## 
 ---> Validation Epoch 3	Acc.: 18.580	FPR: 91.968	AUROC: 59.555	AUPR: 85.180	AURC: 757.137	EAURC: 255.655	AUPR Succ.: 25.986	ECE: 43.623	NLL: 47.818	Brier: 115.492
2024-12-27 16:47:40,000 INFO Accuracy improved from 13.06 to 18.58!!!
2024-12-27 16:47:40,004 INFO AURC decreased from 822.19 to 757.14!!!
2024-12-27 16:47:40,009 INFO ####### --- Training Epoch 4 --- #######
2024-12-27 16:48:07,772 INFO Epoch 4 	 Batch 99	LR : 0.00080	Tot. Loss: 0.69
2024-12-27 16:48:35,515 INFO Epoch 4 	 Batch 199	LR : 0.00080	Tot. Loss: 0.68
2024-12-27 16:48:58,291 INFO Epoch 4 	 Batch 299	LR : 0.00080	Tot. Loss: 0.66
2024-12-27 16:49:14,713 INFO ################## 
 ---> Validation Epoch 4	Acc.: 20.580	FPR: 91.463	AUROC: 61.863	AUPR: 84.461	AURC: 720.520	EAURC: 251.659	AUPR Succ.: 30.296	ECE: 46.861	NLL: 47.920	Brier: 117.527
2024-12-27 16:49:14,714 INFO Accuracy improved from 18.58 to 20.58!!!
2024-12-27 16:49:14,719 INFO AURC decreased from 757.14 to 720.52!!!
2024-12-27 16:49:14,725 INFO ####### --- Training Epoch 5 --- #######
2024-12-27 16:49:42,699 INFO Epoch 5 	 Batch 99	LR : 0.00100	Tot. Loss: 0.64
2024-12-27 16:50:10,263 INFO Epoch 5 	 Batch 199	LR : 0.00100	Tot. Loss: 0.63
2024-12-27 16:50:37,792 INFO Epoch 5 	 Batch 299	LR : 0.00100	Tot. Loss: 0.62
2024-12-27 16:50:55,734 INFO ################## 
 ---> Validation Epoch 5	Acc.: 25.900	FPR: 87.665	AUROC: 63.400	AUPR: 81.849	AURC: 639.896	EAURC: 248.786	AUPR Succ.: 39.896	ECE: 45.090	NLL: 41.626	Brier: 111.665
2024-12-27 16:50:55,735 INFO Accuracy improved from 20.58 to 25.90!!!
2024-12-27 16:50:55,739 INFO AURC decreased from 720.52 to 639.90!!!
2024-12-27 16:50:55,746 INFO ####### --- Training Epoch 6 --- #######
2024-12-27 16:51:23,855 INFO Epoch 6 	 Batch 99	LR : 0.00100	Tot. Loss: 0.61
2024-12-27 16:51:51,334 INFO Epoch 6 	 Batch 199	LR : 0.00100	Tot. Loss: 0.60
2024-12-27 16:52:18,990 INFO Epoch 6 	 Batch 299	LR : 0.00100	Tot. Loss: 0.59
2024-12-27 16:52:36,880 INFO ################## 
 ---> Validation Epoch 6	Acc.: 29.840	FPR: 88.084	AUROC: 65.451	AUPR: 79.896	AURC: 578.885	EAURC: 238.146	AUPR Succ.: 46.784	ECE: 39.111	NLL: 34.080	Brier: 101.712
2024-12-27 16:52:36,881 INFO Accuracy improved from 25.90 to 29.84!!!
2024-12-27 16:52:36,886 INFO AURC decreased from 639.90 to 578.88!!!
2024-12-27 16:52:36,892 INFO ####### --- Training Epoch 7 --- #######
2024-12-27 16:53:04,756 INFO Epoch 7 	 Batch 99	LR : 0.00100	Tot. Loss: 0.59
2024-12-27 16:53:32,574 INFO Epoch 7 	 Batch 199	LR : 0.00100	Tot. Loss: 0.58
2024-12-27 16:54:00,135 INFO Epoch 7 	 Batch 299	LR : 0.00100	Tot. Loss: 0.57
2024-12-27 16:54:18,041 INFO ################## 
 ---> Validation Epoch 7	Acc.: 33.580	FPR: 88.979	AUROC: 66.177	AUPR: 77.130	AURC: 524.513	EAURC: 226.752	AUPR Succ.: 52.972	ECE: 36.619	NLL: 29.164	Brier: 96.264
2024-12-27 16:54:18,042 INFO Accuracy improved from 29.84 to 33.58!!!
2024-12-27 16:54:18,046 INFO AURC decreased from 578.88 to 524.51!!!
2024-12-27 16:54:18,051 INFO ####### --- Training Epoch 8 --- #######
2024-12-27 16:54:45,916 INFO Epoch 8 	 Batch 99	LR : 0.00100	Tot. Loss: 0.57
2024-12-27 16:55:13,416 INFO Epoch 8 	 Batch 199	LR : 0.00100	Tot. Loss: 0.56
2024-12-27 16:55:41,093 INFO Epoch 8 	 Batch 299	LR : 0.00100	Tot. Loss: 0.56
2024-12-27 16:55:59,046 INFO ################## 
 ---> Validation Epoch 8	Acc.: 33.700	FPR: 87.059	AUROC: 68.624	AUPR: 78.657	AURC: 501.917	EAURC: 205.463	AUPR Succ.: 56.903	ECE: 36.469	NLL: 29.098	Brier: 95.587
2024-12-27 16:55:59,046 INFO Accuracy improved from 33.58 to 33.70!!!
2024-12-27 16:55:59,051 INFO AURC decreased from 524.51 to 501.92!!!
2024-12-27 16:55:59,056 INFO ####### --- Training Epoch 9 --- #######
2024-12-27 16:56:27,066 INFO Epoch 9 	 Batch 99	LR : 0.00100	Tot. Loss: 0.55
2024-12-27 16:56:54,658 INFO Epoch 9 	 Batch 199	LR : 0.00100	Tot. Loss: 0.55
2024-12-27 16:57:22,159 INFO Epoch 9 	 Batch 299	LR : 0.00100	Tot. Loss: 0.54
2024-12-27 16:57:39,896 INFO ################## 
 ---> Validation Epoch 9	Acc.: 38.840	FPR: 88.555	AUROC: 66.756	AUPR: 73.052	AURC: 459.747	EAURC: 215.464	AUPR Succ.: 59.420	ECE: 33.856	NLL: 25.605	Brier: 89.858
2024-12-27 16:57:39,896 INFO Accuracy improved from 33.70 to 38.84!!!
2024-12-27 16:57:39,901 INFO AURC decreased from 501.92 to 459.75!!!
2024-12-27 16:57:39,906 INFO ####### --- Training Epoch 10 --- #######
2024-12-27 16:58:07,750 INFO Epoch 10 	 Batch 99	LR : 0.00100	Tot. Loss: 0.54
2024-12-27 16:58:32,499 INFO Epoch 10 	 Batch 199	LR : 0.00100	Tot. Loss: 0.53
2024-12-27 16:58:59,266 INFO Epoch 10 	 Batch 299	LR : 0.00100	Tot. Loss: 0.53
2024-12-27 16:59:17,042 INFO ################## 
 ---> Validation Epoch 10	Acc.: 38.980	FPR: 88.561	AUROC: 66.900	AUPR: 73.002	AURC: 455.311	EAURC: 212.350	AUPR Succ.: 60.074	ECE: 32.227	NLL: 23.521	Brier: 87.837
2024-12-27 16:59:17,043 INFO Accuracy improved from 38.84 to 38.98!!!
2024-12-27 16:59:17,047 INFO AURC decreased from 459.75 to 455.31!!!
2024-12-27 16:59:17,052 INFO ####### --- Training Epoch 11 --- #######
2024-12-27 16:59:44,977 INFO Epoch 11 	 Batch 99	LR : 0.00100	Tot. Loss: 0.53
2024-12-27 17:00:12,623 INFO Epoch 11 	 Batch 199	LR : 0.00100	Tot. Loss: 0.52
2024-12-27 17:00:40,072 INFO Epoch 11 	 Batch 299	LR : 0.00100	Tot. Loss: 0.52
2024-12-27 17:00:57,971 INFO ################## 
 ---> Validation Epoch 11	Acc.: 40.040	FPR: 88.392	AUROC: 67.636	AUPR: 72.770	AURC: 439.466	EAURC: 206.349	AUPR Succ.: 61.729	ECE: 29.693	NLL: 20.339	Brier: 84.036
2024-12-27 17:00:57,972 INFO Accuracy improved from 38.98 to 40.04!!!
2024-12-27 17:00:57,977 INFO AURC decreased from 455.31 to 439.47!!!
2024-12-27 17:00:57,981 INFO ####### --- Training Epoch 12 --- #######
2024-12-27 17:01:25,981 INFO Epoch 12 	 Batch 99	LR : 0.00100	Tot. Loss: 0.52
2024-12-27 17:01:53,550 INFO Epoch 12 	 Batch 199	LR : 0.00100	Tot. Loss: 0.52
2024-12-27 17:02:21,160 INFO Epoch 12 	 Batch 299	LR : 0.00100	Tot. Loss: 0.51
2024-12-27 17:02:38,896 INFO ################## 
 ---> Validation Epoch 12	Acc.: 35.060	FPR: 88.112	AUROC: 62.919	AUPR: 74.482	AURC: 535.476	EAURC: 253.543	AUPR Succ.: 50.237	ECE: 28.891	NLL: 20.639	Brier: 88.552
2024-12-27 17:02:38,897 INFO ####### --- Training Epoch 13 --- #######
2024-12-27 17:03:06,716 INFO Epoch 13 	 Batch 99	LR : 0.00100	Tot. Loss: 0.51
2024-12-27 17:03:32,299 INFO Epoch 13 	 Batch 199	LR : 0.00100	Tot. Loss: 0.51
2024-12-27 17:03:59,799 INFO Epoch 13 	 Batch 299	LR : 0.00100	Tot. Loss: 0.51
2024-12-27 17:04:17,777 INFO ################## 
 ---> Validation Epoch 13	Acc.: 22.700	FPR: 90.479	AUROC: 61.697	AUPR: 82.798	AURC: 687.469	EAURC: 251.066	AUPR Succ.: 34.680	ECE: 42.388	NLL: 29.849	Brier: 108.442
2024-12-27 17:04:17,779 INFO ####### --- Training Epoch 14 --- #######
2024-12-27 17:04:45,680 INFO Epoch 14 	 Batch 99	LR : 0.00100	Tot. Loss: 0.50
2024-12-27 17:05:13,154 INFO Epoch 14 	 Batch 199	LR : 0.00100	Tot. Loss: 0.50
2024-12-27 17:05:40,800 INFO Epoch 14 	 Batch 299	LR : 0.00100	Tot. Loss: 0.50
2024-12-27 17:05:58,638 INFO ################## 
 ---> Validation Epoch 14	Acc.: 23.480	FPR: 89.833	AUROC: 63.546	AUPR: 83.395	AURC: 667.345	EAURC: 242.375	AUPR Succ.: 37.391	ECE: 41.857	NLL: 30.052	Brier: 107.737
2024-12-27 17:05:58,639 INFO ####### --- Training Epoch 15 --- #######
2024-12-27 17:06:26,634 INFO Epoch 15 	 Batch 99	LR : 0.00100	Tot. Loss: 0.50
2024-12-27 17:06:54,174 INFO Epoch 15 	 Batch 199	LR : 0.00100	Tot. Loss: 0.50
2024-12-27 17:07:21,616 INFO Epoch 15 	 Batch 299	LR : 0.00100	Tot. Loss: 0.50
2024-12-27 17:07:39,373 INFO ################## 
 ---> Validation Epoch 15	Acc.: 20.340	FPR: 89.129	AUROC: 62.648	AUPR: 85.348	AURC: 710.413	EAURC: 237.744	AUPR Succ.: 32.920	ECE: 47.538	NLL: 37.578	Brier: 116.352
2024-12-27 17:07:39,374 INFO ####### --- Training Epoch 16 --- #######
2024-12-27 17:08:04,671 INFO Epoch 16 	 Batch 99	LR : 0.00100	Tot. Loss: 0.49
2024-12-27 17:08:29,088 INFO Epoch 16 	 Batch 199	LR : 0.00100	Tot. Loss: 0.49
2024-12-27 17:08:56,658 INFO Epoch 16 	 Batch 299	LR : 0.00100	Tot. Loss: 0.49
2024-12-27 17:09:14,407 INFO ################## 
 ---> Validation Epoch 16	Acc.: 17.940	FPR: 92.152	AUROC: 65.119	AUPR: 87.448	AURC: 717.885	EAURC: 205.519	AUPR Succ.: 35.400	ECE: 49.338	NLL: 41.334	Brier: 119.833
2024-12-27 17:09:14,408 INFO ####### --- Training Epoch 17 --- #######
2024-12-27 17:09:42,361 INFO Epoch 17 	 Batch 99	LR : 0.00100	Tot. Loss: 0.49
2024-12-27 17:10:09,858 INFO Epoch 17 	 Batch 199	LR : 0.00100	Tot. Loss: 0.49
2024-12-27 17:10:37,596 INFO Epoch 17 	 Batch 299	LR : 0.00100	Tot. Loss: 0.49
2024-12-27 17:10:55,245 INFO ################## 
 ---> Validation Epoch 17	Acc.: 19.200	FPR: 92.871	AUROC: 63.655	AUPR: 85.967	AURC: 707.600	EAURC: 216.450	AUPR Succ.: 35.745	ECE: 48.955	NLL: 39.162	Brier: 118.072
2024-12-27 17:10:55,247 INFO ####### --- Training Epoch 18 --- #######
2024-12-27 17:11:23,041 INFO Epoch 18 	 Batch 99	LR : 0.00100	Tot. Loss: 0.49
2024-12-27 17:11:50,737 INFO Epoch 18 	 Batch 199	LR : 0.00100	Tot. Loss: 0.49
2024-12-27 17:12:18,362 INFO Epoch 18 	 Batch 299	LR : 0.00100	Tot. Loss: 0.49
2024-12-27 17:12:35,877 INFO ################## 
 ---> Validation Epoch 18	Acc.: 17.420	FPR: 88.399	AUROC: 65.916	AUPR: 88.476	AURC: 722.568	EAURC: 201.192	AUPR Succ.: 34.977	ECE: 50.136	NLL: 44.947	Brier: 120.375
2024-12-27 17:12:35,879 INFO ####### --- Training Epoch 19 --- #######
2024-12-27 17:13:03,938 INFO Epoch 19 	 Batch 99	LR : 0.00100	Tot. Loss: 0.49
2024-12-27 17:13:31,352 INFO Epoch 19 	 Batch 199	LR : 0.00100	Tot. Loss: 0.49
2024-12-27 17:13:59,036 INFO Epoch 19 	 Batch 299	LR : 0.00100	Tot. Loss: 0.49
2024-12-27 17:14:16,942 INFO ################## 
 ---> Validation Epoch 19	Acc.: 15.600	FPR: 92.701	AUROC: 66.128	AUPR: 89.494	AURC: 746.054	EAURC: 191.886	AUPR Succ.: 32.821	ECE: 56.333	NLL: 48.308	Brier: 129.038
2024-12-27 17:14:16,943 INFO ####### --- Training Epoch 20 --- #######
2024-12-27 17:14:44,970 INFO Epoch 20 	 Batch 99	LR : 0.00099	Tot. Loss: 0.48
2024-12-27 17:15:12,557 INFO Epoch 20 	 Batch 199	LR : 0.00099	Tot. Loss: 0.48
2024-12-27 17:15:40,010 INFO Epoch 20 	 Batch 299	LR : 0.00099	Tot. Loss: 0.48
2024-12-27 17:15:57,782 INFO ################## 
 ---> Validation Epoch 20	Acc.: 16.600	FPR: 89.305	AUROC: 65.475	AUPR: 89.008	AURC: 740.037	EAURC: 204.134	AUPR Succ.: 31.896	ECE: 52.939	NLL: 46.822	Brier: 124.215
2024-12-27 17:15:57,783 INFO ####### --- Training Epoch 21 --- #######
2024-12-27 17:16:25,548 INFO Epoch 21 	 Batch 99	LR : 0.00099	Tot. Loss: 0.48
2024-12-27 17:16:53,207 INFO Epoch 21 	 Batch 199	LR : 0.00099	Tot. Loss: 0.48
2024-12-27 17:17:20,769 INFO Epoch 21 	 Batch 299	LR : 0.00099	Tot. Loss: 0.48
2024-12-27 17:17:37,732 INFO ################## 
 ---> Validation Epoch 21	Acc.: 14.680	FPR: 88.936	AUROC: 64.004	AUPR: 89.856	AURC: 769.539	EAURC: 198.002	AUPR Succ.: 29.505	ECE: 56.492	NLL: 56.340	Brier: 129.604
2024-12-27 17:17:37,735 INFO ####### --- Training Epoch 22 --- #######
2024-12-27 17:18:02,091 INFO Epoch 22 	 Batch 99	LR : 0.00099	Tot. Loss: 0.48
2024-12-27 17:18:29,612 INFO Epoch 22 	 Batch 199	LR : 0.00099	Tot. Loss: 0.48
2024-12-27 17:18:57,061 INFO Epoch 22 	 Batch 299	LR : 0.00099	Tot. Loss: 0.48
2024-12-27 17:19:14,814 INFO ################## 
 ---> Validation Epoch 22	Acc.: 15.020	FPR: 89.315	AUROC: 65.625	AUPR: 90.201	AURC: 757.791	EAURC: 192.738	AUPR Succ.: 31.493	ECE: 57.144	NLL: 52.533	Brier: 129.782
2024-12-27 17:19:14,815 INFO ####### --- Training Epoch 23 --- #######
2024-12-27 17:19:42,797 INFO Epoch 23 	 Batch 99	LR : 0.00099	Tot. Loss: 0.48
2024-12-27 17:20:10,268 INFO Epoch 23 	 Batch 199	LR : 0.00099	Tot. Loss: 0.48
2024-12-27 17:20:38,231 INFO Epoch 23 	 Batch 299	LR : 0.00099	Tot. Loss: 0.48
2024-12-27 17:20:56,128 INFO ################## 
 ---> Validation Epoch 23	Acc.: 15.100	FPR: 87.185	AUROC: 64.784	AUPR: 90.214	AURC: 763.213	EAURC: 199.675	AUPR Succ.: 29.965	ECE: 57.915	NLL: 55.663	Brier: 132.047
2024-12-27 17:20:56,130 INFO ####### --- Training Epoch 24 --- #######
2024-12-27 17:21:24,045 INFO Epoch 24 	 Batch 99	LR : 0.00099	Tot. Loss: 0.48
2024-12-27 17:21:51,527 INFO Epoch 24 	 Batch 199	LR : 0.00099	Tot. Loss: 0.48
2024-12-27 17:22:19,377 INFO Epoch 24 	 Batch 299	LR : 0.00099	Tot. Loss: 0.47
2024-12-27 17:22:37,230 INFO ################## 
 ---> Validation Epoch 24	Acc.: 16.980	FPR: 88.605	AUROC: 65.586	AUPR: 89.107	AURC: 733.455	EAURC: 204.333	AUPR Succ.: 33.186	ECE: 52.668	NLL: 52.078	Brier: 123.705
2024-12-27 17:22:37,231 INFO ####### --- Training Epoch 25 --- #######
2024-12-27 17:23:03,042 INFO Epoch 25 	 Batch 99	LR : 0.00099	Tot. Loss: 0.47
2024-12-27 17:23:30,654 INFO Epoch 25 	 Batch 199	LR : 0.00099	Tot. Loss: 0.47
2024-12-27 17:23:58,098 INFO Epoch 25 	 Batch 299	LR : 0.00099	Tot. Loss: 0.47
2024-12-27 17:24:15,814 INFO ################## 
 ---> Validation Epoch 25	Acc.: 15.400	FPR: 84.043	AUROC: 66.732	AUPR: 91.039	AURC: 753.325	EAURC: 195.428	AUPR Succ.: 31.260	ECE: 55.574	NLL: 55.048	Brier: 127.838
2024-12-27 17:24:15,816 INFO ####### --- Training Epoch 26 --- #######
2024-12-27 17:24:43,548 INFO Epoch 26 	 Batch 99	LR : 0.00099	Tot. Loss: 0.47
2024-12-27 17:25:11,111 INFO Epoch 26 	 Batch 199	LR : 0.00099	Tot. Loss: 0.47
2024-12-27 17:25:38,673 INFO Epoch 26 	 Batch 299	LR : 0.00099	Tot. Loss: 0.47
2024-12-27 17:25:56,306 INFO ################## 
 ---> Validation Epoch 26	Acc.: 16.200	FPR: 89.714	AUROC: 64.764	AUPR: 88.871	AURC: 746.780	EAURC: 203.645	AUPR Succ.: 31.827	ECE: 55.790	NLL: 53.655	Brier: 128.377
2024-12-27 17:25:56,307 INFO ####### --- Training Epoch 27 --- #######
2024-12-27 17:26:24,211 INFO Epoch 27 	 Batch 99	LR : 0.00099	Tot. Loss: 0.47
2024-12-27 17:26:51,802 INFO Epoch 27 	 Batch 199	LR : 0.00099	Tot. Loss: 0.47
2024-12-27 17:27:16,977 INFO Epoch 27 	 Batch 299	LR : 0.00099	Tot. Loss: 0.47
2024-12-27 17:27:31,411 INFO ################## 
 ---> Validation Epoch 27	Acc.: 17.020	FPR: 89.250	AUROC: 63.845	AUPR: 87.876	AURC: 735.877	EAURC: 207.464	AUPR Succ.: 33.276	ECE: 54.834	NLL: 54.080	Brier: 126.751
2024-12-27 17:27:31,413 INFO ####### --- Training Epoch 28 --- #######
2024-12-27 17:27:59,325 INFO Epoch 28 	 Batch 99	LR : 0.00099	Tot. Loss: 0.47
2024-12-27 17:28:26,866 INFO Epoch 28 	 Batch 199	LR : 0.00099	Tot. Loss: 0.47
2024-12-27 17:28:54,313 INFO Epoch 28 	 Batch 299	LR : 0.00099	Tot. Loss: 0.47
2024-12-27 17:29:12,250 INFO ################## 
 ---> Validation Epoch 28	Acc.: 18.860	FPR: 90.140	AUROC: 61.895	AUPR: 85.954	AURC: 722.519	EAURC: 225.728	AUPR Succ.: 33.668	ECE: 50.560	NLL: 50.192	Brier: 121.225
2024-12-27 17:29:12,252 INFO ####### --- Training Epoch 29 --- #######
2024-12-27 17:29:40,139 INFO Epoch 29 	 Batch 99	LR : 0.00099	Tot. Loss: 0.47
2024-12-27 17:30:07,685 INFO Epoch 29 	 Batch 199	LR : 0.00099	Tot. Loss: 0.47
2024-12-27 17:30:35,218 INFO Epoch 29 	 Batch 299	LR : 0.00099	Tot. Loss: 0.47
2024-12-27 17:30:53,130 INFO ################## 
 ---> Validation Epoch 29	Acc.: 19.660	FPR: 88.598	AUROC: 62.895	AUPR: 86.187	AURC: 708.074	EAURC: 224.460	AUPR Succ.: 35.359	ECE: 50.494	NLL: 50.567	Brier: 120.569
2024-12-27 17:30:53,132 INFO ####### --- Training Epoch 30 --- #######
2024-12-27 17:31:21,019 INFO Epoch 30 	 Batch 99	LR : 0.00098	Tot. Loss: 0.47
2024-12-27 17:31:48,550 INFO Epoch 30 	 Batch 199	LR : 0.00098	Tot. Loss: 0.47
2024-12-27 17:32:16,132 INFO Epoch 30 	 Batch 299	LR : 0.00098	Tot. Loss: 0.47
2024-12-27 17:32:34,117 INFO ################## 
 ---> Validation Epoch 30	Acc.: 19.240	FPR: 88.732	AUROC: 61.796	AUPR: 85.871	AURC: 719.672	EAURC: 229.181	AUPR Succ.: 33.810	ECE: 50.484	NLL: 53.862	Brier: 121.018
2024-12-27 17:32:34,119 INFO ####### --- Training Epoch 31 --- #######
2024-12-27 17:33:01,816 INFO Epoch 31 	 Batch 99	LR : 0.00098	Tot. Loss: 0.47
2024-12-27 17:33:29,052 INFO Epoch 31 	 Batch 199	LR : 0.00098	Tot. Loss: 0.47
2024-12-27 17:33:56,432 INFO Epoch 31 	 Batch 299	LR : 0.00098	Tot. Loss: 0.46
2024-12-27 17:34:13,980 INFO ################## 
 ---> Validation Epoch 31	Acc.: 20.060	FPR: 90.518	AUROC: 59.370	AUPR: 84.098	AURC: 719.954	EAURC: 242.807	AUPR Succ.: 33.100	ECE: 51.523	NLL: 56.483	Brier: 122.465
2024-12-27 17:34:13,981 INFO ####### --- Training Epoch 32 --- #######
2024-12-27 17:34:41,498 INFO Epoch 32 	 Batch 99	LR : 0.00098	Tot. Loss: 0.46
2024-12-27 17:35:08,913 INFO Epoch 32 	 Batch 199	LR : 0.00098	Tot. Loss: 0.47
2024-12-27 17:35:36,360 INFO Epoch 32 	 Batch 299	LR : 0.00098	Tot. Loss: 0.46
2024-12-27 17:35:53,962 INFO ################## 
 ---> Validation Epoch 32	Acc.: 19.040	FPR: 94.170	AUROC: 59.394	AUPR: 84.161	AURC: 732.463	EAURC: 238.666	AUPR Succ.: 31.707	ECE: 55.128	NLL: 58.989	Brier: 126.303
2024-12-27 17:35:53,963 INFO ####### --- Training Epoch 33 --- #######
2024-12-27 17:36:21,608 INFO Epoch 33 	 Batch 99	LR : 0.00098	Tot. Loss: 0.47
2024-12-27 17:36:47,765 INFO Epoch 33 	 Batch 199	LR : 0.00098	Tot. Loss: 0.46
2024-12-27 17:37:12,512 INFO Epoch 33 	 Batch 299	LR : 0.00098	Tot. Loss: 0.46
2024-12-27 18:21:34,226 INFO {
    "attn_type": "kep_svgp",
    "backbone": "mlp_mixer",
    "batch_size": 128,
    "beta1": 0.9,
    "beta2": 0.999,
    "concate": true,
    "corruption_dir": "./data",
    "dataset": "cifar10",
    "depth": 7,
    "eta_kl": 1.0,
    "eta_ksvd": 10.0,
    "gpu": "0",
    "hdim": 384,
    "ksvd_layers": 7,
    "low_rank": 10,
    "lr": 0.001,
    "min_lr": 1e-05,
    "model": "diffusion",
    "nb_cls": 10,
    "nb_epochs": 300,
    "nb_run": 1,
    "nb_worker": 4,
    "num_heads": 12,
    "pretrained_dir": "../experiments/CIFAR10_out/vit_out_cat",
    "rank_multi": 10,
    "save_dir": "../experiments/CIFAR10_out/diffusion",
    "seed": 0,
    "stage": 1,
    "subcommand": "Cifar10",
    "test_dir": "../data/CIFAR10/test",
    "train_dir": "../data/CIFAR10/train",
    "val_dir": "../data/CIFAR10/val",
    "wandb_key": "6cf7b84d1bd52c9eb1e5eade43f583a8059231f2",
    "warmup_epoch": 5,
    "weight_decay": 5e-05
}
2024-12-27 18:21:34,381 INFO ####################################################################################################
1 / 1 Running
2024-12-27 18:21:34,386 INFO Using diffusion ...
2024-12-27 18:21:40,530 INFO Using q_distribution ...
2024-12-27 18:21:40,940 INFO ####### --- Training Epoch 0 --- #######
2024-12-27 18:22:08,588 INFO Epoch 0 	 Batch 99	LR : 0.00000	Tot. Loss: 4.98
2024-12-27 18:22:35,824 INFO Epoch 0 	 Batch 199	LR : 0.00000	Tot. Loss: 4.98
2024-12-27 18:23:03,032 INFO Epoch 0 	 Batch 299	LR : 0.00000	Tot. Loss: 4.98
2024-12-27 18:23:20,692 INFO ################## 
 ---> Validation Epoch 0	Acc.: 10.000	FPR: 82.089	AUROC: 71.277	AUPR: 95.198	AURC: 822.185	EAURC: 152.444	AUPR Succ.: 24.282	ECE: 87.904	NLL: 131.127	Brier: 175.788
2024-12-27 18:23:20,693 INFO Accuracy improved from 0.00 to 10.00!!!
2024-12-27 18:23:20,698 INFO AUROC improved from 0.00 to 71.28!!!
2024-12-27 18:23:20,701 INFO AURC decreased from 1000000.00 to 822.19!!!
2024-12-27 18:23:20,706 INFO ####### --- Training Epoch 1 --- #######
2024-12-27 18:23:48,218 INFO Epoch 1 	 Batch 99	LR : 0.00020	Tot. Loss: 1.59
2024-12-27 18:24:15,623 INFO Epoch 1 	 Batch 199	LR : 0.00020	Tot. Loss: 1.12
2024-12-27 18:24:42,822 INFO Epoch 1 	 Batch 299	LR : 0.00020	Tot. Loss: 1.03
2024-12-29 12:53:53,577 INFO {
    "attn_type": "kep_svgp",
    "backbone": "mlp_mixer",
    "batch_size": 128,
    "beta1": 0.9,
    "beta2": 0.999,
    "concate": true,
    "corruption_dir": "./data",
    "dataset": "cifar10",
    "depth": 7,
    "eta_kl": 1.0,
    "eta_ksvd": 10.0,
    "gpu": "1",
    "hdim": 384,
    "ksvd_layers": 7,
    "low_rank": 10,
    "lr": 0.001,
    "min_lr": 1e-05,
    "model": "diffusion",
    "nb_cls": 10,
    "nb_epochs": 300,
    "nb_run": 1,
    "nb_worker": 4,
    "num_heads": 12,
    "pretrained_dir": "../experiments/CIFAR10_out/vit_out_cat",
    "rank_multi": 10,
    "save_dir": "../experiments/CIFAR10_out/diffusion",
    "seed": 0,
    "stage": 1,
    "subcommand": "Cifar10",
    "test_dir": "../data/CIFAR10/test",
    "train_dir": "../data/CIFAR10/train",
    "val_dir": "../data/CIFAR10/val",
    "wandb_key": "6cf7b84d1bd52c9eb1e5eade43f583a8059231f2",
    "warmup_epoch": 5,
    "weight_decay": 5e-05
}
2024-12-29 12:53:53,820 INFO ####################################################################################################
1 / 1 Running
2024-12-29 12:53:53,846 INFO Using diffusion ...
2024-12-29 12:53:59,462 INFO Using q_distribution ...
2024-12-29 12:53:59,928 INFO ####### --- Training Epoch 0 --- #######
2024-12-29 13:16:56,857 INFO {
    "attn_type": "kep_svgp",
    "backbone": "mlp_mixer",
    "batch_size": 128,
    "beta1": 0.9,
    "beta2": 0.999,
    "concate": true,
    "corruption_dir": "./data",
    "dataset": "cifar10",
    "depth": 7,
    "eta_kl": 1.0,
    "eta_ksvd": 10.0,
    "gpu": "1",
    "hdim": 384,
    "ksvd_layers": 7,
    "low_rank": 10,
    "lr": 0.001,
    "min_lr": 1e-05,
    "model": "diffusion",
    "nb_cls": 10,
    "nb_epochs": 300,
    "nb_run": 1,
    "nb_worker": 4,
    "num_heads": 12,
    "pretrained_dir": "../experiments/CIFAR10_out/vit_out_cat",
    "rank_multi": 10,
    "save_dir": "../experiments/CIFAR10_out/diffusion",
    "seed": 0,
    "stage": 1,
    "subcommand": "Cifar10",
    "test_dir": "../data/CIFAR10/test",
    "train_dir": "../data/CIFAR10/train",
    "val_dir": "../data/CIFAR10/val",
    "wandb_key": "6cf7b84d1bd52c9eb1e5eade43f583a8059231f2",
    "warmup_epoch": 5,
    "weight_decay": 5e-05
}
2024-12-29 13:16:57,027 INFO ####################################################################################################
1 / 1 Running
2024-12-29 13:16:57,032 INFO Using diffusion ...
2024-12-29 13:17:02,214 INFO Using q_distribution ...
2024-12-29 13:17:02,575 INFO ####### --- Training Epoch 0 --- #######
2024-12-29 13:18:59,405 INFO {
    "attn_type": "kep_svgp",
    "backbone": "mlp_mixer",
    "batch_size": 128,
    "beta1": 0.9,
    "beta2": 0.999,
    "concate": true,
    "corruption_dir": "./data",
    "dataset": "cifar10",
    "depth": 7,
    "eta_kl": 1.0,
    "eta_ksvd": 10.0,
    "gpu": "1",
    "hdim": 384,
    "ksvd_layers": 7,
    "low_rank": 10,
    "lr": 0.001,
    "min_lr": 1e-05,
    "model": "diffusion",
    "nb_cls": 10,
    "nb_epochs": 300,
    "nb_run": 1,
    "nb_worker": 4,
    "num_heads": 12,
    "pretrained_dir": "../experiments/CIFAR10_out/vit_out_cat",
    "rank_multi": 10,
    "save_dir": "../experiments/CIFAR10_out/diffusion",
    "seed": 0,
    "subcommand": "Cifar10",
    "test_dir": "../data/CIFAR10/test",
    "train_dir": "../data/CIFAR10/train",
    "val_dir": "../data/CIFAR10/val",
    "wandb_key": "6cf7b84d1bd52c9eb1e5eade43f583a8059231f2",
    "warmup_epoch": 5,
    "weight_decay": 5e-05
}
2024-12-29 13:18:59,644 INFO ####################################################################################################
1 / 1 Running
2024-12-29 13:18:59,649 INFO Using diffusion ...
2024-12-29 13:19:04,707 INFO Using q_distribution ...
2024-12-29 13:19:05,096 INFO ####### --- Training Epoch 0 --- #######
